{"display":{"thirdperson_righthand":{"rotation":[67.5,0,0],"translation":[0,2.5,0],"scale":[0.3,0.3,0.3]},"thirdperson_lefthand":{"rotation":[67.5,0,0],"translation":[0,2.5,0],"scale":[0.3,0.3,0.3]},"firstperson_righthand":{"scale":[0.3,0.3,0.3]},"firstperson_lefthand":{"scale":[0.3,0.3,0.3]},"ground":{"translation":[0,4,0],"scale":[0.25,0.25,0.25]},"gui":{"scale":[0.45,0.45,0.45]},"head":{"translation":[0,-10,14.5]},"fixed":{"rotation":[0,-180,0],"translation":[0,0,-3],"scale":[0.5,0.5,0.5]}},"texture_size":[32,32],"textures":{"0":"wing/bat_wing_1","1":"wing/bat_wing_2"},"elements":[{"from":[8.25,0,0],"to":[8.25,16,9],"rotation":{"angle":22.5,"axis":"y","origin":[8,0,0]},"faces":{"north":{"uv":[0,0,0,8],"texture":"#0"},"east":{"uv":[7,0,16,16],"texture":"#0"},"south":{"uv":[0,0,0,8],"texture":"#0"},"west":{"uv":[16,0,7,16],"texture":"#0"},"up":{"uv":[0,0,0,8],"texture":"#0"},"down":{"uv":[0,0,0,8],"texture":"#0"}}},{"from":[11.78826,0,8.21196],"to":[11.78826,16,15.21196],"rotation":{"angle":45,"axis":"y","origin":[11.75,0,8.5]},"faces":{"north":{"uv":[0,0,0,8],"texture":"#0"},"east":{"uv":[0,0,7,16],"texture":"#0"},"south":{"uv":[0,0,0,8],"texture":"#0"},"west":{"uv":[7,0,0,16],"texture":"#0"},"up":{"uv":[0,0,0,8],"texture":"#0"},"down":{"uv":[0,0,0,8],"texture":"#0"}}},{"from":[4.30741,0,-0.80707],"to":[4.30741,16,8.19293],"rotation":{"angle":-22.5,"axis":"y","origin":[4.25,0,8.25]},"faces":{"north":{"uv":[0,0,0,8],"texture":"#0"},"east":{"uv":[7,0,16,16],"texture":"#0"},"south":{"uv":[0,0,0,8],"texture":"#0"},"west":{"uv":[16,0,7,16],"texture":"#0"},"up":{"uv":[0,0,0,8],"texture":"#0"},"down":{"uv":[0,0,0,8],"texture":"#0"}}},{"from":[4.30741,0,8.19293],"to":[4.30741,16,15.19293],"rotation":{"angle":-45,"axis":"y","origin":[4.25,0,8.25]},"faces":{"north":{"uv":[0,0,0,8],"texture":"#0"},"east":{"uv":[0,0,7,16],"texture":"#0"},"south":{"uv":[0,0,0,8],"texture":"#0"},"west":{"uv":[7,0,0,16],"texture":"#0"},"up":{"uv":[0,0,0,8],"texture":"#0"},"down":{"uv":[0,0,0,8],"texture":"#0"}}},{"from":[-3.28963,0,-0.19279],"to":[5.71037,16,-0.19279],"rotation":{"angle":22.5,"axis":"y","origin":[5.75,0,0]},"faces":{"north":{"uv":[16,0,7,16],"texture":"#1"},"east":{"uv":[0,0,0,8],"texture":"#1"},"south":{"uv":[7,0,16,16],"texture":"#1"},"west":{"uv":[0,0,0,8],"texture":"#1"},"up":{"uv":[0,0,0,8],"rotation":90,"texture":"#1"},"down":{"uv":[0,0,0,8],"rotation":270,"texture":"#1"}}},{"from":[-9.65,0,3.30741],"to":[-2.65,16,3.30741],"rotation":{"angle":0,"axis":"y","origin":[5.75,0,0]},"faces":{"north":{"uv":[7,0,0,16],"texture":"#1"},"east":{"uv":[0,0,0,8],"texture":"#1"},"south":{"uv":[0,0,7,16],"texture":"#1"},"west":{"uv":[0,0,0,8],"texture":"#1"},"up":{"uv":[0,0,0,8],"rotation":90,"texture":"#1"},"down":{"uv":[0,0,0,8],"rotation":270,"texture":"#1"}}},{"from":[18.35,0,3.25],"to":[25.35,16,3.25],"rotation":{"angle":0,"axis":"y","origin":[9.75,0,0]},"faces":{"north":{"uv":[0,0,7,16],"texture":"#1"},"east":{"uv":[0,0,0,8],"texture":"#1"},"south":{"uv":[7,0,0,16],"texture":"#1"},"west":{"uv":[0,0,0,8],"texture":"#1"},"up":{"uv":[0,0,0,8],"rotation":90,"texture":"#1"},"down":{"uv":[0,0,0,8],"rotation":270,"texture":"#1"}}},{"from":[10,0,-0.25],"to":[19,16,-0.25],"rotation":{"angle":-22.5,"axis":"y","origin":[10,0,0]},"faces":{"north":{"uv":[7,0,16,16],"texture":"#1"},"east":{"uv":[0,0,0,8],"texture":"#1"},"south":{"uv":[16,0,7,16],"texture":"#1"},"west":{"uv":[0,0,0,8],"texture":"#1"},"up":{"uv":[0,0,0,8],"rotation":270,"texture":"#1"},"down":{"uv":[0,0,0,8],"rotation":90,"texture":"#1"}}}],"gui_light":"front"}