{"display":{"thirdperson_righthand":{"rotation":[67.5,0,0],"translation":[0,2.5,0],"scale":[0.3,0.3,0.3]},"thirdperson_lefthand":{"rotation":[67.5,0,0],"translation":[0,2.5,0],"scale":[0.3,0.3,0.3]},"firstperson_righthand":{"scale":[0.3,0.3,0.3]},"firstperson_lefthand":{"scale":[0.3,0.3,0.3]},"ground":{"translation":[0,4,0],"scale":[0.15,0.15,0.15]},"gui":{"translation":[0,-0.75,0],"scale":[0.35,0.35,0.35]},"head":{"translation":[0,-16,14.75]},"fixed":{"rotation":[0,-180,0],"translation":[0,-1,-1.5],"scale":[0.25,0.25,0.25]}},"texture_size":[48,48],"textures":{"0":"wing/butterfly_wing_1","1":"wing/butterfly_wing_2"},"elements":[{"from":[8.25,12,-0.25],"to":[8.25,30,22.75],"rotation":{"angle":22.5,"axis":"y","origin":[8,5,0]},"faces":{"north":{"uv":[0,0,0,8],"texture":"#0"},"east":{"uv":[0,0,7.66667,6],"texture":"#0"},"south":{"uv":[0,0,0,8],"texture":"#0"},"west":{"uv":[7.66667,0,0,6],"texture":"#0"},"up":{"uv":[0,0,0,8],"texture":"#0"},"down":{"uv":[0,0,0,8],"texture":"#0"}}},{"from":[8,-11,-0.25],"to":[8,16,14.75],"rotation":{"angle":22.5,"axis":"y","origin":[8,5,0]},"faces":{"north":{"uv":[0,0,0,8],"texture":"#0"},"east":{"uv":[2.66667,6,7.66667,15],"texture":"#0"},"south":{"uv":[0,0,0,8],"texture":"#0"},"west":{"uv":[7.66667,6,2.66667,15],"texture":"#0"},"up":{"uv":[0,0,0,8],"texture":"#0"},"down":{"uv":[0,0,0,8],"texture":"#0"}}},{"from":[7.75,12,-0.25],"to":[7.75,30,22.75],"rotation":{"angle":-22.5,"axis":"y","origin":[8,5,0]},"faces":{"north":{"uv":[0,0,0,8],"texture":"#0"},"east":{"uv":[0,0,7.66667,6],"texture":"#0"},"south":{"uv":[0,0,0,8],"texture":"#0"},"west":{"uv":[7.66667,0,0,6],"texture":"#0"},"up":{"uv":[0,0,0,8],"texture":"#0"},"down":{"uv":[0,0,0,8],"texture":"#0"}}},{"from":[8,-11,-0.25],"to":[8,16,14.75],"rotation":{"angle":-22.5,"axis":"y","origin":[8,5,0]},"faces":{"north":{"uv":[0,0,0,8],"texture":"#0"},"east":{"uv":[2.66667,6,7.66667,15],"texture":"#0"},"south":{"uv":[0,0,0,8],"texture":"#0"},"west":{"uv":[7.66667,6,2.66667,15],"texture":"#0"},"up":{"uv":[0,0,0,8],"texture":"#0"},"down":{"uv":[0,0,0,8],"texture":"#0"}}},{"from":[8.25,-13,0],"to":[23.25,14,0],"rotation":{"angle":22.5,"axis":"z","origin":[8,13,0]},"faces":{"north":{"uv":[2.66667,6,7.66667,15],"texture":"#1"},"east":{"uv":[0,0,0,8],"texture":"#1"},"south":{"uv":[7.66667,6,2.66667,15],"texture":"#1"},"west":{"uv":[0,0,0,8],"texture":"#1"},"up":{"uv":[0,0,0,8],"rotation":270,"texture":"#1"},"down":{"uv":[0,0,0,8],"rotation":90,"texture":"#1"}}},{"from":[-7.25,-13,0],"to":[7.75,14,0],"rotation":{"angle":-22.5,"axis":"z","origin":[8,13,0]},"faces":{"north":{"uv":[7.66667,6,2.66667,15],"texture":"#1"},"east":{"uv":[0,0,0,8],"texture":"#1"},"south":{"uv":[2.66667,6,7.66667,15],"texture":"#1"},"west":{"uv":[0,0,0,8],"texture":"#1"},"up":{"uv":[0,0,0,8],"rotation":90,"texture":"#1"},"down":{"uv":[0,0,0,8],"rotation":270,"texture":"#1"}}},{"from":[7.75,12,-0.5],"to":[30.75,30,-0.5],"rotation":{"angle":-22.5,"axis":"y","origin":[8,5,0]},"faces":{"north":{"uv":[0,0,7.66667,6],"texture":"#1"},"east":{"uv":[0,0,0,8],"texture":"#1"},"south":{"uv":[7.66667,0,0,6],"texture":"#1"},"west":{"uv":[0,0,0,8],"texture":"#1"},"up":{"uv":[0,0,0,8],"rotation":270,"texture":"#1"},"down":{"uv":[0,0,0,8],"rotation":90,"texture":"#1"}}},{"from":[-14.75,12,-0.5],"to":[8.25,30,-0.5],"rotation":{"angle":22.5,"axis":"y","origin":[8,5,0]},"faces":{"north":{"uv":[7.66667,0,0,6],"texture":"#1"},"east":{"uv":[0,0,0,8],"texture":"#1"},"south":{"uv":[0,0,7.66667,6],"texture":"#1"},"west":{"uv":[0,0,0,8],"texture":"#1"},"up":{"uv":[0,0,0,8],"rotation":90,"texture":"#1"},"down":{"uv":[0,0,0,8],"rotation":270,"texture":"#1"}}}],"gui_light":"front"}