{"display":{"thirdperson_righthand":{"rotation":[75,0,0],"translation":[0,2.5,0],"scale":[0.3,0.3,0.3]},"thirdperson_lefthand":{"rotation":[75,0,0],"translation":[0,2.5,0],"scale":[0.3,0.3,0.3]},"firstperson_righthand":{"scale":[0.3,0.3,0.3]},"firstperson_lefthand":{"scale":[0.3,0.3,0.3]},"ground":{"translation":[0,4,0],"scale":[0.25,0.25,0.25]},"gui":{"scale":[0.85,0.85,0.85]},"head":{"translation":[0,-6,23],"scale":[2,2,2]},"fixed":{"rotation":[0,-180,0],"translation":[0,0,-3],"scale":[0.5,0.5,0.5]}},"texture_size":[32,32],"textures":{"0":"wing/icy_wing_1","1":"wing/icy_wing_2"},"elements":[{"from":[8.25,0,-0.25],"to":[8.25,16,15.75],"rotation":{"angle":22.5,"axis":"y","origin":[8,0,0]},"faces":{"north":{"uv":[0,0,0,8],"texture":"#0"},"east":{"uv":[0,0,16,16],"texture":"#0"},"south":{"uv":[0,0,0,8],"texture":"#0"},"west":{"uv":[16,0,0,16],"texture":"#0"},"up":{"uv":[0,0,0,8],"texture":"#0"},"down":{"uv":[0,0,0,8],"texture":"#0"}}},{"from":[7.75,0,-0.25],"to":[7.75,16,15.75],"rotation":{"angle":-22.5,"axis":"y","origin":[8,0,0]},"faces":{"north":{"uv":[0,0,0,8],"texture":"#0"},"east":{"uv":[0,0,16,16],"texture":"#0"},"south":{"uv":[0,0,0,8],"texture":"#0"},"west":{"uv":[16,0,0,16],"texture":"#0"},"up":{"uv":[0,0,0,8],"texture":"#0"},"down":{"uv":[0,0,0,8],"texture":"#0"}}},{"from":[-8,0,-0.5],"to":[8,16,-0.5],"rotation":{"angle":22.5,"axis":"y","origin":[8,0,0]},"faces":{"north":{"uv":[16,0,0,16],"texture":"#1"},"east":{"uv":[0,0,0,8],"texture":"#1"},"south":{"uv":[0,0,16,16],"texture":"#1"},"west":{"uv":[0,0,0,8],"texture":"#1"},"up":{"uv":[0,0,0,8],"rotation":90,"texture":"#1"},"down":{"uv":[0,0,0,8],"rotation":270,"texture":"#1"}}},{"from":[8,0,-0.5],"to":[24,16,-0.5],"rotation":{"angle":-22.5,"axis":"y","origin":[8,0,0]},"faces":{"north":{"uv":[0,0,16,16],"texture":"#1"},"east":{"uv":[0,0,0,8],"texture":"#1"},"south":{"uv":[16,0,0,16],"texture":"#1"},"west":{"uv":[0,0,0,8],"texture":"#1"},"up":{"uv":[0,0,0,8],"rotation":270,"texture":"#1"},"down":{"uv":[0,0,0,8],"rotation":90,"texture":"#1"}}}],"gui_light":"front"}