{"display":{"thirdperson_righthand":{"rotation":[65.5,0,0],"translation":[0,2.5,0],"scale":[0.3,0.3,0.3]},"thirdperson_lefthand":{"rotation":[65.5,0,0],"translation":[0,2.5,0],"scale":[0.3,0.3,0.3]},"firstperson_righthand":{"scale":[0.3,0.3,0.3]},"firstperson_lefthand":{"scale":[0.3,0.3,0.3]},"ground":{"translation":[0,3,0],"scale":[0.25,0.25,0.25]},"gui":{"translation":[0,-1,0],"scale":[0.7,0.7,0.7]},"head":{"translation":[0,-10,20],"scale":[1.5,1.5,1.5]},"fixed":{"rotation":[0,-180,0],"translation":[0,-2,-7.5]}},"texture_size":[64,64],"textures":{"0":"wing/mecha_wing_1","1":"wing/mecha_wing_2"},"elements":[{"from":[8.25,1.75,-3],"to":[8.25,17.75,13],"rotation":{"angle":22.5,"axis":"y","origin":[8,2.25,-3]},"faces":{"north":{"uv":[0,0,0,4],"texture":"#0"},"east":{"uv":[16,0,0,16],"texture":"#0"},"south":{"uv":[0,0,0,4],"texture":"#0"},"west":{"uv":[0,0,16,16],"texture":"#0"},"up":{"uv":[0,0,0,4],"texture":"#0"},"down":{"uv":[0,0,0,4],"texture":"#0"}}},{"from":[7.75,1.75,-3],"to":[7.75,17.75,13],"rotation":{"angle":-22.5,"axis":"y","origin":[8,2.25,-3]},"faces":{"north":{"uv":[0,0,0,4],"texture":"#0"},"east":{"uv":[16,0,0,16],"texture":"#0"},"south":{"uv":[0,0,0,4],"texture":"#0"},"west":{"uv":[0,0,16,16],"texture":"#0"},"up":{"uv":[0,0,0,4],"texture":"#0"},"down":{"uv":[0,0,0,4],"texture":"#0"}}},{"from":[-8,-6.5,-0.5],"to":[8,9.5,-0.5],"rotation":{"angle":-45,"axis":"z","origin":[8,0,0]},"faces":{"north":{"uv":[0,0,16,16],"rotation":90,"texture":"#1"},"east":{"uv":[0,0,0,4],"rotation":180,"texture":"#1"},"south":{"uv":[16,0,0,16],"rotation":270,"texture":"#1"},"west":{"uv":[0,0,0,4],"texture":"#1"},"up":{"uv":[0,0,0,4],"rotation":270,"texture":"#1"},"down":{"uv":[0,0,0,4],"rotation":270,"texture":"#1"}}},{"from":[-1.5,0,-0.5],"to":[14.5,16,-0.5],"rotation":{"angle":-45,"axis":"z","origin":[8,0,0]},"faces":{"north":{"uv":[16,0,0,16],"texture":"#1"},"east":{"uv":[0,0,0,4],"texture":"#1"},"south":{"uv":[0,0,16,16],"texture":"#1"},"west":{"uv":[0,0,0,4],"texture":"#1"},"up":{"uv":[0,0,0,4],"rotation":270,"texture":"#1"},"down":{"uv":[0,0,0,4],"rotation":90,"texture":"#1"}}}]}