{"display":{"thirdperson_righthand":{"rotation":[75,45,0],"translation":[0,2.5,2.5],"scale":[0.15,0.15,0.15]},"thirdperson_lefthand":{"rotation":[75,45,0],"translation":[0,2.5,2.5],"scale":[0.15,0.15,0.15]},"firstperson_righthand":{"rotation":[0,45,0],"scale":[0.2,0.2,0.2]},"firstperson_lefthand":{"rotation":[0,45,0],"scale":[0.2,0.2,0.2]},"ground":{"translation":[0,3.5,0],"scale":[0.15,0.15,0.15]},"gui":{"rotation":[30,225,0],"translation":[0,1,0],"scale":[0.25,0.25,0.25]},"head":{"scale":[3,3,3]},"fixed":{"rotation":[-90,0,0],"translation":[0,0,-62],"scale":[10,10,10]}},"texture_size":[256,256],"textures":{"0":"statue/statue"},"elements":[{"from":[18,4,8.25],"to":[18.5,5,9.75],"rotation":{"angle":-45,"axis":"x","origin":[2.5,0,2]},"faces":{"north":{"uv":[0.4375,0.1875,0.5,0.3125],"texture":"#0"},"east":{"uv":[0.25,0.1875,0.4375,0.3125],"texture":"#0"},"south":{"uv":[0.1875,0.1875,0.25,0.3125],"texture":"#0"},"west":{"uv":[0,0.1875,0.1875,0.3125],"texture":"#0"},"up":{"uv":[0.25,0.1875,0.1875,0],"rotation":180,"texture":"#0"},"down":{"uv":[0.3125,0,0.25,0.1875],"rotation":180,"texture":"#0"}}},{"from":[20,4,8.25],"to":[20.5,5,9.75],"rotation":{"angle":-45,"axis":"x","origin":[2.5,0,2]},"faces":{"north":{"uv":[0.4375,0.1875,0.5,0.3125],"texture":"#0"},"east":{"uv":[0.25,0.1875,0.4375,0.3125],"texture":"#0"},"south":{"uv":[0.1875,0.1875,0.25,0.3125],"texture":"#0"},"west":{"uv":[0,0.1875,0.1875,0.3125],"texture":"#0"},"up":{"uv":[0.25,0.1875,0.1875,0],"rotation":180,"texture":"#0"},"down":{"uv":[0.3125,0,0.25,0.1875],"rotation":180,"texture":"#0"}}},{"from":[17.25,0,7.25],"to":[21.25,4,11.25],"rotation":{"angle":-45,"axis":"x","origin":[2.5,0,2]},"faces":{"north":{"uv":[4.5,1.25,5,1.75],"texture":"#0"},"east":{"uv":[4,1.25,4.5,1.75],"texture":"#0"},"south":{"uv":[3.5,1.25,4,1.75],"texture":"#0"},"west":{"uv":[3,1.25,3.5,1.75],"texture":"#0"},"up":{"uv":[4,1.25,3.5,0.75],"rotation":180,"texture":"#0"},"down":{"uv":[4.5,0.75,4,1.25],"rotation":180,"texture":"#0"}}},{"from":[17.75,1,10.75],"to":[20.75,2.25,14.75],"rotation":{"angle":-45,"axis":"x","origin":[2.5,0,2]},"faces":{"north":{"uv":[4.625,3.0625,5,3.1875],"texture":"#0"},"east":{"uv":[4.125,3.0625,4.625,3.1875],"texture":"#0"},"south":{"uv":[3.75,3.0625,4.125,3.1875],"texture":"#0"},"west":{"uv":[3.25,3.0625,3.75,3.1875],"texture":"#0"},"up":{"uv":[4.125,3.0625,3.75,2.5625],"rotation":180,"texture":"#0"},"down":{"uv":[4.5,2.5625,4.125,3.0625],"rotation":180,"texture":"#0"}}},{"from":[17.75,6.04289,7.55761],"to":[20.75,7.04289,11.55761],"rotation":{"angle":-22.5,"axis":"x","origin":[19.5,7,8]},"faces":{"north":{"uv":[4.625,3.6875,5,3.8125],"texture":"#0"},"east":{"uv":[4.125,3.6875,4.625,3.8125],"texture":"#0"},"south":{"uv":[3.75,3.6875,4.125,3.8125],"texture":"#0"},"west":{"uv":[3.25,3.6875,3.75,3.8125],"texture":"#0"},"up":{"uv":[4.125,3.6875,3.75,3.1875],"rotation":180,"texture":"#0"},"down":{"uv":[4.5,3.1875,4.125,3.6875],"rotation":180,"texture":"#0"}}},{"from":[18.25,2.25,13.25],"to":[18.75,2.75,14.25],"rotation":{"angle":-45,"axis":"x","origin":[2.5,0,2]},"faces":{"north":{"uv":[0.375,0.5,0.4375,0.5625],"texture":"#0"},"east":{"uv":[0.25,0.5,0.375,0.5625],"texture":"#0"},"south":{"uv":[0.1875,0.5,0.25,0.5625],"texture":"#0"},"west":{"uv":[0.0625,0.5,0.1875,0.5625],"texture":"#0"},"up":{"uv":[0.25,0.5,0.1875,0.375],"rotation":180,"texture":"#0"},"down":{"uv":[0.3125,0.375,0.25,0.5],"rotation":180,"texture":"#0"}}},{"from":[19.75,2.25,13.25],"to":[20.25,2.75,14.25],"rotation":{"angle":-45,"axis":"x","origin":[2.5,0,2]},"faces":{"north":{"uv":[0.375,0.5,0.4375,0.5625],"texture":"#0"},"east":{"uv":[0.25,0.5,0.375,0.5625],"texture":"#0"},"south":{"uv":[0.1875,0.5,0.25,0.5625],"texture":"#0"},"west":{"uv":[0.0625,0.5,0.1875,0.5625],"texture":"#0"},"up":{"uv":[0.25,0.5,0.1875,0.375],"rotation":180,"texture":"#0"},"down":{"uv":[0.3125,0.375,0.25,0.5],"rotation":180,"texture":"#0"}}},{"from":[12,1.5,-4.25],"to":[14.5,4,-1.75],"rotation":{"angle":0,"axis":"y","origin":[3,0,-1.25]},"faces":{"north":{"uv":[7.25,2.8125,7.5625,3.125],"texture":"#0"},"east":{"uv":[6.9375,2.8125,7.25,3.125],"texture":"#0"},"south":{"uv":[6.625,2.8125,6.9375,3.125],"texture":"#0"},"west":{"uv":[7.5625,2.8125,7.875,3.125],"texture":"#0"},"up":{"uv":[7.25,2.8125,6.9375,2.5],"rotation":90,"texture":"#0"},"down":{"uv":[7.5625,2.5,7.25,2.8125],"rotation":270,"texture":"#0"}}},{"from":[12.5,4,-3.25],"to":[14,5,-2.75],"rotation":{"angle":0,"axis":"y","origin":[3,0,-1.25]},"faces":{"north":{"uv":[0.25,0.1875,0.4375,0.3125],"texture":"#0"},"east":{"uv":[0.1875,0.1875,0.25,0.3125],"texture":"#0"},"south":{"uv":[0,0.1875,0.1875,0.3125],"texture":"#0"},"west":{"uv":[0.4375,0.1875,0.5,0.3125],"texture":"#0"},"up":{"uv":[0.25,0.1875,0.1875,0],"rotation":90,"texture":"#0"},"down":{"uv":[0.3125,0,0.25,0.1875],"rotation":270,"texture":"#0"}}},{"from":[13.5,4.25,-7.75],"to":[15,5.25,-7.25],"rotation":{"angle":-22.5,"axis":"y","origin":[3,0,-1.25]},"faces":{"north":{"uv":[0.25,0.1875,0.4375,0.3125],"texture":"#0"},"east":{"uv":[0.1875,0.1875,0.25,0.3125],"texture":"#0"},"south":{"uv":[0,0.1875,0.1875,0.3125],"texture":"#0"},"west":{"uv":[0.4375,0.1875,0.5,0.3125],"texture":"#0"},"up":{"uv":[0.25,0.1875,0.1875,0],"rotation":90,"texture":"#0"},"down":{"uv":[0.3125,0,0.25,0.1875],"rotation":270,"texture":"#0"}}},{"from":[12.99,1.74,-8.76],"to":[15.51,4.26,-6.24],"rotation":{"angle":-22.5,"axis":"y","origin":[3,0,-1.25]},"faces":{"north":{"uv":[7.25,2.8125,7.5625,3.125],"texture":"#0"},"east":{"uv":[6.9375,2.8125,7.25,3.125],"texture":"#0"},"south":{"uv":[6.625,2.8125,6.9375,3.125],"texture":"#0"},"west":{"uv":[7.5625,2.8125,7.875,3.125],"texture":"#0"},"up":{"uv":[7.25,2.8125,6.9375,2.5],"rotation":90,"texture":"#0"},"down":{"uv":[7.5625,2.5,7.25,2.8125],"rotation":270,"texture":"#0"}}},{"from":[12,2,-13],"to":[14.5,4.5,-10.5],"rotation":{"angle":-45,"axis":"y","origin":[3,0,-1.25]},"faces":{"north":{"uv":[7.25,2.8125,7.5625,3.125],"texture":"#0"},"east":{"uv":[6.9375,2.8125,7.25,3.125],"texture":"#0"},"south":{"uv":[6.625,2.8125,6.9375,3.125],"texture":"#0"},"west":{"uv":[7.5625,2.8125,7.875,3.125],"texture":"#0"},"up":{"uv":[7.25,2.8125,6.9375,2.5],"rotation":90,"texture":"#0"},"down":{"uv":[7.5625,2.5,7.25,2.8125],"rotation":270,"texture":"#0"}}},{"from":[12.5,4.5,-12],"to":[14,5.5,-11.5],"rotation":{"angle":-45,"axis":"y","origin":[3,0,-1.25]},"faces":{"north":{"uv":[0.25,0.1875,0.4375,0.3125],"texture":"#0"},"east":{"uv":[0.1875,0.1875,0.25,0.3125],"texture":"#0"},"south":{"uv":[0,0.1875,0.1875,0.3125],"texture":"#0"},"west":{"uv":[0.4375,0.1875,0.5,0.3125],"texture":"#0"},"up":{"uv":[0.25,0.1875,0.1875,0],"rotation":90,"texture":"#0"},"down":{"uv":[0.3125,0,0.25,0.1875],"rotation":270,"texture":"#0"}}},{"from":[15.74,2.24,5.24],"to":[18.26,4.76,7.76],"rotation":{"angle":22.5,"axis":"y","origin":[3,0,-1.25]},"faces":{"north":{"uv":[7.5625,2.8125,7.875,3.125],"texture":"#0"},"east":{"uv":[7.25,2.8125,7.5625,3.125],"texture":"#0"},"south":{"uv":[6.9375,2.8125,7.25,3.125],"texture":"#0"},"west":{"uv":[6.625,2.8125,6.9375,3.125],"texture":"#0"},"up":{"uv":[7.25,2.8125,6.9375,2.5],"rotation":180,"texture":"#0"},"down":{"uv":[7.5625,2.5,7.25,2.8125],"rotation":180,"texture":"#0"}}},{"from":[16.75,4.75,5.75],"to":[17.25,5.75,7.25],"rotation":{"angle":22.5,"axis":"y","origin":[3,0,-1.25]},"faces":{"north":{"uv":[0.4375,0.1875,0.5,0.3125],"texture":"#0"},"east":{"uv":[0.25,0.1875,0.4375,0.3125],"texture":"#0"},"south":{"uv":[0.1875,0.1875,0.25,0.3125],"texture":"#0"},"west":{"uv":[0,0.1875,0.1875,0.3125],"texture":"#0"},"up":{"uv":[0.25,0.1875,0.1875,0],"rotation":180,"texture":"#0"},"down":{"uv":[0.3125,0,0.25,0.1875],"rotation":180,"texture":"#0"}}},{"from":[18,1.25,3],"to":[20.5,3.75,5.5],"rotation":{"angle":-22.5,"axis":"x","origin":[3,0,-1.25]},"faces":{"north":{"uv":[7.5625,2.8125,7.875,3.125],"texture":"#0"},"east":{"uv":[7.25,2.8125,7.5625,3.125],"texture":"#0"},"south":{"uv":[6.9375,2.8125,7.25,3.125],"texture":"#0"},"west":{"uv":[6.625,2.8125,6.9375,3.125],"texture":"#0"},"up":{"uv":[7.25,2.8125,6.9375,2.5],"rotation":180,"texture":"#0"},"down":{"uv":[7.5625,2.5,7.25,2.8125],"rotation":180,"texture":"#0"}}},{"from":[19,3.75,3.5],"to":[19.5,4.75,5],"rotation":{"angle":-22.5,"axis":"x","origin":[3,0,-1.25]},"faces":{"north":{"uv":[0.4375,0.1875,0.5,0.3125],"texture":"#0"},"east":{"uv":[0.25,0.1875,0.4375,0.3125],"texture":"#0"},"south":{"uv":[0.1875,0.1875,0.25,0.3125],"texture":"#0"},"west":{"uv":[0,0.1875,0.1875,0.3125],"texture":"#0"},"up":{"uv":[0.25,0.1875,0.1875,0],"rotation":180,"texture":"#0"},"down":{"uv":[0.3125,0,0.25,0.1875],"rotation":180,"texture":"#0"}}},{"from":[-4,0,-6],"to":[12,6,0],"rotation":{"angle":0,"axis":"y","origin":[3,0,2]},"faces":{"north":{"uv":[3.75,0,5.75,0.75],"texture":"#0"},"east":{"uv":[3,0,3.75,0.75],"texture":"#0"},"south":{"uv":[3.75,0,5.75,0.75],"texture":"#0"},"west":{"uv":[5.75,0,6.5,0.75],"texture":"#0"},"up":{"uv":[2.25,2,1.5,0],"rotation":90,"texture":"#0"},"down":{"uv":[3,0,2.25,2],"rotation":270,"texture":"#0"}}},{"from":[7.5,6,-3.25],"to":[10.5,7.5,-2.75],"rotation":{"angle":0,"axis":"y","origin":[3,0,2]},"faces":{"north":{"uv":[5.0625,3.1875,5.4375,3.375],"texture":"#0"},"east":{"uv":[5,3.1875,5.0625,3.375],"texture":"#0"},"south":{"uv":[4.625,3.1875,5,3.375],"texture":"#0"},"west":{"uv":[5.4375,3.1875,5.5,3.375],"texture":"#0"},"up":{"uv":[5.0625,3.1875,5,2.8125],"rotation":90,"texture":"#0"},"down":{"uv":[5.125,2.8125,5.0625,3.1875],"rotation":270,"texture":"#0"}}},{"from":[2.5,6,-3.25],"to":[5.5,7.5,-2.75],"rotation":{"angle":0,"axis":"y","origin":[3,0,2]},"faces":{"north":{"uv":[5.0625,3.1875,5.4375,3.375],"texture":"#0"},"east":{"uv":[5,3.1875,5.0625,3.375],"texture":"#0"},"south":{"uv":[4.625,3.1875,5,3.375],"texture":"#0"},"west":{"uv":[5.4375,3.1875,5.5,3.375],"texture":"#0"},"up":{"uv":[5.0625,3.1875,5,2.8125],"rotation":90,"texture":"#0"},"down":{"uv":[5.125,2.8125,5.0625,3.1875],"rotation":270,"texture":"#0"}}},{"from":[-2.5,6,-3.25],"to":[0.5,7.5,-2.75],"rotation":{"angle":0,"axis":"y","origin":[3,0,2]},"faces":{"north":{"uv":[5.0625,3.1875,5.4375,3.375],"texture":"#0"},"east":{"uv":[5,3.1875,5.0625,3.375],"texture":"#0"},"south":{"uv":[4.625,3.1875,5,3.375],"texture":"#0"},"west":{"uv":[5.4375,3.1875,5.5,3.375],"texture":"#0"},"up":{"uv":[5.0625,3.1875,5,2.8125],"rotation":90,"texture":"#0"},"down":{"uv":[5.125,2.8125,5.0625,3.1875],"rotation":270,"texture":"#0"}}},{"from":[-6.5,1.5,-4],"to":[-4,4,-1.5],"rotation":{"angle":0,"axis":"y","origin":[-15.5,0,-1]},"faces":{"north":{"uv":[7.25,2.8125,7.5625,3.125],"texture":"#0"},"east":{"uv":[6.9375,2.8125,7.25,3.125],"texture":"#0"},"south":{"uv":[6.625,2.8125,6.9375,3.125],"texture":"#0"},"west":{"uv":[7.5625,2.8125,7.875,3.125],"texture":"#0"},"up":{"uv":[7.25,2.8125,6.9375,2.5],"rotation":90,"texture":"#0"},"down":{"uv":[7.5625,2.5,7.25,2.8125],"rotation":270,"texture":"#0"}}},{"from":[-6,4,-3],"to":[-4.5,5,-2.5],"rotation":{"angle":0,"axis":"y","origin":[-15.5,0,-1]},"faces":{"north":{"uv":[0.25,0.1875,0.4375,0.3125],"texture":"#0"},"east":{"uv":[0.1875,0.1875,0.25,0.3125],"texture":"#0"},"south":{"uv":[0,0.1875,0.1875,0.3125],"texture":"#0"},"west":{"uv":[0.4375,0.1875,0.5,0.3125],"texture":"#0"},"up":{"uv":[0.25,0.1875,0.1875,0],"rotation":90,"texture":"#0"},"down":{"uv":[0.3125,0,0.25,0.1875],"rotation":270,"texture":"#0"}}},{"from":[-8.5,4.25,0.5],"to":[-7,5.25,1],"rotation":{"angle":22.5,"axis":"y","origin":[-15.5,0,-1]},"faces":{"north":{"uv":[0.25,0.1875,0.4375,0.3125],"texture":"#0"},"east":{"uv":[0.1875,0.1875,0.25,0.3125],"texture":"#0"},"south":{"uv":[0,0.1875,0.1875,0.3125],"texture":"#0"},"west":{"uv":[0.4375,0.1875,0.5,0.3125],"texture":"#0"},"up":{"uv":[0.25,0.1875,0.1875,0],"rotation":90,"texture":"#0"},"down":{"uv":[0.3125,0,0.25,0.1875],"rotation":270,"texture":"#0"}}},{"from":[-9.01,1.74,-0.51],"to":[-6.49,4.26,2.01],"rotation":{"angle":22.5,"axis":"y","origin":[-15.5,0,-1]},"faces":{"north":{"uv":[7.25,2.8125,7.5625,3.125],"texture":"#0"},"east":{"uv":[6.9375,2.8125,7.25,3.125],"texture":"#0"},"south":{"uv":[6.625,2.8125,6.9375,3.125],"texture":"#0"},"west":{"uv":[7.5625,2.8125,7.875,3.125],"texture":"#0"},"up":{"uv":[7.25,2.8125,6.9375,2.5],"rotation":90,"texture":"#0"},"down":{"uv":[7.5625,2.5,7.25,2.8125],"rotation":270,"texture":"#0"}}},{"from":[-12.5,2,1.75],"to":[-10,4.5,4.25],"rotation":{"angle":45,"axis":"y","origin":[-15.5,0,-1]},"faces":{"north":{"uv":[7.25,2.8125,7.5625,3.125],"texture":"#0"},"east":{"uv":[6.9375,2.8125,7.25,3.125],"texture":"#0"},"south":{"uv":[6.625,2.8125,6.9375,3.125],"texture":"#0"},"west":{"uv":[7.5625,2.8125,7.875,3.125],"texture":"#0"},"up":{"uv":[7.25,2.8125,6.9375,2.5],"rotation":90,"texture":"#0"},"down":{"uv":[7.5625,2.5,7.25,2.8125],"rotation":270,"texture":"#0"}}},{"from":[-12,4.5,2.75],"to":[-10.5,5.5,3.25],"rotation":{"angle":45,"axis":"y","origin":[-15.5,0,-1]},"faces":{"north":{"uv":[0.25,0.1875,0.4375,0.3125],"texture":"#0"},"east":{"uv":[0.1875,0.1875,0.25,0.3125],"texture":"#0"},"south":{"uv":[0,0.1875,0.1875,0.3125],"texture":"#0"},"west":{"uv":[0.4375,0.1875,0.5,0.3125],"texture":"#0"},"up":{"uv":[0.25,0.1875,0.1875,0],"rotation":90,"texture":"#0"},"down":{"uv":[0.3125,0,0.25,0.1875],"rotation":270,"texture":"#0"}}},{"from":[-12.01,2.24,-2.26],"to":[-9.49,4.76,0.26],"rotation":{"angle":-22.5,"axis":"y","origin":[-15.5,0,-1]},"faces":{"north":{"uv":[6.9375,2.8125,7.25,3.125],"texture":"#0"},"east":{"uv":[6.625,2.8125,6.9375,3.125],"texture":"#0"},"south":{"uv":[7.5625,2.8125,7.875,3.125],"texture":"#0"},"west":{"uv":[7.25,2.8125,7.5625,3.125],"texture":"#0"},"up":{"uv":[7.25,2.8125,6.9375,2.5],"texture":"#0"},"down":{"uv":[7.5625,2.5,7.25,2.8125],"texture":"#0"}}},{"from":[-11,4.75,-1.75],"to":[-10.5,5.75,-0.25],"rotation":{"angle":-22.5,"axis":"y","origin":[-15.5,0,-1]},"faces":{"north":{"uv":[0.1875,0.1875,0.25,0.3125],"texture":"#0"},"east":{"uv":[0,0.1875,0.1875,0.3125],"texture":"#0"},"south":{"uv":[0.4375,0.1875,0.5,0.3125],"texture":"#0"},"west":{"uv":[0.25,0.1875,0.4375,0.3125],"texture":"#0"},"up":{"uv":[0.25,0.1875,0.1875,0],"texture":"#0"},"down":{"uv":[0.3125,0,0.25,0.1875],"texture":"#0"}}},{"from":[-13,2.5,2],"to":[-10.5,5,4.5],"rotation":{"angle":0,"axis":"y","origin":[-15.5,0,-1]},"faces":{"north":{"uv":[6.9375,2.8125,7.25,3.125],"texture":"#0"},"east":{"uv":[6.625,2.8125,6.9375,3.125],"texture":"#0"},"south":{"uv":[7.5625,2.8125,7.875,3.125],"texture":"#0"},"west":{"uv":[7.25,2.8125,7.5625,3.125],"texture":"#0"},"up":{"uv":[7.25,2.8125,6.9375,2.5],"texture":"#0"},"down":{"uv":[7.5625,2.5,7.25,2.8125],"texture":"#0"}}},{"from":[-12,5,2.5],"to":[-11.5,6,4],"rotation":{"angle":0,"axis":"y","origin":[-15.5,0,-1]},"faces":{"north":{"uv":[0.1875,0.1875,0.25,0.3125],"texture":"#0"},"east":{"uv":[0,0.1875,0.1875,0.3125],"texture":"#0"},"south":{"uv":[0.4375,0.1875,0.5,0.3125],"texture":"#0"},"west":{"uv":[0.25,0.1875,0.4375,0.3125],"texture":"#0"},"up":{"uv":[0.25,0.1875,0.1875,0],"texture":"#0"},"down":{"uv":[0.3125,0,0.25,0.1875],"texture":"#0"}}},{"from":[-13.01,2.74,4.49],"to":[-10.49,5.26,7.01],"rotation":{"angle":0,"axis":"y","origin":[-15.5,0,-1]},"faces":{"north":{"uv":[6.9375,2.8125,7.25,3.125],"texture":"#0"},"east":{"uv":[6.625,2.8125,6.9375,3.125],"texture":"#0"},"south":{"uv":[7.5625,2.8125,7.875,3.125],"texture":"#0"},"west":{"uv":[7.25,2.8125,7.5625,3.125],"texture":"#0"},"up":{"uv":[7.25,2.8125,6.9375,2.5],"texture":"#0"},"down":{"uv":[7.5625,2.5,7.25,2.8125],"texture":"#0"}}},{"from":[-12,5.25,5],"to":[-11.5,6.25,6.5],"rotation":{"angle":0,"axis":"y","origin":[-15.5,0,-1]},"faces":{"north":{"uv":[0.1875,0.1875,0.25,0.3125],"texture":"#0"},"east":{"uv":[0,0.1875,0.1875,0.3125],"texture":"#0"},"south":{"uv":[0.4375,0.1875,0.5,0.3125],"texture":"#0"},"west":{"uv":[0.25,0.1875,0.4375,0.3125],"texture":"#0"},"up":{"uv":[0.25,0.1875,0.1875,0],"texture":"#0"},"down":{"uv":[0.3125,0,0.25,0.1875],"texture":"#0"}}},{"from":[-12.75,3,7],"to":[-10.25,5.5,9.5],"rotation":{"angle":0,"axis":"y","origin":[-15.5,0,-1]},"faces":{"north":{"uv":[6.9375,2.8125,7.25,3.125],"texture":"#0"},"east":{"uv":[6.625,2.8125,6.9375,3.125],"texture":"#0"},"south":{"uv":[7.5625,2.8125,7.875,3.125],"texture":"#0"},"west":{"uv":[7.25,2.8125,7.5625,3.125],"texture":"#0"},"up":{"uv":[7.25,2.8125,6.9375,2.5],"texture":"#0"},"down":{"uv":[7.5625,2.5,7.25,2.8125],"texture":"#0"}}},{"from":[-11.75,5.5,7.5],"to":[-11.25,6.5,9],"rotation":{"angle":0,"axis":"y","origin":[-15.5,0,-1]},"faces":{"north":{"uv":[0.1875,0.1875,0.25,0.3125],"texture":"#0"},"east":{"uv":[0,0.1875,0.1875,0.3125],"texture":"#0"},"south":{"uv":[0.4375,0.1875,0.5,0.3125],"texture":"#0"},"west":{"uv":[0.25,0.1875,0.4375,0.3125],"texture":"#0"},"up":{"uv":[0.25,0.1875,0.1875,0],"texture":"#0"},"down":{"uv":[0.3125,0,0.25,0.1875],"texture":"#0"}}},{"from":[-11.51,3.24,-0.51],"to":[-8.99,5.76,2.01],"rotation":{"angle":22.5,"axis":"y","origin":[14.5,10,7]},"faces":{"north":{"uv":[6.9375,2.8125,7.25,3.125],"texture":"#0"},"east":{"uv":[6.625,2.8125,6.9375,3.125],"texture":"#0"},"south":{"uv":[7.5625,2.8125,7.875,3.125],"texture":"#0"},"west":{"uv":[7.25,2.8125,7.5625,3.125],"texture":"#0"},"up":{"uv":[7.25,2.8125,6.9375,2.5],"texture":"#0"},"down":{"uv":[7.5625,2.5,7.25,2.8125],"texture":"#0"}}},{"from":[-10.5,5.75,0],"to":[-10,6.75,1.5],"rotation":{"angle":22.5,"axis":"y","origin":[14.5,10,7]},"faces":{"north":{"uv":[0.1875,0.1875,0.25,0.3125],"texture":"#0"},"east":{"uv":[0,0.1875,0.1875,0.3125],"texture":"#0"},"south":{"uv":[0.4375,0.1875,0.5,0.3125],"texture":"#0"},"west":{"uv":[0.25,0.1875,0.4375,0.3125],"texture":"#0"},"up":{"uv":[0.25,0.1875,0.1875,0],"texture":"#0"},"down":{"uv":[0.3125,0,0.25,0.1875],"texture":"#0"}}},{"from":[-6.5,6,-6.5],"to":[-6,7,-5],"rotation":{"angle":45,"axis":"y","origin":[14.5,10,7]},"faces":{"north":{"uv":[0.1875,0.1875,0.25,0.3125],"texture":"#0"},"east":{"uv":[0,0.1875,0.1875,0.3125],"texture":"#0"},"south":{"uv":[0.4375,0.1875,0.5,0.3125],"texture":"#0"},"west":{"uv":[0.25,0.1875,0.4375,0.3125],"texture":"#0"},"up":{"uv":[0.25,0.1875,0.1875,0],"texture":"#0"},"down":{"uv":[0.3125,0,0.25,0.1875],"texture":"#0"}}},{"from":[-7.5,3.5,-7],"to":[-5,6,-4.5],"rotation":{"angle":45,"axis":"y","origin":[14.5,10,7]},"faces":{"north":{"uv":[6.9375,2.8125,7.25,3.125],"texture":"#0"},"east":{"uv":[6.625,2.8125,6.9375,3.125],"texture":"#0"},"south":{"uv":[7.5625,2.8125,7.875,3.125],"texture":"#0"},"west":{"uv":[7.25,2.8125,7.5625,3.125],"texture":"#0"},"up":{"uv":[7.25,2.8125,6.9375,2.5],"texture":"#0"},"down":{"uv":[7.5625,2.5,7.25,2.8125],"texture":"#0"}}},{"from":[-6.5,6.25,-4],"to":[-6,7.25,-2.5],"rotation":{"angle":45,"axis":"y","origin":[14.5,10,7]},"faces":{"north":{"uv":[0.1875,0.1875,0.25,0.3125],"texture":"#0"},"east":{"uv":[0,0.1875,0.1875,0.3125],"texture":"#0"},"south":{"uv":[0.4375,0.1875,0.5,0.3125],"texture":"#0"},"west":{"uv":[0.25,0.1875,0.4375,0.3125],"texture":"#0"},"up":{"uv":[0.25,0.1875,0.1875,0],"texture":"#0"},"down":{"uv":[0.3125,0,0.25,0.1875],"texture":"#0"}}},{"from":[-7.51,3.74,-4.51],"to":[-4.99,6.26,-1.99],"rotation":{"angle":45,"axis":"y","origin":[14.5,10,7]},"faces":{"north":{"uv":[6.9375,2.8125,7.25,3.125],"texture":"#0"},"east":{"uv":[6.625,2.8125,6.9375,3.125],"texture":"#0"},"south":{"uv":[7.5625,2.8125,7.875,3.125],"texture":"#0"},"west":{"uv":[7.25,2.8125,7.5625,3.125],"texture":"#0"},"up":{"uv":[7.25,2.8125,6.9375,2.5],"texture":"#0"},"down":{"uv":[7.5625,2.5,7.25,2.8125],"texture":"#0"}}},{"from":[-1.25,6.5,22.25],"to":[0.25,7.5,22.75],"rotation":{"angle":-22.5,"axis":"y","origin":[14.5,10,7]},"faces":{"north":{"uv":[0,0.1875,0.1875,0.3125],"texture":"#0"},"east":{"uv":[0.4375,0.1875,0.5,0.3125],"texture":"#0"},"south":{"uv":[0.25,0.1875,0.4375,0.3125],"texture":"#0"},"west":{"uv":[0.1875,0.1875,0.25,0.3125],"texture":"#0"},"up":{"uv":[0.25,0.1875,0.1875,0],"rotation":270,"texture":"#0"},"down":{"uv":[0.3125,0,0.25,0.1875],"rotation":90,"texture":"#0"}}},{"from":[-1.75,4,21.25],"to":[0.75,6.5,23.75],"rotation":{"angle":-22.5,"axis":"y","origin":[14.5,10,7]},"faces":{"north":{"uv":[6.625,2.8125,6.9375,3.125],"texture":"#0"},"east":{"uv":[7.5625,2.8125,7.875,3.125],"texture":"#0"},"south":{"uv":[7.25,2.8125,7.5625,3.125],"texture":"#0"},"west":{"uv":[6.9375,2.8125,7.25,3.125],"texture":"#0"},"up":{"uv":[7.25,2.8125,6.9375,2.5],"rotation":270,"texture":"#0"},"down":{"uv":[7.5625,2.5,7.25,2.8125],"rotation":90,"texture":"#0"}}},{"from":[1.25,6.75,22.25],"to":[2.75,7.75,22.75],"rotation":{"angle":-22.5,"axis":"y","origin":[14.5,10,7]},"faces":{"north":{"uv":[0,0.1875,0.1875,0.3125],"texture":"#0"},"east":{"uv":[0.4375,0.1875,0.5,0.3125],"texture":"#0"},"south":{"uv":[0.25,0.1875,0.4375,0.3125],"texture":"#0"},"west":{"uv":[0.1875,0.1875,0.25,0.3125],"texture":"#0"},"up":{"uv":[0.25,0.1875,0.1875,0],"rotation":270,"texture":"#0"},"down":{"uv":[0.3125,0,0.25,0.1875],"rotation":90,"texture":"#0"}}},{"from":[0.74,4.24,21.24],"to":[3.26,6.76,23.76],"rotation":{"angle":-22.5,"axis":"y","origin":[14.5,10,7]},"faces":{"north":{"uv":[6.625,2.8125,6.9375,3.125],"texture":"#0"},"east":{"uv":[7.5625,2.8125,7.875,3.125],"texture":"#0"},"south":{"uv":[7.25,2.8125,7.5625,3.125],"texture":"#0"},"west":{"uv":[6.9375,2.8125,7.25,3.125],"texture":"#0"},"up":{"uv":[7.25,2.8125,6.9375,2.5],"rotation":270,"texture":"#0"},"down":{"uv":[7.5625,2.5,7.25,2.8125],"rotation":90,"texture":"#0"}}},{"from":[10.75,-10.25,-6.75],"to":[12.25,-4.25,-5.25],"rotation":{"angle":45,"axis":"z","origin":[9,-3.25,-6]},"faces":{"north":{"uv":[8.25,0.25,8.4375,1],"texture":"#0"},"east":{"uv":[8.0625,0.25,8.25,1],"texture":"#0"},"south":{"uv":[7.875,0.25,8.0625,1],"texture":"#0"},"west":{"uv":[8.4375,0.25,8.625,1],"texture":"#0"},"up":{"uv":[8.25,0.25,8.0625,0.0625],"rotation":90,"texture":"#0"},"down":{"uv":[8.4375,0.0625,8.25,0.25],"rotation":270,"texture":"#0"}}},{"from":[8.5,-3.25,-7],"to":[10.5,2.75,-5],"rotation":{"angle":22.5,"axis":"z","origin":[9,1.75,-5]},"faces":{"north":{"uv":[7.375,0.25,7.625,1],"texture":"#0"},"east":{"uv":[7.375,0.25,7.125,1],"texture":"#0"},"south":{"uv":[6.875,0.25,7.125,1],"texture":"#0"},"west":{"uv":[7.625,0.25,7.875,1],"texture":"#0"},"up":{"uv":[7.375,0.25,7.125,0],"rotation":90,"texture":"#0"},"down":{"uv":[7.625,0,7.375,0.25],"rotation":270,"texture":"#0"}}},{"from":[15.25,-7,-7],"to":[19.25,-6,-5],"rotation":{"angle":0,"axis":"y","origin":[3,-0.25,-4]},"faces":{"north":{"uv":[5.875,3,6.375,3.125],"texture":"#0"},"east":{"uv":[5.625,3,5.875,3.125],"texture":"#0"},"south":{"uv":[5.125,3,5.625,3.125],"texture":"#0"},"west":{"uv":[6.375,3,6.625,3.125],"texture":"#0"},"up":{"uv":[5.875,3,5.625,2.5],"rotation":90,"texture":"#0"},"down":{"uv":[6.125,2.5,5.875,3],"rotation":270,"texture":"#0"}}},{"from":[10.75,-10.25,-0.75],"to":[12.25,-4.25,0.75],"rotation":{"angle":45,"axis":"z","origin":[9,-3.25,0]},"faces":{"north":{"uv":[8.25,0.25,8.4375,1],"texture":"#0"},"east":{"uv":[8.0625,0.25,8.25,1],"texture":"#0"},"south":{"uv":[7.875,0.25,8.0625,1],"texture":"#0"},"west":{"uv":[8.4375,0.25,8.625,1],"texture":"#0"},"up":{"uv":[8.25,0.25,8.0625,0.0625],"rotation":90,"texture":"#0"},"down":{"uv":[8.4375,0.0625,8.25,0.25],"rotation":270,"texture":"#0"}}},{"from":[8.5,-3.25,-1],"to":[10.5,2.75,1],"rotation":{"angle":22.5,"axis":"z","origin":[9,1.75,1]},"faces":{"north":{"uv":[7.375,0.25,7.625,1],"texture":"#0"},"east":{"uv":[7.125,0.25,7.375,1],"texture":"#0"},"south":{"uv":[6.875,0.25,7.125,1],"texture":"#0"},"west":{"uv":[7.625,0.25,7.875,1],"texture":"#0"},"up":{"uv":[7.375,0.25,7.125,0],"rotation":90,"texture":"#0"},"down":{"uv":[7.625,0,7.375,0.25],"rotation":270,"texture":"#0"}}},{"from":[15.25,-7,-1],"to":[19.25,-6,1],"rotation":{"angle":0,"axis":"y","origin":[3,-0.25,2]},"faces":{"north":{"uv":[5.875,3,6.375,3.125],"texture":"#0"},"east":{"uv":[5.625,3,5.875,3.125],"texture":"#0"},"south":{"uv":[5.125,3,5.625,3.125],"texture":"#0"},"west":{"uv":[6.375,3,6.625,3.125],"texture":"#0"},"up":{"uv":[5.875,3,5.625,2.5],"rotation":90,"texture":"#0"},"down":{"uv":[6.125,2.5,5.875,3],"rotation":270,"texture":"#0"}}},{"from":[0,-8,-8.25],"to":[6,-6.5,-3.75],"rotation":{"angle":0,"axis":"y","origin":[3,0,-4]},"faces":{"north":{"uv":[6.3125,1.5,7.0625,1.6875],"texture":"#0"},"east":{"uv":[5.75,1.5,6.3125,1.6875],"texture":"#0"},"south":{"uv":[5,1.5,5.75,1.6875],"texture":"#0"},"west":{"uv":[7.0625,1.5,7.625,1.6875],"texture":"#0"},"up":{"uv":[6.3125,1.5,5.75,0.75],"rotation":90,"texture":"#0"},"down":{"uv":[6.875,0.75,6.3125,1.5],"rotation":270,"texture":"#0"}}},{"from":[-1.5,-4,-8],"to":[2.5,4,-4],"rotation":{"angle":45,"axis":"z","origin":[1,2,-6]},"faces":{"north":{"uv":[1,0.5,1.5,1.5],"texture":"#0"},"east":{"uv":[1,0.5,1.5,1.5],"texture":"#0"},"south":{"uv":[1,0.5,1.5,1.5],"texture":"#0"},"west":{"uv":[1,0.5,1.5,1.5],"texture":"#0"},"up":{"uv":[1,0.5,0.5,0],"rotation":90,"texture":"#0"},"down":{"uv":[1.5,0,1,0.5],"rotation":270,"texture":"#0"}}},{"from":[-4,-4,-7.5],"to":[4,-1,-4.5],"rotation":{"angle":45,"axis":"z","origin":[3,0,-4]},"faces":{"north":{"uv":[2.5,2.375,2.875,3.375],"rotation":270,"texture":"#0"},"east":{"uv":[2.5,2.375,2.125,2],"rotation":180,"texture":"#0"},"south":{"uv":[1.75,2.375,2.125,3.375],"rotation":90,"texture":"#0"},"west":{"uv":[2.875,2,2.5,2.375],"texture":"#0"},"up":{"uv":[2.875,2.375,3.25,3.375],"rotation":90,"texture":"#0"},"down":{"uv":[2.125,2.375,2.5,3.375],"rotation":90,"texture":"#0"}}},{"from":[0,-8,-2.25],"to":[6,-6.5,2.25],"rotation":{"angle":0,"axis":"y","origin":[3,0,2]},"faces":{"north":{"uv":[6.3125,1.5,7.0625,1.6875],"texture":"#0"},"east":{"uv":[5.75,1.5,6.3125,1.6875],"texture":"#0"},"south":{"uv":[5,1.5,5.75,1.6875],"texture":"#0"},"west":{"uv":[7.0625,1.5,7.625,1.6875],"texture":"#0"},"up":{"uv":[6.3125,1.5,5.75,0.75],"rotation":90,"texture":"#0"},"down":{"uv":[6.875,0.75,6.3125,1.5],"rotation":270,"texture":"#0"}}},{"from":[-1.5,-4,-2],"to":[2.5,4,2],"rotation":{"angle":45,"axis":"z","origin":[1,2,0]},"faces":{"north":{"uv":[1,0.5,1.5,1.5],"texture":"#0"},"east":{"uv":[1,0.5,1.5,1.5],"texture":"#0"},"south":{"uv":[1,0.5,1.5,1.5],"texture":"#0"},"west":{"uv":[1,0.5,1.5,1.5],"texture":"#0"},"up":{"uv":[1,0.5,0.5,0],"rotation":90,"texture":"#0"},"down":{"uv":[1.5,0,1,0.5],"rotation":270,"texture":"#0"}}},{"from":[-4,-4,-1.5],"to":[4,-1,1.5],"rotation":{"angle":45,"axis":"z","origin":[3,0,2]},"faces":{"north":{"uv":[2.5,2.375,2.875,3.375],"rotation":270,"texture":"#0"},"east":{"uv":[2.5,2.375,2.125,2],"rotation":180,"texture":"#0"},"south":{"uv":[1.75,2.375,2.125,3.375],"rotation":90,"texture":"#0"},"west":{"uv":[2.875,2,2.5,2.375],"texture":"#0"},"up":{"uv":[2.875,2.375,3.25,3.375],"rotation":90,"texture":"#0"},"down":{"uv":[2.125,2.375,2.5,3.375],"rotation":90,"texture":"#0"}}},{"from":[-3.5,4,-0.75],"to":[10.5,6,1.25],"rotation":{"angle":-45,"axis":"z","origin":[9.5,5,0]},"faces":{"north":{"uv":[5,1.75,6.75,2],"rotation":180,"texture":"#0"},"east":{"uv":[5.25,2,5,2.25],"rotation":270,"texture":"#0"},"south":{"uv":[3.25,2,5,1.75],"texture":"#0"},"west":{"uv":[3.25,2,3,2.25],"rotation":90,"texture":"#0"},"up":{"uv":[5,2,3.25,2.25],"rotation":180,"texture":"#0"},"down":{"uv":[7,2,5.25,2.25],"texture":"#0"}}},{"from":[-3.5,-10,0.25],"to":[10.5,4,0.25],"rotation":{"angle":-45,"axis":"z","origin":[9.5,5,0]},"faces":{"north":{"uv":[8.625,0,10.375,1.75],"rotation":180,"texture":"#0"},"east":{"uv":[1.75,0,0,0],"rotation":270,"texture":"#0"},"south":{"uv":[8.625,1.75,10.375,0],"texture":"#0"},"west":{"uv":[1.75,0,0,0],"rotation":90,"texture":"#0"},"up":{"uv":[1.75,0,0,0],"rotation":180,"texture":"#0"},"down":{"uv":[1.75,0,0,0],"texture":"#0"}}},{"from":[-13.38604,13.5,0],"to":[0.61396,14.5,1],"rotation":{"angle":0,"axis":"z","origin":[0.5,14,0]},"faces":{"north":{"uv":[5.125,2.25,6.875,2.375],"rotation":180,"texture":"#0"},"east":{"uv":[5.25,2.375,5.125,2.5],"rotation":270,"texture":"#0"},"south":{"uv":[3.375,2.375,5.125,2.25],"texture":"#0"},"west":{"uv":[3.375,2.375,3.25,2.5],"rotation":90,"texture":"#0"},"up":{"uv":[5.125,2.375,3.375,2.5],"rotation":180,"texture":"#0"},"down":{"uv":[7,2.375,5.25,2.5],"texture":"#0"}}},{"from":[-13.38604,-0.5,0.5],"to":[0.61396,13.5,0.5],"rotation":{"angle":0,"axis":"z","origin":[0.5,14,0]},"faces":{"north":{"uv":[8.625,1.75,10.375,3.5],"rotation":180,"texture":"#0"},"east":{"uv":[1.75,0,0,0],"rotation":270,"texture":"#0"},"south":{"uv":[8.625,3.5,10.375,1.75],"texture":"#0"},"west":{"uv":[1.75,0,0,0],"rotation":90,"texture":"#0"},"up":{"uv":[1.75,0,0,0],"rotation":180,"texture":"#0"},"down":{"uv":[1.75,0,0,0],"texture":"#0"}}},{"from":[8.5,4,-7.25],"to":[10.5,18,-5.25],"rotation":{"angle":45,"axis":"z","origin":[9.5,5,-6.5]},"faces":{"north":{"uv":[5,1.75,6.75,2],"rotation":90,"texture":"#0"},"east":{"uv":[5,2,3.25,2.25],"rotation":270,"texture":"#0"},"south":{"uv":[3.25,2,5,1.75],"rotation":90,"texture":"#0"},"west":{"uv":[7,2,5.25,2.25],"rotation":90,"texture":"#0"},"up":{"uv":[3.25,2,3,2.25],"rotation":180,"texture":"#0"},"down":{"uv":[5.25,2,5,2.25],"texture":"#0"}}},{"from":[-13.38604,13.5,-7],"to":[0.61396,14.5,-6],"rotation":{"angle":0,"axis":"z","origin":[0.5,14,-6.5]},"faces":{"north":{"uv":[5.125,2.25,6.875,2.375],"rotation":180,"texture":"#0"},"east":{"uv":[5.25,2.375,5.125,2.5],"rotation":270,"texture":"#0"},"south":{"uv":[3.375,2.375,5.125,2.25],"texture":"#0"},"west":{"uv":[3.375,2.375,3.25,2.5],"rotation":90,"texture":"#0"},"up":{"uv":[5.125,2.375,3.375,2.5],"rotation":180,"texture":"#0"},"down":{"uv":[7,2.375,5.25,2.5],"texture":"#0"}}},{"from":[-13.38604,-0.5,-6.5],"to":[0.61396,13.5,-6.5],"rotation":{"angle":0,"axis":"z","origin":[0.5,14,-6.5]},"faces":{"north":{"uv":[8.625,1.75,10.375,3.5],"rotation":180,"texture":"#0"},"east":{"uv":[1.75,0,0,0],"rotation":270,"texture":"#0"},"south":{"uv":[8.625,3.5,10.375,1.75],"texture":"#0"},"west":{"uv":[1.75,0,0,0],"rotation":90,"texture":"#0"},"up":{"uv":[1.75,0,0,0],"rotation":180,"texture":"#0"},"down":{"uv":[1.75,0,0,0],"texture":"#0"}}},{"from":[-5.5,4,-6.25],"to":[8.5,18,-6.25],"rotation":{"angle":45,"axis":"z","origin":[9.5,5,-6.5]},"faces":{"north":{"uv":[8.625,0,10.375,1.75],"rotation":90,"texture":"#0"},"east":{"uv":[1.75,0,0,0],"rotation":270,"texture":"#0"},"south":{"uv":[8.625,1.75,10.375,0],"rotation":90,"texture":"#0"},"west":{"uv":[1.75,0,0,0],"rotation":90,"texture":"#0"},"up":{"uv":[1.75,0,0,0],"rotation":180,"texture":"#0"},"down":{"uv":[1.75,0,0,0],"texture":"#0"}}},{"from":[9,21,10],"to":[13,32,14],"rotation":{"angle":0,"axis":"y","origin":[11,21,12]},"faces":{"north":{"uv":[15.5,0,16,1.375],"texture":"#0"},"east":{"uv":[15.5,0,15,1.375],"texture":"#0"},"south":{"uv":[14.5,0,15,1.375],"texture":"#0"},"west":{"uv":[15,0,15.5,1.375],"texture":"#0"},"up":{"uv":[15,1.375,15.5,1.875],"texture":"#0"},"down":{"uv":[15.5,1.375,16,1.875],"texture":"#0"}}},{"from":[10,13,8],"to":[12,17,10],"rotation":{"angle":0,"axis":"y","origin":[3,1,4]},"faces":{"north":{"uv":[15.75,1.875,16,2.375],"texture":"#0"},"east":{"uv":[15.75,1.875,16,2.375],"texture":"#0"},"south":{"uv":[15.75,1.875,16,2.375],"texture":"#0"},"west":{"uv":[15.75,1.875,16,2.375],"texture":"#0"},"up":{"uv":[15.25,1.875,15.5,2.125],"texture":"#0"},"down":{"uv":[15.5,1.875,15.75,2.125],"texture":"#0"}}},{"from":[5,14,9],"to":[17,21,15],"rotation":{"angle":0,"axis":"y","origin":[3,1,4]},"faces":{"north":{"uv":[13,0,14.5,0.875],"texture":"#0"},"east":{"uv":[12.25,0,13,0.875],"texture":"#0"},"south":{"uv":[10.75,0,12.25,0.875],"texture":"#0"},"west":{"uv":[12.25,0,13,0.875],"texture":"#0"},"up":{"uv":[13,0.875,14.5,1.625],"texture":"#0"},"down":{"uv":[13,1.625,14.5,2.375],"texture":"#0"}}},{"from":[5.5,16.75,8.75],"to":[9.5,20.75,8.75],"rotation":{"angle":-22.5,"axis":"z","origin":[10,17,8.75]},"faces":{"north":{"uv":[12.5,0.875,13,1.375],"texture":"#0"},"east":{"uv":[0,0,0,0.25],"texture":"#0"},"south":{"uv":[13,0.875,12.5,1.375],"texture":"#0"},"west":{"uv":[0,0,0,0.25],"texture":"#0"},"up":{"uv":[0,0,0.25,0],"texture":"#0"},"down":{"uv":[0,0,0.25,0],"texture":"#0"}}},{"from":[12.5,16.75,8.75],"to":[16.5,20.75,8.75],"rotation":{"angle":22.5,"axis":"z","origin":[12,17,8.75]},"faces":{"north":{"uv":[13,0.875,12.5,1.375],"texture":"#0"},"east":{"uv":[0,0,0,0.25],"texture":"#0"},"south":{"uv":[12.5,0.875,13,1.375],"texture":"#0"},"west":{"uv":[0,0,0,0.25],"texture":"#0"},"up":{"uv":[0,0,0.25,0],"texture":"#0"},"down":{"uv":[0,0,0.25,0],"texture":"#0"}}},{"from":[7.5,1,10],"to":[14.5,14,14],"rotation":{"angle":-22.5,"axis":"y","origin":[10,-2,12]},"faces":{"north":{"uv":[10.75,2.5,11.625,4.125],"texture":"#0"},"east":{"uv":[12.125,0.875,11.625,2.5],"texture":"#0"},"south":{"uv":[10.75,0.875,11.625,2.5],"texture":"#0"},"west":{"uv":[11.625,0.875,12.125,2.5],"texture":"#0"},"up":{"uv":[12.125,1.375,13,1.875],"texture":"#0"},"down":{"uv":[12.125,1.375,13,1.875],"texture":"#0"}}},{"from":[7,-2,9.5],"to":[15,1,14.5],"rotation":{"angle":-22.5,"axis":"y","origin":[10,-2,12]},"faces":{"north":{"uv":[11.625,2.5,12.625,2.875],"texture":"#0"},"east":{"uv":[12.625,2.5,13.25,2.875],"texture":"#0"},"south":{"uv":[11.625,2.5,12.625,2.875],"texture":"#0"},"west":{"uv":[12.625,2.5,13.25,2.875],"texture":"#0"},"up":{"uv":[11.625,2.875,12.625,3.5],"texture":"#0"},"down":{"uv":[11.625,2.875,12.625,3.5],"texture":"#0"}}},{"from":[16.5,12,6],"to":[17.5,13,10],"rotation":{"angle":-45,"axis":"y","origin":[15,13,12]},"faces":{"north":{"uv":[12.875,1.875,13,2],"rotation":180,"texture":"#0"},"east":{"uv":[12.875,1.875,13,2.375],"rotation":270,"texture":"#0"},"south":{"uv":[12.875,1.875,13,2],"texture":"#0"},"west":{"uv":[12.875,1.875,13,2.375],"rotation":90,"texture":"#0"},"up":{"uv":[12.875,1.875,13,2.375],"rotation":180,"texture":"#0"},"down":{"uv":[12.875,1.875,13,2.375],"texture":"#0"}}},{"from":[15.5,11,10],"to":[18.5,14,14],"rotation":{"angle":-45,"axis":"y","origin":[15,13,12]},"faces":{"north":{"uv":[14.5,2.375,14.875,2.75],"rotation":180,"texture":"#0"},"east":{"uv":[14.5,1.875,14.875,2.375],"rotation":270,"texture":"#0"},"south":{"uv":[14.875,1.875,15.25,2.25],"texture":"#0"},"west":{"uv":[14.5,1.875,14.875,2.375],"rotation":90,"texture":"#0"},"up":{"uv":[14.5,1.875,14.875,2.375],"rotation":180,"texture":"#0"},"down":{"uv":[14.5,1.875,14.875,2.375],"texture":"#0"}}},{"from":[4.5,11,12],"to":[7.5,14,16],"rotation":{"angle":-45,"axis":"y","origin":[8,13,12]},"faces":{"north":{"uv":[14.875,1.875,15.25,2.25],"rotation":180,"texture":"#0"},"east":{"uv":[14.5,1.875,14.875,2.375],"rotation":90,"texture":"#0"},"south":{"uv":[14.5,2.375,14.875,2.75],"texture":"#0"},"west":{"uv":[14.5,1.875,14.875,2.375],"rotation":270,"texture":"#0"},"up":{"uv":[14.5,1.875,14.875,2.375],"texture":"#0"},"down":{"uv":[14.5,1.875,14.875,2.375],"rotation":180,"texture":"#0"}}},{"from":[5.5,12,16],"to":[6.5,13,20],"rotation":{"angle":-45,"axis":"y","origin":[8,13,12]},"faces":{"north":{"uv":[12.875,1.875,13,2],"rotation":180,"texture":"#0"},"east":{"uv":[12.875,1.875,13,2.375],"rotation":90,"texture":"#0"},"south":{"uv":[12.875,1.875,13,2],"texture":"#0"},"west":{"uv":[12.875,1.875,13,2.375],"rotation":270,"texture":"#0"},"up":{"uv":[12.875,1.875,13,2.375],"texture":"#0"},"down":{"uv":[12.875,1.875,13,2.375],"rotation":180,"texture":"#0"}}},{"from":[0.5,2.5,11],"to":[1.5,18.5,12],"rotation":{"angle":22.5,"axis":"x","origin":[2,0.5,16.5]},"faces":{"north":{"uv":[15.875,2.375,16,4.375],"rotation":180,"texture":"#0"},"east":{"uv":[16,2.375,15.875,4.375],"rotation":180,"texture":"#0"},"south":{"uv":[15.875,2.375,16,4.375],"rotation":180,"texture":"#0"},"west":{"uv":[16,2.375,15.875,4.375],"rotation":180,"texture":"#0"},"up":{"uv":[15.875,4.25,16,4.375],"texture":"#0"},"down":{"uv":[15.875,4.25,16,4.375],"texture":"#0"}}},{"from":[-1,20,9.5],"to":[3,24,13.5],"rotation":{"angle":22.5,"axis":"x","origin":[2,0.5,16.5]},"faces":{"north":{"uv":[15.375,2.375,15.875,2.875],"rotation":180,"texture":"#0"},"east":{"uv":[15.375,2.375,15.875,2.875],"rotation":180,"texture":"#0"},"south":{"uv":[15.375,2.375,15.875,2.875],"rotation":180,"texture":"#0"},"west":{"uv":[15.375,2.375,15.875,2.875],"rotation":180,"texture":"#0"},"up":{"uv":[15.875,2.375,15.375,2.875],"texture":"#0"},"down":{"uv":[15.875,2.875,15.375,2.375],"texture":"#0"}}},{"from":[-0.5,18.75,10],"to":[2.5,19.75,13],"rotation":{"angle":22.5,"axis":"x","origin":[2,0.5,16.5]},"faces":{"north":{"uv":[15.5,3.25,15.875,3.375],"texture":"#0"},"east":{"uv":[15.5,3.25,15.875,3.375],"texture":"#0"},"south":{"uv":[15.5,3.25,15.875,3.375],"texture":"#0"},"west":{"uv":[15.5,3.25,15.875,3.375],"texture":"#0"},"up":{"uv":[15.5,2.875,15.875,3.25],"texture":"#0"},"down":{"uv":[15.5,2.875,15.875,3.25],"texture":"#0"}}},{"from":[-8,-16,-8],"to":[24,-8,24],"faces":{"north":{"uv":[0,7.875,4,8.875],"texture":"#0"},"east":{"uv":[0,7.875,4,8.875],"texture":"#0"},"south":{"uv":[0,7.875,4,8.875],"texture":"#0"},"west":{"uv":[0,7.875,4,8.875],"texture":"#0"},"up":{"uv":[0,3.875,4,7.875],"texture":"#0"},"down":{"uv":[0,3.875,4,7.875],"texture":"#0"}}},{"from":[9,-8,-8],"to":[24,-7,3],"faces":{"north":{"uv":[4,4,5.875,4.125],"texture":"#0"},"east":{"uv":[4,3.875,5.375,4],"texture":"#0"},"south":{"uv":[4,4,5.875,4.125],"texture":"#0"},"west":{"uv":[4,3.875,5.375,4],"texture":"#0"},"up":{"uv":[2.125,3.875,4,5.25],"texture":"#0"},"down":{"uv":[2.125,3.875,4,5.25],"texture":"#0"}}},{"from":[2,-8,3],"to":[20,-2,21],"faces":{"north":{"uv":[4,4.125,6.25,4.875],"texture":"#0"},"east":{"uv":[4,5.625,6.25,6.375],"texture":"#0"},"south":{"uv":[4,4.125,6.25,4.875],"texture":"#0"},"west":{"uv":[4,4.875,6.25,5.625],"texture":"#0"},"up":{"uv":[1.25,5.25,3.5,7.5],"texture":"#0"},"down":{"uv":[1.25,5.25,3.5,7.5],"texture":"#0"}}}]}