{"display":{"thirdperson_righthand":{"rotation":[75,45,0],"translation":[0,2.5,2.5],"scale":[0.15,0.15,0.15]},"thirdperson_lefthand":{"rotation":[75,45,0],"translation":[0,2.5,2.5],"scale":[0.15,0.15,0.15]},"firstperson_righthand":{"rotation":[0,45,0],"scale":[0.2,0.2,0.2]},"firstperson_lefthand":{"rotation":[0,45,0],"scale":[0.2,0.2,0.2]},"ground":{"translation":[0,3.5,0],"scale":[0.15,0.15,0.15]},"gui":{"rotation":[30,225,0],"translation":[0,1,0],"scale":[0.25,0.25,0.25]},"head":{"scale":[3,3,3]},"fixed":{"rotation":[-90,0,0],"translation":[0,0,-58],"scale":[4,4,4]}},"texture_size":[256,256],"textures":{"0":"statue/statue"},"elements":[{"from":[24.75,-7.5,6.25],"to":[25.75,-6,6.75],"rotation":{"angle":0,"axis":"z","origin":[4,0,9.5]},"faces":{"north":{"uv":[0,0.1875,0.1875,0.3125],"rotation":90,"texture":"#0"},"east":{"uv":[0.3125,0,0.25,0.1875],"texture":"#0"},"south":{"uv":[0.25,0.1875,0.4375,0.3125],"rotation":270,"texture":"#0"},"west":{"uv":[0.25,0.1875,0.1875,0],"rotation":180,"texture":"#0"},"up":{"uv":[0.4375,0.1875,0.5,0.3125],"rotation":270,"texture":"#0"},"down":{"uv":[0.1875,0.1875,0.25,0.3125],"rotation":270,"texture":"#0"}}},{"from":[24.75,-7.5,8.25],"to":[25.75,-6,8.75],"rotation":{"angle":0,"axis":"z","origin":[4,0,9.5]},"faces":{"north":{"uv":[0,0.1875,0.1875,0.3125],"rotation":90,"texture":"#0"},"east":{"uv":[0.3125,0,0.25,0.1875],"texture":"#0"},"south":{"uv":[0.25,0.1875,0.4375,0.3125],"rotation":270,"texture":"#0"},"west":{"uv":[0.25,0.1875,0.1875,0],"rotation":180,"texture":"#0"},"up":{"uv":[0.4375,0.1875,0.5,0.3125],"rotation":270,"texture":"#0"},"down":{"uv":[0.1875,0.1875,0.25,0.3125],"rotation":270,"texture":"#0"}}},{"from":[25.75,-9,5.5],"to":[29.75,-5,9.5],"rotation":{"angle":0,"axis":"z","origin":[4,0,9.5]},"faces":{"north":{"uv":[3,1.25,3.5,1.75],"rotation":90,"texture":"#0"},"east":{"uv":[4.5,0.75,4,1.25],"texture":"#0"},"south":{"uv":[4,1.25,4.5,1.75],"rotation":270,"texture":"#0"},"west":{"uv":[4,1.25,3.5,0.75],"rotation":180,"texture":"#0"},"up":{"uv":[4.5,1.25,5,1.75],"rotation":270,"texture":"#0"},"down":{"uv":[3.5,1.25,4,1.75],"rotation":270,"texture":"#0"}}},{"from":[27.5,-12.5,6],"to":[28.75,-8.5,9],"rotation":{"angle":0,"axis":"z","origin":[4,0,9.5]},"faces":{"north":{"uv":[3.25,3.0625,3.75,3.1875],"rotation":90,"texture":"#0"},"east":{"uv":[4.5,2.5625,4.125,3.0625],"texture":"#0"},"south":{"uv":[4.125,3.0625,4.625,3.1875],"rotation":270,"texture":"#0"},"west":{"uv":[4.125,3.0625,3.75,2.5625],"rotation":180,"texture":"#0"},"up":{"uv":[4.625,3.0625,5,3.1875],"rotation":270,"texture":"#0"},"down":{"uv":[3.75,3.0625,4.125,3.1875],"rotation":270,"texture":"#0"}}},{"from":[28.74,-12.51,5.99],"to":[29.76,-8.49,9.01],"rotation":{"angle":0,"axis":"z","origin":[4,0,9.5]},"faces":{"north":{"uv":[3.25,3.6875,3.75,3.8125],"rotation":90,"texture":"#0"},"east":{"uv":[4.5,3.1875,4.125,3.6875],"texture":"#0"},"south":{"uv":[4.125,3.6875,4.625,3.8125],"rotation":270,"texture":"#0"},"west":{"uv":[4.125,3.6875,3.75,3.1875],"rotation":180,"texture":"#0"},"up":{"uv":[4.625,3.6875,5,3.8125],"rotation":270,"texture":"#0"},"down":{"uv":[3.75,3.6875,4.125,3.8125],"rotation":270,"texture":"#0"}}},{"from":[27,-12,6.5],"to":[27.5,-11,7],"rotation":{"angle":0,"axis":"z","origin":[4,0,9.5]},"faces":{"north":{"uv":[0.0625,0.5,0.1875,0.5625],"rotation":90,"texture":"#0"},"east":{"uv":[0.3125,0.375,0.25,0.5],"texture":"#0"},"south":{"uv":[0.25,0.5,0.375,0.5625],"rotation":270,"texture":"#0"},"west":{"uv":[0.25,0.5,0.1875,0.375],"rotation":180,"texture":"#0"},"up":{"uv":[0.375,0.5,0.4375,0.5625],"rotation":270,"texture":"#0"},"down":{"uv":[0.1875,0.5,0.25,0.5625],"rotation":270,"texture":"#0"}}},{"from":[27,-12,8],"to":[27.5,-11,8.5],"rotation":{"angle":0,"axis":"z","origin":[4,0,9.5]},"faces":{"north":{"uv":[0.0625,0.5,0.1875,0.5625],"rotation":90,"texture":"#0"},"east":{"uv":[0.3125,0.375,0.25,0.5],"texture":"#0"},"south":{"uv":[0.25,0.5,0.375,0.5625],"rotation":270,"texture":"#0"},"west":{"uv":[0.25,0.5,0.1875,0.375],"rotation":180,"texture":"#0"},"up":{"uv":[0.375,0.5,0.4375,0.5625],"rotation":270,"texture":"#0"},"down":{"uv":[0.1875,0.5,0.25,0.5625],"rotation":270,"texture":"#0"}}},{"from":[21.24,1.49,6.24],"to":[23.76,4.01,8.76],"rotation":{"angle":-22.5,"axis":"z","origin":[20,2,8.5]},"faces":{"north":{"uv":[7.25,3.125,7.5625,2.8125],"rotation":180,"texture":"#0"},"east":{"uv":[7.5625,3.125,7.875,2.8125],"rotation":180,"texture":"#0"},"south":{"uv":[6.625,3.125,6.9375,2.8125],"rotation":180,"texture":"#0"},"west":{"uv":[6.9375,3.125,7.25,2.8125],"rotation":180,"texture":"#0"},"up":{"uv":[7.25,2.5,6.9375,2.8125],"rotation":90,"texture":"#0"},"down":{"uv":[7.5625,2.8125,7.25,2.5],"rotation":270,"texture":"#0"}}},{"from":[24.25,-4,6.25],"to":[26.75,-1.5,8.75],"rotation":{"angle":22.5,"axis":"z","origin":[29,2,8.5]},"faces":{"north":{"uv":[7.25,3.125,7.5625,2.8125],"rotation":90,"texture":"#0"},"east":{"uv":[7.25,2.5,6.9375,2.8125],"rotation":180,"texture":"#0"},"south":{"uv":[6.625,3.125,6.9375,2.8125],"rotation":270,"texture":"#0"},"west":{"uv":[7.5625,2.8125,7.25,2.5],"texture":"#0"},"up":{"uv":[6.9375,3.125,7.25,2.8125],"rotation":270,"texture":"#0"},"down":{"uv":[7.5625,3.125,7.875,2.8125],"rotation":270,"texture":"#0"}}},{"from":[25.74,2.99,6.24],"to":[28.26,5.51,8.76],"rotation":{"angle":-45,"axis":"z","origin":[20,2,8.5]},"faces":{"north":{"uv":[7.25,3.125,7.5625,2.8125],"rotation":180,"texture":"#0"},"east":{"uv":[7.5625,3.125,7.875,2.8125],"rotation":180,"texture":"#0"},"south":{"uv":[6.625,3.125,6.9375,2.8125],"rotation":180,"texture":"#0"},"west":{"uv":[6.9375,3.125,7.25,2.8125],"rotation":180,"texture":"#0"},"up":{"uv":[7.25,2.5,6.9375,2.8125],"rotation":90,"texture":"#0"},"down":{"uv":[7.5625,2.8125,7.25,2.5],"rotation":270,"texture":"#0"}}},{"from":[23.75,1.25,6.25],"to":[26.25,3.75,8.75],"rotation":{"angle":-22.5,"axis":"z","origin":[20,2,8.5]},"faces":{"north":{"uv":[7.25,3.125,7.5625,2.8125],"rotation":180,"texture":"#0"},"east":{"uv":[7.5625,3.125,7.875,2.8125],"rotation":180,"texture":"#0"},"south":{"uv":[6.625,3.125,6.9375,2.8125],"rotation":180,"texture":"#0"},"west":{"uv":[6.9375,3.125,7.25,2.8125],"rotation":180,"texture":"#0"},"up":{"uv":[7.25,2.5,6.9375,2.8125],"rotation":90,"texture":"#0"},"down":{"uv":[7.5625,2.8125,7.25,2.5],"rotation":270,"texture":"#0"}}},{"from":[19,1,6.25],"to":[21.5,3.5,8.75],"rotation":{"angle":0,"axis":"z","origin":[20,2,8.5]},"faces":{"north":{"uv":[7.25,3.125,7.5625,2.8125],"rotation":180,"texture":"#0"},"east":{"uv":[7.5625,3.125,7.875,2.8125],"rotation":180,"texture":"#0"},"south":{"uv":[6.625,3.125,6.9375,2.8125],"rotation":180,"texture":"#0"},"west":{"uv":[6.9375,2.8125,7.25,3.125],"rotation":180,"texture":"#0"},"up":{"uv":[7.25,2.5,6.9375,2.8125],"rotation":90,"texture":"#0"},"down":{"uv":[7.5625,2.8125,7.25,2.5],"rotation":270,"texture":"#0"}}},{"from":[19.5,0,7.25],"to":[21,1,7.75],"rotation":{"angle":0,"axis":"z","origin":[3,-2,-1.5]},"faces":{"north":{"uv":[0.25,0.1875,0.4375,0.3125],"rotation":180,"texture":"#0"},"east":{"uv":[0.4375,0.1875,0.5,0.3125],"rotation":180,"texture":"#0"},"south":{"uv":[0,0.1875,0.1875,0.3125],"rotation":180,"texture":"#0"},"west":{"uv":[0.1875,0.1875,0.25,0.3125],"rotation":180,"texture":"#0"},"up":{"uv":[0.3125,0,0.25,0.1875],"rotation":90,"texture":"#0"},"down":{"uv":[0.25,0.1875,0.1875,0],"rotation":270,"texture":"#0"}}},{"from":[23.5,-10.25,7.25],"to":[24.5,-8.75,7.75],"rotation":{"angle":22.5,"axis":"z","origin":[12,-2,-1.5]},"faces":{"north":{"uv":[0.25,0.1875,0.4375,0.3125],"rotation":90,"texture":"#0"},"east":{"uv":[0.3125,0,0.25,0.1875],"rotation":180,"texture":"#0"},"south":{"uv":[0,0.1875,0.1875,0.3125],"rotation":270,"texture":"#0"},"west":{"uv":[0.25,0.1875,0.1875,0],"texture":"#0"},"up":{"uv":[0.1875,0.1875,0.25,0.3125],"rotation":270,"texture":"#0"},"down":{"uv":[0.4375,0.1875,0.5,0.3125],"rotation":270,"texture":"#0"}}},{"from":[19,6.75,7.25],"to":[20.5,7.75,7.75],"rotation":{"angle":-22.5,"axis":"z","origin":[3,-2,-1.5]},"faces":{"north":{"uv":[0.25,0.1875,0.4375,0.3125],"rotation":180,"texture":"#0"},"east":{"uv":[0.4375,0.1875,0.5,0.3125],"rotation":180,"texture":"#0"},"south":{"uv":[0,0.1875,0.1875,0.3125],"rotation":180,"texture":"#0"},"west":{"uv":[0.1875,0.1875,0.25,0.3125],"rotation":180,"texture":"#0"},"up":{"uv":[0.3125,0,0.25,0.1875],"rotation":90,"texture":"#0"},"down":{"uv":[0.25,0.1875,0.1875,0],"rotation":270,"texture":"#0"}}},{"from":[21.5,6.5,7.25],"to":[23,7.5,7.75],"rotation":{"angle":-22.5,"axis":"z","origin":[3,-2,-1.5]},"faces":{"north":{"uv":[0.25,0.1875,0.4375,0.3125],"rotation":180,"texture":"#0"},"east":{"uv":[0.4375,0.1875,0.5,0.3125],"rotation":180,"texture":"#0"},"south":{"uv":[0,0.1875,0.1875,0.3125],"rotation":180,"texture":"#0"},"west":{"uv":[0.1875,0.1875,0.25,0.3125],"rotation":180,"texture":"#0"},"up":{"uv":[0.3125,0,0.25,0.1875],"rotation":90,"texture":"#0"},"down":{"uv":[0.25,0.1875,0.1875,0],"rotation":270,"texture":"#0"}}},{"from":[18.5,13,7.25],"to":[20,14,7.75],"rotation":{"angle":-45,"axis":"z","origin":[3,-2,-1.5]},"faces":{"north":{"uv":[0.25,0.1875,0.4375,0.3125],"rotation":180,"texture":"#0"},"east":{"uv":[0.4375,0.1875,0.5,0.3125],"rotation":180,"texture":"#0"},"south":{"uv":[0,0.1875,0.1875,0.3125],"rotation":180,"texture":"#0"},"west":{"uv":[0.1875,0.1875,0.25,0.3125],"rotation":180,"texture":"#0"},"up":{"uv":[0.3125,0,0.25,0.1875],"rotation":90,"texture":"#0"},"down":{"uv":[0.25,0.1875,0.1875,0],"rotation":270,"texture":"#0"}}},{"from":[3,-1,4.5],"to":[19,5,10.5],"rotation":{"angle":0,"axis":"y","origin":[3,0,1.5]},"faces":{"north":{"uv":[3.75,0.75,5.75,0],"rotation":180,"texture":"#0"},"east":{"uv":[3,0.75,3.75,0],"rotation":180,"texture":"#0"},"south":{"uv":[3.75,0.75,5.75,0],"rotation":180,"texture":"#0"},"west":{"uv":[5.75,0.75,6.5,0],"rotation":180,"texture":"#0"},"up":{"uv":[5.875,3.875,7.875,3.125],"texture":"#0"},"down":{"uv":[3,2,2.25,0],"rotation":90,"texture":"#0"}}},{"from":[-4.5,-0.75,5.5],"to":[-2,1.75,8],"rotation":{"angle":-22.5,"axis":"y","origin":[-3,2,7.5]},"faces":{"north":{"uv":[7.25,3.125,7.5625,2.8125],"rotation":180,"texture":"#0"},"east":{"uv":[7.5625,3.125,7.875,2.8125],"rotation":180,"texture":"#0"},"south":{"uv":[6.9375,3.125,6.625,2.8125],"rotation":180,"texture":"#0"},"west":{"uv":[6.9375,3.125,7.25,2.8125],"rotation":180,"texture":"#0"},"up":{"uv":[7.25,2.5,6.9375,2.8125],"rotation":90,"texture":"#0"},"down":{"uv":[7.5625,2.8125,7.25,2.5],"rotation":270,"texture":"#0"}}},{"from":[-9.5,-2.5,-2],"to":[-7,0,0.5],"rotation":{"angle":-22.5,"axis":"y","origin":[-3,2,7.5]},"faces":{"north":{"uv":[6.9375,3.125,7.25,2.8125],"rotation":180,"texture":"#0"},"east":{"uv":[7.25,3.125,7.5625,2.8125],"rotation":180,"texture":"#0"},"south":{"uv":[7.875,3.125,7.5625,2.8125],"rotation":180,"texture":"#0"},"west":{"uv":[6.625,3.125,6.9375,2.8125],"rotation":180,"texture":"#0"},"up":{"uv":[7.25,2.5,6.9375,2.8125],"rotation":180,"texture":"#0"},"down":{"uv":[7.5625,2.8125,7.25,2.5],"rotation":180,"texture":"#0"}}},{"from":[-4.76,-1.01,3.49],"to":[-2.24,1.51,6.01],"rotation":{"angle":22.5,"axis":"y","origin":[-3,2,7.5]},"faces":{"north":{"uv":[6.9375,3.125,7.25,2.8125],"rotation":180,"texture":"#0"},"east":{"uv":[7.25,3.125,7.5625,2.8125],"rotation":180,"texture":"#0"},"south":{"uv":[7.875,3.125,7.5625,2.8125],"rotation":180,"texture":"#0"},"west":{"uv":[6.625,3.125,6.9375,2.8125],"rotation":180,"texture":"#0"},"up":{"uv":[7.25,2.5,6.9375,2.8125],"rotation":180,"texture":"#0"},"down":{"uv":[7.5625,2.8125,7.25,2.5],"rotation":180,"texture":"#0"}}},{"from":[-2.25,-3.5,-5.5],"to":[0.25,-1,-3],"rotation":{"angle":0,"axis":"y","origin":[-3,2,7.5]},"faces":{"north":{"uv":[6.625,3.125,6.9375,2.8125],"rotation":180,"texture":"#0"},"east":{"uv":[6.9375,3.125,7.25,2.8125],"rotation":180,"texture":"#0"},"south":{"uv":[7.5625,3.125,7.25,2.8125],"rotation":180,"texture":"#0"},"west":{"uv":[7.5625,3.125,7.875,2.8125],"rotation":180,"texture":"#0"},"up":{"uv":[7.25,2.5,6.9375,2.8125],"rotation":270,"texture":"#0"},"down":{"uv":[7.5625,2.8125,7.25,2.5],"rotation":90,"texture":"#0"}}},{"from":[-12.51,-3.01,-1.76],"to":[-9.99,-0.49,0.76],"rotation":{"angle":-45,"axis":"y","origin":[-3,2,7.5]},"faces":{"north":{"uv":[6.9375,3.125,7.25,2.8125],"rotation":180,"texture":"#0"},"east":{"uv":[7.25,3.125,7.5625,2.8125],"rotation":180,"texture":"#0"},"south":{"uv":[7.875,3.125,7.5625,2.8125],"rotation":180,"texture":"#0"},"west":{"uv":[6.625,3.125,6.9375,2.8125],"rotation":180,"texture":"#0"},"up":{"uv":[7.25,2.5,6.9375,2.8125],"rotation":180,"texture":"#0"},"down":{"uv":[7.5625,2.8125,7.25,2.5],"rotation":180,"texture":"#0"}}},{"from":[-6.51,-2.01,-1.01],"to":[-3.99,0.51,1.51],"rotation":{"angle":0,"axis":"y","origin":[-3,2,7.5]},"faces":{"north":{"uv":[6.9375,3.125,7.25,2.8125],"rotation":180,"texture":"#0"},"east":{"uv":[7.25,3.125,7.5625,2.8125],"rotation":180,"texture":"#0"},"south":{"uv":[7.875,3.125,7.5625,2.8125],"rotation":180,"texture":"#0"},"west":{"uv":[6.625,3.125,6.9375,2.8125],"rotation":180,"texture":"#0"},"up":{"uv":[7.25,2.5,6.9375,2.8125],"rotation":180,"texture":"#0"},"down":{"uv":[7.5625,2.8125,7.25,2.5],"rotation":180,"texture":"#0"}}},{"from":[1.74,-2.51,-5.51],"to":[4.26,0.01,-2.99],"rotation":{"angle":-22.5,"axis":"z","origin":[-3,2,7.5]},"faces":{"north":{"uv":[6.625,3.125,6.9375,2.8125],"rotation":180,"texture":"#0"},"east":{"uv":[6.9375,3.125,7.25,2.8125],"rotation":180,"texture":"#0"},"south":{"uv":[7.5625,3.125,7.25,2.8125],"rotation":180,"texture":"#0"},"west":{"uv":[7.5625,3.125,7.875,2.8125],"rotation":180,"texture":"#0"},"up":{"uv":[7.25,2.5,6.9375,2.8125],"rotation":270,"texture":"#0"},"down":{"uv":[7.5625,2.8125,7.25,2.5],"rotation":90,"texture":"#0"}}},{"from":[2.5,-6.25,-5.5],"to":[5,-3.75,-3],"rotation":{"angle":0,"axis":"z","origin":[-3,2,7.5]},"faces":{"north":{"uv":[6.625,3.125,6.9375,2.8125],"rotation":180,"texture":"#0"},"east":{"uv":[6.9375,3.125,7.25,2.8125],"rotation":180,"texture":"#0"},"south":{"uv":[7.5625,3.125,7.25,2.8125],"rotation":180,"texture":"#0"},"west":{"uv":[7.5625,3.125,7.875,2.8125],"rotation":180,"texture":"#0"},"up":{"uv":[7.25,2.5,6.9375,2.8125],"rotation":270,"texture":"#0"},"down":{"uv":[7.5625,2.8125,7.25,2.5],"rotation":90,"texture":"#0"}}},{"from":[-6.25,-1.5,1.5],"to":[-3.75,1,4],"rotation":{"angle":0,"axis":"y","origin":[-3,2,7.5]},"faces":{"north":{"uv":[6.9375,3.125,7.25,2.8125],"rotation":180,"texture":"#0"},"east":{"uv":[7.25,3.125,7.5625,2.8125],"rotation":180,"texture":"#0"},"south":{"uv":[7.875,3.125,7.5625,2.8125],"rotation":180,"texture":"#0"},"west":{"uv":[6.625,3.125,6.9375,2.8125],"rotation":180,"texture":"#0"},"up":{"uv":[7.25,2.5,6.9375,2.8125],"rotation":180,"texture":"#0"},"down":{"uv":[7.5625,2.8125,7.25,2.5],"rotation":180,"texture":"#0"}}},{"from":[4.99,-7.01,-5.51],"to":[7.51,-4.49,-2.99],"rotation":{"angle":0,"axis":"z","origin":[-3,2,7.5]},"faces":{"north":{"uv":[6.625,3.125,6.9375,2.8125],"rotation":180,"texture":"#0"},"east":{"uv":[6.9375,3.125,7.25,2.8125],"rotation":180,"texture":"#0"},"south":{"uv":[7.5625,3.125,7.25,2.8125],"rotation":180,"texture":"#0"},"west":{"uv":[7.5625,3.125,7.875,2.8125],"rotation":180,"texture":"#0"},"up":{"uv":[7.25,2.5,6.9375,2.8125],"rotation":270,"texture":"#0"},"down":{"uv":[7.5625,2.8125,7.25,2.5],"rotation":90,"texture":"#0"}}},{"from":[0.5,1,6.25],"to":[3,3.5,8.75],"rotation":{"angle":0,"axis":"z","origin":[20,2,8.5]},"faces":{"north":{"uv":[7.25,3.125,7.5625,2.8125],"rotation":180,"texture":"#0"},"east":{"uv":[7.5625,3.125,7.875,2.8125],"rotation":180,"texture":"#0"},"south":{"uv":[6.9375,3.125,6.625,2.8125],"rotation":180,"texture":"#0"},"west":{"uv":[6.9375,3.125,7.25,2.8125],"rotation":180,"texture":"#0"},"up":{"uv":[7.25,2.5,6.9375,2.8125],"rotation":90,"texture":"#0"},"down":{"uv":[7.5625,2.8125,7.25,2.5],"rotation":270,"texture":"#0"}}},{"from":[-2.01,-0.01,6.24],"to":[0.51,2.51,8.76],"rotation":{"angle":22.5,"axis":"z","origin":[-1,2,8.5]},"faces":{"north":{"uv":[7.25,3.125,7.5625,2.8125],"rotation":180,"texture":"#0"},"east":{"uv":[7.5625,3.125,7.875,2.8125],"rotation":180,"texture":"#0"},"south":{"uv":[6.9375,3.125,6.625,2.8125],"rotation":180,"texture":"#0"},"west":{"uv":[6.9375,3.125,7.25,2.8125],"rotation":180,"texture":"#0"},"up":{"uv":[7.25,2.5,6.9375,2.8125],"rotation":90,"texture":"#0"},"down":{"uv":[7.5625,2.8125,7.25,2.5],"rotation":270,"texture":"#0"}}},{"from":[1,0,7.25],"to":[2.5,1,7.75],"rotation":{"angle":0,"axis":"z","origin":[3,-2,-1.5]},"faces":{"north":{"uv":[0.25,0.1875,0.4375,0.3125],"rotation":180,"texture":"#0"},"east":{"uv":[0.4375,0.1875,0.5,0.3125],"rotation":180,"texture":"#0"},"south":{"uv":[0,0.1875,0.1875,0.3125],"rotation":180,"texture":"#0"},"west":{"uv":[0.1875,0.1875,0.25,0.3125],"rotation":180,"texture":"#0"},"up":{"uv":[0.3125,0,0.25,0.1875],"rotation":90,"texture":"#0"},"down":{"uv":[0.25,0.1875,0.1875,0],"rotation":270,"texture":"#0"}}},{"from":[-1.5,-1,7.25],"to":[0,0,7.75],"rotation":{"angle":22.5,"axis":"z","origin":[-1,2,8.5]},"faces":{"north":{"uv":[0.25,0.1875,0.4375,0.3125],"rotation":180,"texture":"#0"},"east":{"uv":[0.4375,0.1875,0.5,0.3125],"rotation":180,"texture":"#0"},"south":{"uv":[0,0.1875,0.1875,0.3125],"rotation":180,"texture":"#0"},"west":{"uv":[0.1875,0.1875,0.25,0.3125],"rotation":180,"texture":"#0"},"up":{"uv":[0.3125,0,0.25,0.1875],"rotation":90,"texture":"#0"},"down":{"uv":[0.25,0.1875,0.1875,0],"rotation":270,"texture":"#0"}}},{"from":[-4,-1.75,6.5],"to":[-2.5,-0.75,7],"rotation":{"angle":-22.5,"axis":"y","origin":[-3,2,7.5]},"faces":{"north":{"uv":[0.25,0.1875,0.4375,0.3125],"rotation":180,"texture":"#0"},"east":{"uv":[0.4375,0.1875,0.5,0.3125],"rotation":180,"texture":"#0"},"south":{"uv":[0,0.1875,0.1875,0.3125],"rotation":180,"texture":"#0"},"west":{"uv":[0.1875,0.1875,0.25,0.3125],"rotation":180,"texture":"#0"},"up":{"uv":[0.3125,0,0.25,0.1875],"rotation":90,"texture":"#0"},"down":{"uv":[0.25,0.1875,0.1875,0],"rotation":270,"texture":"#0"}}},{"from":[-3.75,-2,4],"to":[-3.25,-1,5.5],"rotation":{"angle":22.5,"axis":"y","origin":[-3,2,7.5]},"faces":{"north":{"uv":[0.1875,0.1875,0.25,0.3125],"rotation":180,"texture":"#0"},"east":{"uv":[0.25,0.1875,0.4375,0.3125],"rotation":180,"texture":"#0"},"south":{"uv":[0.4375,0.1875,0.5,0.3125],"rotation":180,"texture":"#0"},"west":{"uv":[0,0.1875,0.1875,0.3125],"rotation":180,"texture":"#0"},"up":{"uv":[0.3125,0,0.25,0.1875],"rotation":180,"texture":"#0"},"down":{"uv":[0.25,0.1875,0.1875,0],"rotation":180,"texture":"#0"}}},{"from":[-5.25,-2.5,2],"to":[-4.75,-1.5,3.5],"rotation":{"angle":0,"axis":"y","origin":[-3,2,7.5]},"faces":{"north":{"uv":[0.1875,0.1875,0.25,0.3125],"rotation":180,"texture":"#0"},"east":{"uv":[0.25,0.1875,0.4375,0.3125],"rotation":180,"texture":"#0"},"south":{"uv":[0.4375,0.1875,0.5,0.3125],"rotation":180,"texture":"#0"},"west":{"uv":[0,0.1875,0.1875,0.3125],"rotation":180,"texture":"#0"},"up":{"uv":[0.3125,0,0.25,0.1875],"rotation":180,"texture":"#0"},"down":{"uv":[0.25,0.1875,0.1875,0],"rotation":180,"texture":"#0"}}},{"from":[-5.5,-3,-0.5],"to":[-5,-2,1],"rotation":{"angle":0,"axis":"y","origin":[-3,2,7.5]},"faces":{"north":{"uv":[0.1875,0.1875,0.25,0.3125],"rotation":180,"texture":"#0"},"east":{"uv":[0.25,0.1875,0.4375,0.3125],"rotation":180,"texture":"#0"},"south":{"uv":[0.4375,0.1875,0.5,0.3125],"rotation":180,"texture":"#0"},"west":{"uv":[0,0.1875,0.1875,0.3125],"rotation":180,"texture":"#0"},"up":{"uv":[0.3125,0,0.25,0.1875],"rotation":180,"texture":"#0"},"down":{"uv":[0.25,0.1875,0.1875,0],"rotation":180,"texture":"#0"}}},{"from":[-8.5,-3.5,-1.5],"to":[-8,-2.5,0],"rotation":{"angle":-22.5,"axis":"y","origin":[-3,2,7.5]},"faces":{"north":{"uv":[0.1875,0.1875,0.25,0.3125],"rotation":180,"texture":"#0"},"east":{"uv":[0.25,0.1875,0.4375,0.3125],"rotation":180,"texture":"#0"},"south":{"uv":[0.4375,0.1875,0.5,0.3125],"rotation":180,"texture":"#0"},"west":{"uv":[0,0.1875,0.1875,0.3125],"rotation":180,"texture":"#0"},"up":{"uv":[0.3125,0,0.25,0.1875],"rotation":180,"texture":"#0"},"down":{"uv":[0.25,0.1875,0.1875,0],"rotation":180,"texture":"#0"}}},{"from":[-11.5,-4,-1.25],"to":[-11,-3,0.25],"rotation":{"angle":-45,"axis":"y","origin":[-3,2,7.5]},"faces":{"north":{"uv":[0.1875,0.1875,0.25,0.3125],"rotation":180,"texture":"#0"},"east":{"uv":[0.25,0.1875,0.4375,0.3125],"rotation":180,"texture":"#0"},"south":{"uv":[0.4375,0.1875,0.5,0.3125],"rotation":180,"texture":"#0"},"west":{"uv":[0,0.1875,0.1875,0.3125],"rotation":180,"texture":"#0"},"up":{"uv":[0.3125,0,0.25,0.1875],"rotation":180,"texture":"#0"},"down":{"uv":[0.25,0.1875,0.1875,0],"rotation":180,"texture":"#0"}}},{"from":[-1.75,-4.5,-4.5],"to":[-0.25,-3.5,-4],"rotation":{"angle":0,"axis":"y","origin":[-3,2,7.5]},"faces":{"north":{"uv":[0,0.1875,0.1875,0.3125],"rotation":180,"texture":"#0"},"east":{"uv":[0.1875,0.1875,0.25,0.3125],"rotation":180,"texture":"#0"},"south":{"uv":[0.25,0.1875,0.4375,0.3125],"rotation":180,"texture":"#0"},"west":{"uv":[0.4375,0.1875,0.5,0.3125],"rotation":180,"texture":"#0"},"up":{"uv":[0.3125,0,0.25,0.1875],"rotation":270,"texture":"#0"},"down":{"uv":[0.25,0.1875,0.1875,0],"rotation":90,"texture":"#0"}}},{"from":[2.25,-3.5,-4.5],"to":[3.75,-2.5,-4],"rotation":{"angle":-22.5,"axis":"z","origin":[-3,2,7.5]},"faces":{"north":{"uv":[0,0.1875,0.1875,0.3125],"rotation":180,"texture":"#0"},"east":{"uv":[0.1875,0.1875,0.25,0.3125],"rotation":180,"texture":"#0"},"south":{"uv":[0.25,0.1875,0.4375,0.3125],"rotation":180,"texture":"#0"},"west":{"uv":[0.4375,0.1875,0.5,0.3125],"rotation":180,"texture":"#0"},"up":{"uv":[0.3125,0,0.25,0.1875],"rotation":270,"texture":"#0"},"down":{"uv":[0.25,0.1875,0.1875,0],"rotation":90,"texture":"#0"}}},{"from":[3,-7.25,-4.5],"to":[4.5,-6.25,-4],"rotation":{"angle":0,"axis":"z","origin":[-3,2,7.5]},"faces":{"north":{"uv":[0,0.1875,0.1875,0.3125],"rotation":180,"texture":"#0"},"east":{"uv":[0.1875,0.1875,0.25,0.3125],"rotation":180,"texture":"#0"},"south":{"uv":[0.25,0.1875,0.4375,0.3125],"rotation":180,"texture":"#0"},"west":{"uv":[0.4375,0.1875,0.5,0.3125],"rotation":180,"texture":"#0"},"up":{"uv":[0.3125,0,0.25,0.1875],"rotation":270,"texture":"#0"},"down":{"uv":[0.25,0.1875,0.1875,0],"rotation":90,"texture":"#0"}}},{"from":[11,7.5,2.75],"to":[17,9,4.25],"rotation":{"angle":-22.5,"axis":"z","origin":[17,-1.25,3.5]},"faces":{"north":{"uv":[8.25,0.25,8.4375,1],"rotation":270,"texture":"#0"},"east":{"uv":[8.25,0.25,8.0625,0.0625],"rotation":180,"texture":"#0"},"south":{"uv":[7.875,0.25,8.0625,1],"rotation":90,"texture":"#0"},"west":{"uv":[8.4375,0.0625,8.25,0.25],"texture":"#0"},"up":{"uv":[8.4375,0.25,8.625,1],"rotation":90,"texture":"#0"},"down":{"uv":[8.0625,0.25,8.25,1],"rotation":90,"texture":"#0"}}},{"from":[15.5,2.75,2.5],"to":[17.5,8.75,4.5],"rotation":{"angle":-45,"axis":"z","origin":[17,3.75,4.5]},"faces":{"north":{"uv":[7.375,0.25,7.625,1],"rotation":180,"texture":"#0"},"east":{"uv":[7.625,0.25,7.875,1],"rotation":180,"texture":"#0"},"south":{"uv":[6.875,0.25,7.125,1],"rotation":180,"texture":"#0"},"west":{"uv":[7.125,0.25,7.375,1],"rotation":180,"texture":"#0"},"up":{"uv":[7.625,0,7.375,0.25],"rotation":90,"texture":"#0"},"down":{"uv":[7.375,0.25,7.125,0],"rotation":270,"texture":"#0"}}},{"from":[12,9.25,4.25],"to":[16,10.25,6.25],"rotation":{"angle":22.5,"axis":"y","origin":[11,1.75,5.5]},"faces":{"north":{"uv":[5.875,3.125,6.375,3],"rotation":180,"texture":"#0"},"east":{"uv":[6.375,3.125,6.625,3],"rotation":180,"texture":"#0"},"south":{"uv":[5.125,3.125,5.625,3],"rotation":180,"texture":"#0"},"west":{"uv":[5.625,3.125,5.875,3],"rotation":180,"texture":"#0"},"up":{"uv":[5.875,2.5,5.625,3],"rotation":90,"texture":"#0"},"down":{"uv":[6.125,3,5.875,2.5],"rotation":270,"texture":"#0"}}},{"from":[11,7.5,10.75],"to":[17,9,12.25],"rotation":{"angle":-22.5,"axis":"z","origin":[17,-1.25,11.5]},"faces":{"north":{"uv":[8.25,0.25,8.4375,1],"rotation":270,"texture":"#0"},"east":{"uv":[8.25,0.25,8.0625,0.0625],"rotation":180,"texture":"#0"},"south":{"uv":[7.875,0.25,8.0625,1],"rotation":90,"texture":"#0"},"west":{"uv":[8.4375,0.0625,8.25,0.25],"texture":"#0"},"up":{"uv":[8.4375,0.25,8.625,1],"rotation":90,"texture":"#0"},"down":{"uv":[8.0625,0.25,8.25,1],"rotation":90,"texture":"#0"}}},{"from":[15.5,2.75,10.5],"to":[17.5,8.75,12.5],"rotation":{"angle":-45,"axis":"z","origin":[17,3.75,12.5]},"faces":{"north":{"uv":[7.375,0.25,7.625,1],"rotation":180,"texture":"#0"},"east":{"uv":[7.625,0.25,7.875,1],"rotation":180,"texture":"#0"},"south":{"uv":[6.875,0.25,7.125,1],"rotation":180,"texture":"#0"},"west":{"uv":[7.125,0.25,7.375,1],"rotation":180,"texture":"#0"},"up":{"uv":[7.625,0,7.375,0.25],"rotation":90,"texture":"#0"},"down":{"uv":[7.375,0.25,7.125,0],"rotation":270,"texture":"#0"}}},{"from":[10.5,9.25,9],"to":[14.5,10.25,11],"rotation":{"angle":-22.5,"axis":"y","origin":[11,1.75,13.5]},"faces":{"north":{"uv":[5.875,3.125,6.375,3],"rotation":180,"texture":"#0"},"east":{"uv":[6.375,3.125,6.625,3],"rotation":180,"texture":"#0"},"south":{"uv":[5.125,3.125,5.625,3],"rotation":180,"texture":"#0"},"west":{"uv":[5.625,3.125,5.875,3],"rotation":180,"texture":"#0"},"up":{"uv":[5.875,2.5,5.625,3],"rotation":90,"texture":"#0"},"down":{"uv":[6.125,3,5.875,2.5],"rotation":270,"texture":"#0"}}},{"from":[0,0.5,1.5],"to":[8,4.5,5.5],"rotation":{"angle":-45,"axis":"z","origin":[6,2,3.5]},"faces":{"north":{"uv":[1,0.5,1.5,1.5],"rotation":270,"texture":"#0"},"east":{"uv":[1,0.5,0.5,0],"rotation":180,"texture":"#0"},"south":{"uv":[1,0.5,1.5,1.5],"rotation":90,"texture":"#0"},"west":{"uv":[1.5,0,1,0.5],"texture":"#0"},"up":{"uv":[1,0.5,1.5,1.5],"rotation":90,"texture":"#0"},"down":{"uv":[1,0.5,1.5,1.5],"rotation":90,"texture":"#0"}}},{"from":[-9,3.25,3.25],"to":[-3,4.75,7.75],"rotation":{"angle":-22.5,"axis":"y","origin":[2,9,5.5]},"faces":{"north":{"uv":[6.3125,1.6875,7.0625,1.5],"rotation":180,"texture":"#0"},"east":{"uv":[7.0625,1.6875,7.625,1.5],"rotation":180,"texture":"#0"},"south":{"uv":[5,1.6875,5.75,1.5],"rotation":180,"texture":"#0"},"west":{"uv":[5.75,1.6875,6.3125,1.5],"rotation":180,"texture":"#0"},"up":{"uv":[5.75,0.75,6.3125,1.5],"rotation":90,"texture":"#0"},"down":{"uv":[6.875,1.5,6.3125,0.75],"rotation":270,"texture":"#0"}}},{"from":[-5,5,2],"to":[3,8,5],"rotation":{"angle":22.5,"axis":"z","origin":[2,9,5.5]},"faces":{"north":{"uv":[0,0.625,0.375,1.625],"rotation":270,"texture":"#0"},"east":{"uv":[2.5,2,2.125,2.375],"rotation":180,"texture":"#0"},"south":{"uv":[0,0.625,0.375,1.625],"rotation":90,"texture":"#0"},"west":{"uv":[2.875,2.375,2.5,2],"texture":"#0"},"up":{"uv":[0,0.625,0.375,1.625],"rotation":90,"texture":"#0"},"down":{"uv":[0,0.625,0.375,1.625],"rotation":90,"texture":"#0"}}},{"from":[0,0.5,9.5],"to":[8,4.5,13.5],"rotation":{"angle":-45,"axis":"z","origin":[6,2,11.5]},"faces":{"north":{"uv":[1,0.5,1.5,1.5],"rotation":270,"texture":"#0"},"east":{"uv":[1,0.5,0.5,0],"rotation":180,"texture":"#0"},"south":{"uv":[1,0.5,1.5,1.5],"rotation":90,"texture":"#0"},"west":{"uv":[1.5,0,1,0.5],"texture":"#0"},"up":{"uv":[1,0.5,1.5,1.5],"rotation":90,"texture":"#0"},"down":{"uv":[1,0.5,1.5,1.5],"rotation":90,"texture":"#0"}}},{"from":[-7.5,3.25,7.5],"to":[-1.5,4.75,12],"rotation":{"angle":22.5,"axis":"y","origin":[2,9,13.5]},"faces":{"north":{"uv":[6.3125,1.6875,7.0625,1.5],"rotation":180,"texture":"#0"},"east":{"uv":[7.0625,1.6875,7.625,1.5],"rotation":180,"texture":"#0"},"south":{"uv":[5,1.6875,5.75,1.5],"rotation":180,"texture":"#0"},"west":{"uv":[5.75,1.6875,6.3125,1.5],"rotation":180,"texture":"#0"},"up":{"uv":[6.3125,0.75,5.75,1.5],"rotation":90,"texture":"#0"},"down":{"uv":[6.875,1.5,6.3125,0.75],"rotation":270,"texture":"#0"}}},{"from":[-5,5,10],"to":[3,8,13],"rotation":{"angle":22.5,"axis":"z","origin":[2,9,13.5]},"faces":{"north":{"uv":[0,0.625,0.375,1.625],"rotation":270,"texture":"#0"},"east":{"uv":[2.5,2,2.125,2.375],"rotation":180,"texture":"#0"},"south":{"uv":[0,0.625,0.375,1.625],"rotation":90,"texture":"#0"},"west":{"uv":[2.875,2.375,2.5,2],"texture":"#0"},"up":{"uv":[0,0.625,0.375,1.625],"rotation":90,"texture":"#0"},"down":{"uv":[0,0.625,0.375,1.625],"rotation":90,"texture":"#0"}}},{"from":[15.5,-1.06283,9.95461],"to":[17.5,0.93717,23.95461],"rotation":{"angle":0,"axis":"x","origin":[16.5,-0.5,9.5]},"faces":{"north":{"uv":[5.25,2,5,2.25],"rotation":180,"texture":"#0"},"east":{"uv":[5,2,3.25,2.25],"rotation":180,"texture":"#0"},"south":{"uv":[3.25,2,3,2.25],"rotation":180,"texture":"#0"},"west":{"uv":[7,2,5.25,2.25],"rotation":180,"texture":"#0"},"up":{"uv":[5,1.75,6.75,2],"rotation":270,"texture":"#0"},"down":{"uv":[3.25,2,5,1.75],"rotation":90,"texture":"#0"}}},{"from":[1.5,0.18717,9.95461],"to":[15.5,0.18717,23.95461],"rotation":{"angle":0,"axis":"x","origin":[16.5,-0.5,9.5]},"faces":{"north":{"uv":[1.75,0,0,0],"rotation":180,"texture":"#0"},"east":{"uv":[1.75,0,0,0],"rotation":180,"texture":"#0"},"south":{"uv":[1.75,0,0,0],"rotation":180,"texture":"#0"},"west":{"uv":[1.75,0,0,0],"rotation":180,"texture":"#0"},"up":{"uv":[8.625,0,10.375,1.75],"rotation":270,"texture":"#0"},"down":{"uv":[8.625,1.75,10.375,0],"rotation":90,"texture":"#0"}}},{"from":[16,-14.85,19.95],"to":[17,-0.85,20.95],"rotation":{"angle":-22.5,"axis":"x","origin":[16.5,8.5,19.5]},"faces":{"north":{"uv":[3.375,2.375,5.125,2.25],"rotation":270,"texture":"#0"},"east":{"uv":[5.125,2.375,3.375,2.5],"rotation":90,"texture":"#0"},"south":{"uv":[5.125,2.25,6.875,2.375],"rotation":270,"texture":"#0"},"west":{"uv":[7,2.375,5.25,2.5],"rotation":270,"texture":"#0"},"up":{"uv":[5.25,2.375,5.125,2.5],"texture":"#0"},"down":{"uv":[3.375,2.375,3.25,2.5],"rotation":180,"texture":"#0"}}},{"from":[2,-14.85,20.45],"to":[16,-0.85,20.45],"rotation":{"angle":-22.5,"axis":"x","origin":[16.5,8.5,19.5]},"faces":{"north":{"uv":[8.625,3.5,10.375,1.75],"rotation":270,"texture":"#0"},"east":{"uv":[1.75,0,0,0],"rotation":90,"texture":"#0"},"south":{"uv":[8.625,1.75,10.375,3.5],"rotation":270,"texture":"#0"},"west":{"uv":[1.75,0,0,0],"rotation":270,"texture":"#0"},"up":{"uv":[1.75,0,0,0],"texture":"#0"},"down":{"uv":[1.75,0,0,0],"rotation":180,"texture":"#0"}}},{"from":[15.5,-0.43717,-8.95461],"to":[17.5,1.56283,5.04539],"rotation":{"angle":-22.5,"axis":"x","origin":[16.5,0,5.5]},"faces":{"north":{"uv":[3.25,2,3,2.25],"texture":"#0"},"east":{"uv":[5,2,3.25,2.25],"texture":"#0"},"south":{"uv":[5.25,2,5,2.25],"texture":"#0"},"west":{"uv":[7,2,5.25,2.25],"texture":"#0"},"up":{"uv":[3.25,2,5,1.75],"rotation":90,"texture":"#0"},"down":{"uv":[5,1.75,6.75,2],"rotation":270,"texture":"#0"}}},{"from":[1.5,0.56283,-8.95461],"to":[15.5,0.56283,5.04539],"rotation":{"angle":-22.5,"axis":"x","origin":[16.5,0,5.5]},"faces":{"north":{"uv":[1.75,0,0,0],"texture":"#0"},"east":{"uv":[1.75,0,0,0],"texture":"#0"},"south":{"uv":[1.75,0,0,0],"texture":"#0"},"west":{"uv":[1.75,0,0,0],"texture":"#0"},"up":{"uv":[8.625,1.75,10.375,0],"rotation":90,"texture":"#0"},"down":{"uv":[8.625,0,10.375,1.75],"rotation":270,"texture":"#0"}}},{"from":[16,-15.87,14.25],"to":[17,-1.87,15.25],"rotation":{"angle":22.5,"axis":"x","origin":[16.5,54,-4.5]},"faces":{"north":{"uv":[3.375,2.375,5.125,2.25],"rotation":270,"texture":"#0"},"east":{"uv":[5.125,2.375,3.375,2.5],"rotation":90,"texture":"#0"},"south":{"uv":[5.125,2.25,6.875,2.375],"rotation":270,"texture":"#0"},"west":{"uv":[7,2.375,5.25,2.5],"rotation":270,"texture":"#0"},"up":{"uv":[5.25,2.375,5.125,2.5],"texture":"#0"},"down":{"uv":[3.375,2.375,3.25,2.5],"rotation":180,"texture":"#0"}}},{"from":[2,-15.87,14.75],"to":[16,-1.87,14.75],"rotation":{"angle":22.5,"axis":"x","origin":[16.5,54,-4.5]},"faces":{"north":{"uv":[8.625,3.5,10.375,1.75],"rotation":270,"texture":"#0"},"east":{"uv":[1.75,0,0,0],"rotation":90,"texture":"#0"},"south":{"uv":[8.625,1.75,10.375,3.5],"rotation":270,"texture":"#0"},"west":{"uv":[1.75,0,0,0],"rotation":270,"texture":"#0"},"up":{"uv":[1.75,0,0,0],"texture":"#0"},"down":{"uv":[1.75,0,0,0],"rotation":180,"texture":"#0"}}},{"from":[-8,-15,-8],"to":[24,-7,24],"faces":{"north":{"uv":[0,7.875,4,8.875],"texture":"#0"},"east":{"uv":[0,7.875,4,8.875],"texture":"#0"},"south":{"uv":[0,7.875,4,8.875],"texture":"#0"},"west":{"uv":[0,7.875,4,8.875],"texture":"#0"},"up":{"uv":[0,3.875,4,7.875],"texture":"#0"},"down":{"uv":[0,3.875,4,7.875],"texture":"#0"}}},{"from":[2,-7,3],"to":[20,-1,21],"faces":{"north":{"uv":[4,4.125,6.25,4.875],"texture":"#0"},"east":{"uv":[4,5.625,6.25,6.375],"texture":"#0"},"south":{"uv":[4,4.125,6.25,4.875],"texture":"#0"},"west":{"uv":[4,4.875,6.25,5.625],"texture":"#0"},"up":{"uv":[1.25,5.25,3.5,7.5],"texture":"#0"},"down":{"uv":[1.25,5.25,3.5,7.5],"texture":"#0"}}},{"from":[2,-1,11],"to":[12,0,21],"faces":{"north":{"uv":[1.9375,3.875,3.1875,4],"texture":"#0"},"east":{"uv":[1.9375,3.8125,3.1875,3.9375],"texture":"#0"},"south":{"uv":[1.9375,3.875,3.1875,4],"texture":"#0"},"west":{"uv":[1.9375,3.875,3.1875,4],"texture":"#0"},"up":{"uv":[1.25,6.25,2.5,7.5],"texture":"#0"},"down":{"uv":[1.25,6.25,2.5,7.5],"texture":"#0"}}},{"from":[6.25,16,13],"to":[11.58,21.33,18.33],"rotation":{"angle":-22.5,"axis":"y","origin":[9,15.5,15]},"faces":{"north":{"uv":[0.5,9.375,1,9.875],"texture":"#0"},"east":{"uv":[0,9.375,0.5,9.875],"texture":"#0"},"south":{"uv":[1.5,9.375,2,9.875],"texture":"#0"},"west":{"uv":[1,9.375,1.5,9.875],"texture":"#0"},"up":{"uv":[0.5,8.875,1,9.375],"texture":"#0"},"down":{"uv":[1,8.875,1.5,9.375],"texture":"#0"}}},{"from":[6,8,14.35],"to":[11.33,16,17.01],"rotation":{"angle":0,"axis":"y","origin":[0,-1.5,1]},"faces":{"north":{"uv":[1.25,10.125,1.75,10.875],"texture":"#0"},"east":{"uv":[1,10.125,1.25,10.875],"texture":"#0"},"south":{"uv":[2,10.125,2.5,10.875],"texture":"#0"},"west":{"uv":[1.75,10.125,2,10.875],"texture":"#0"},"up":{"uv":[1.25,9.875,1.75,10.125],"texture":"#0"},"down":{"uv":[1.75,9.875,2.25,10.125],"texture":"#0"}}},{"from":[3.25,13.75,14.24],"to":[5.91,21.75,16.9],"rotation":{"angle":22.5,"axis":"z","origin":[5,14.5,16]},"faces":{"north":{"uv":[3.5,10.125,3.25,10.875],"rotation":180,"texture":"#0"},"east":{"uv":[3,10.125,3.25,10.875],"rotation":180,"texture":"#0"},"south":{"uv":[3,10.125,2.75,10.875],"rotation":180,"texture":"#0"},"west":{"uv":[2.5,10.125,2.75,10.875],"rotation":180,"texture":"#0"},"up":{"uv":[3,9.875,3.25,10.125],"texture":"#0"},"down":{"uv":[2.75,9.875,3,10.125],"texture":"#0"}}},{"from":[11.25,7.25,14.35],"to":[13.91,15.25,17.01],"rotation":{"angle":-22.5,"axis":"x","origin":[11,14.5,15]},"faces":{"north":{"uv":[2.75,10.125,3,10.875],"texture":"#0"},"east":{"uv":[2.5,10.125,2.75,10.875],"texture":"#0"},"south":{"uv":[3.25,10.125,3.5,10.875],"texture":"#0"},"west":{"uv":[3,10.125,3.25,10.875],"texture":"#0"},"up":{"uv":[3,9.875,2.75,10.125],"texture":"#0"},"down":{"uv":[3.25,9.875,3,10.125],"texture":"#0"}}},{"from":[6,2.75,11.7],"to":[8.66,10.75,14.36],"rotation":{"angle":0,"axis":"y","origin":[0,-2,1]},"faces":{"north":{"uv":[0.5,10.125,0.25,10.875],"texture":"#0"},"east":{"uv":[0.5,10.125,0.75,10.875],"texture":"#0"},"south":{"uv":[1,10.125,0.75,10.875],"texture":"#0"},"west":{"uv":[0,10.125,0.25,10.875],"texture":"#0"},"up":{"uv":[0.25,9.875,0.5,10.125],"texture":"#0"},"down":{"uv":[0.5,9.875,0.75,10.125],"texture":"#0"}}},{"from":[8.65,0,14.35],"to":[11.31,8,17.01],"rotation":{"angle":0,"axis":"y","origin":[0,-2,1]},"faces":{"north":{"uv":[0.5,10.125,0.25,10.875],"texture":"#0"},"east":{"uv":[0.5,10.125,0.75,10.875],"texture":"#0"},"south":{"uv":[1,10.125,0.75,10.875],"texture":"#0"},"west":{"uv":[0,10.125,0.25,10.875],"texture":"#0"},"up":{"uv":[0.25,9.875,0.5,10.125],"texture":"#0"},"down":{"uv":[0.5,9.875,0.75,10.125],"texture":"#0"}}},{"from":[0.75,21,14],"to":[3.75,24,17],"faces":{"north":{"uv":[0,8.875,0.375,9.25],"texture":"#0"},"east":{"uv":[0,8.875,0.375,9.25],"texture":"#0"},"south":{"uv":[0,8.875,0.375,9.25],"texture":"#0"},"west":{"uv":[0,8.875,0.375,9.25],"texture":"#0"},"up":{"uv":[0,8.875,0.375,9.25],"texture":"#0"},"down":{"uv":[0,8.875,0.375,9.25],"texture":"#0"}}}]}