{"display":{"thirdperson_righthand":{"rotation":[75,45,0],"translation":[-1.5,2.5,1],"scale":[0.2,0.2,0.2]},"thirdperson_lefthand":{"rotation":[75,45,0],"translation":[-1.5,2.5,1],"scale":[0.2,0.2,0.2]},"firstperson_righthand":{"rotation":[0,45,0],"translation":[0,1,0],"scale":[0.2,0.2,0.2]},"firstperson_lefthand":{"rotation":[0,45,0],"translation":[0,1,0],"scale":[0.2,0.2,0.2]},"ground":{"translation":[0,3.2,0],"scale":[0.2,0.2,0.2]},"gui":{"rotation":[30,225,0],"scale":[0.35,0.35,0.35]},"head":{"scale":[2,2,2]},"fixed":{"rotation":[-80,0,0],"translation":[0,-8,-19],"scale":[2,2,2]}},"texture_size":[256,256],"textures":{"0":"statue/statue","1":"statue/splashes"},"elements":[{"from":[4,-1.21582,19.86033],"to":[12,17.78418,26.86033],"rotation":{"angle":-22.5,"axis":"x","origin":[8,4,23]},"faces":{"north":{"uv":[1.25,14.4375,0.75,13.25],"rotation":180,"texture":"#0"},"east":{"uv":[10.9375,12.9375,11.375,11.75],"texture":"#0"},"south":{"uv":[10.9375,12.9375,10.4375,11.75],"texture":"#0"},"west":{"uv":[10.9375,11.75,11.375,12.9375],"rotation":180,"texture":"#0"},"up":{"uv":[11.375,12.6875,11.875,13.125],"rotation":180,"texture":"#0"},"down":{"uv":[11.375,11.75,11.875,12.1875],"texture":"#0"}}},{"from":[7,17.78418,19.86033],"to":[9,21.78418,21.86033],"rotation":{"angle":-22.5,"axis":"x","origin":[8,4,23]},"faces":{"north":{"uv":[11.5,12.1875,11.375,12.4375],"rotation":180,"texture":"#0"},"east":{"uv":[11.5,12.4375,11.375,12.1875],"texture":"#0"},"south":{"uv":[11.375,12.4375,11.5,12.1875],"texture":"#0"},"west":{"uv":[11.375,12.1875,11.5,12.4375],"rotation":180,"texture":"#0"},"up":{"uv":[11.5,12.1875,11.625,12.3125],"rotation":180,"texture":"#0"},"down":{"uv":[11.5,12.1875,11.625,12.3125],"texture":"#0"}}},{"from":[7.5,3.53553,25.30761],"to":[8.5,8.53553,29.30761],"rotation":{"angle":0,"axis":"x","origin":[8,4,23]},"faces":{"north":{"uv":[13.375,11.8125,13.3125,12.125],"rotation":180,"texture":"#0"},"east":{"uv":[11.6875,12.4375,11.375,12.6875],"rotation":270,"texture":"#0"},"south":{"uv":[13.375,12.125,13.3125,11.8125],"texture":"#0"},"west":{"uv":[11.375,12.4375,11.6875,12.6875],"rotation":90,"texture":"#0"},"up":{"uv":[13.3125,11.875,13.375,12.125],"rotation":180,"texture":"#0"},"down":{"uv":[13.3125,11.875,13.375,12.125],"texture":"#0"}}},{"from":[12,8,24],"to":[19,12,25],"rotation":{"angle":-45,"axis":"x","origin":[8,4,23]},"faces":{"north":{"uv":[0.4375,15,0,15.25],"rotation":180,"texture":"#0"},"east":{"uv":[13.0625,12.125,13.3125,12.1875],"rotation":270,"texture":"#0"},"south":{"uv":[11.6875,12.6875,12.125,12.4375],"texture":"#0"},"west":{"uv":[13.0625,12.125,13.3125,12.1875],"rotation":90,"texture":"#0"},"up":{"uv":[12.6875,12.125,13.125,12.1875],"rotation":180,"texture":"#0"},"down":{"uv":[12.6875,12.125,13.125,12.1875],"texture":"#0"}}},{"from":[-3,8,24],"to":[4,12,25],"rotation":{"angle":-45,"axis":"x","origin":[8,4,23]},"faces":{"north":{"uv":[0.8125,15,1.25,15.25],"rotation":180,"texture":"#0"},"east":{"uv":[13.0625,12.125,13.3125,12.1875],"rotation":270,"texture":"#0"},"south":{"uv":[12.125,12.6875,11.6875,12.4375],"texture":"#0"},"west":{"uv":[13.0625,12.125,13.3125,12.1875],"rotation":90,"texture":"#0"},"up":{"uv":[12.6875,12.125,13.125,12.1875],"rotation":180,"texture":"#0"},"down":{"uv":[12.6875,12.125,13.125,12.1875],"texture":"#0"}}},{"from":[3,-15.02548,23.88444],"to":[13,-9.02548,24.88444],"rotation":{"angle":0,"axis":"x","origin":[8,2,23]},"faces":{"north":{"uv":[0.625,14.375,1.25,14.75],"texture":"#0"},"east":{"uv":[13.3125,11.75,13.375,12.125],"texture":"#0"},"south":{"uv":[12.6875,11.75,13.3125,12.125],"texture":"#0"},"west":{"uv":[13.3125,11.75,13.375,12.125],"texture":"#0"},"up":{"uv":[13.3125,12.1875,12.6875,12.125],"texture":"#0"},"down":{"uv":[13.3125,12.125,12.6875,12.1875],"texture":"#0"}}},{"from":[6,-10.53553,22.12132],"to":[10,0.46447,27.12132],"rotation":{"angle":0,"axis":"x","origin":[8,2,23]},"faces":{"north":{"uv":[0.25,13.25,0,13.9375],"rotation":180,"texture":"#0"},"east":{"uv":[11.875,11.75,12.1875,12.4375],"texture":"#0"},"south":{"uv":[12.4375,12.4375,12.1875,11.75],"texture":"#0"},"west":{"uv":[11.875,12.4375,12.1875,11.75],"rotation":180,"texture":"#0"},"up":{"uv":[12.4375,11.75,12.6875,12.0625],"rotation":180,"texture":"#0"},"down":{"uv":[12.4375,11.75,12.6875,12.0625],"texture":"#0"}}},{"from":[8,0,-15],"to":[8,32,17],"faces":{"north":{"uv":[0,0,0,2],"texture":"#1"},"east":{"uv":[16,0,0,16],"texture":"#1"},"south":{"uv":[0,0,0,2],"texture":"#1"},"west":{"uv":[0,0,16,16],"texture":"#1"},"up":{"uv":[0,0,0,2],"texture":"#1"},"down":{"uv":[0,0,0,2],"texture":"#1"}}}]}