{"display":{"thirdperson_righthand":{"rotation":[100,45,-25],"translation":[1,1,0],"scale":[0.15,0.15,0.15]},"thirdperson_lefthand":{"rotation":[100,45,-25],"translation":[1,1,0],"scale":[0.15,0.15,0.15]},"firstperson_righthand":{"rotation":[25,45,0],"scale":[0.2,0.2,0.2]},"firstperson_lefthand":{"rotation":[25,45,0],"scale":[0.2,0.2,0.2]},"ground":{"rotation":[25,0,0],"translation":[0,3.2,0],"scale":[0.15,0.15,0.15]},"gui":{"rotation":[175,-45,155],"translation":[-1,-0.5,0],"scale":[0.4,0.4,0.4]},"head":{"rotation":[25,0,0],"translation":[0,0,14],"scale":[4,4,4]},"fixed":{"rotation":[-67.5,0,0],"translation":[0,8.75,-42.25],"scale":[4,4,4]}},"texture_size":[256,256],"textures":{"0":"statue/wooden_statue"},"elements":[{"from":[0,-6.75,0.25],"to":[16,-2.75,16.25],"rotation":{"angle":-22.5,"axis":"x","origin":[0,0,0]},"faces":{"north":{"uv":[1.5,2.875,3.5,2.375],"texture":"#0"},"east":{"uv":[1.5,2.875,3.5,2.375],"texture":"#0"},"south":{"uv":[1.5,2.875,3.5,2.375],"texture":"#0"},"west":{"uv":[1.5,2.875,3.5,2.375],"texture":"#0"},"up":{"uv":[8.75,2.125,10.75,4.125],"texture":"#0"},"down":{"uv":[0,0,1.25,1.1875],"texture":"#0"}}},{"from":[-0.25,-3.75,0],"to":[16.25,-3.25,16.5],"rotation":{"angle":-22.5,"axis":"x","origin":[0,0,0]},"faces":{"north":{"uv":[1.5,2.75,3.5,2.8125],"texture":"#0"},"east":{"uv":[1.5,2.75,3.5,2.8125],"texture":"#0"},"south":{"uv":[1.5,2.75,3.5,2.8125],"texture":"#0"},"west":{"uv":[1.5,2.75,3.5,2.8125],"texture":"#0"},"up":{"uv":[1.25,1.25,1.5625,1.5625],"texture":"#0"},"down":{"uv":[1.25,1.25,1.5625,1.5625],"texture":"#0"}}},{"from":[-0.25,-5.75,0],"to":[16.25,-5.25,16.5],"rotation":{"angle":-22.5,"axis":"x","origin":[0,0,0]},"faces":{"north":{"uv":[1.5,2.5,3.5,2.5625],"texture":"#0"},"east":{"uv":[1.5,2.5,3.5,2.5625],"texture":"#0"},"south":{"uv":[1.5,2.5,3.5,2.5625],"texture":"#0"},"west":{"uv":[1.5,2.5,3.5,2.5625],"texture":"#0"},"up":{"uv":[1.25,1.25,1.5625,1.5625],"texture":"#0"},"down":{"uv":[1.25,1.25,1.5625,1.5625],"texture":"#0"}}},{"from":[1,16.5,-4],"to":[15,19,10],"rotation":{"angle":0,"axis":"y","origin":[0,0,-5]},"faces":{"north":{"uv":[12.5,4.125,10.75,4.4375],"texture":"#0"},"east":{"uv":[12.5,4.125,10.75,4.4375],"texture":"#0"},"south":{"uv":[12.5,4.125,10.75,4.4375],"texture":"#0"},"west":{"uv":[12.5,4.125,10.75,4.4375],"texture":"#0"},"up":{"uv":[16,4.5625,14.25,2.8125],"texture":"#0"},"down":{"uv":[12.5,2.0625,10.75,3.8125],"texture":"#0"}}},{"from":[1,0,-4],"to":[15,2.5,10],"rotation":{"angle":0,"axis":"y","origin":[0,0,-5]},"faces":{"north":{"uv":[10.75,3.8125,12.5,4.125],"texture":"#0"},"east":{"uv":[10.75,3.8125,12.5,4.125],"texture":"#0"},"south":{"uv":[10.75,3.8125,12.5,4.125],"texture":"#0"},"west":{"uv":[10.75,3.8125,12.5,4.125],"texture":"#0"},"up":{"uv":[12.5,3.8125,10.75,2.0625],"texture":"#0"},"down":{"uv":[14.25,2.8125,12.5,4.5625],"texture":"#0"}}},{"from":[1,2.5,-6.5],"to":[15,16.5,-4],"rotation":{"angle":0,"axis":"y","origin":[8,0,3]},"faces":{"north":{"uv":[14.125,1.0625,15.875,2.8125],"texture":"#0"},"east":{"uv":[10.75,4.75,12.5,4.4375],"rotation":90,"texture":"#0"},"south":{"uv":[10.75,2.0625,12.5,3.8125],"texture":"#0"},"west":{"uv":[10.75,4.4375,12.5,4.75],"rotation":90,"texture":"#0"},"up":{"uv":[12.5,4.4375,10.75,4.125],"texture":"#0"},"down":{"uv":[10.75,3.8125,12.5,4.125],"texture":"#0"}}},{"from":[15,2.5,-4],"to":[17.5,16.5,10],"rotation":{"angle":0,"axis":"z","origin":[8,0,3]},"faces":{"north":{"uv":[10.75,4.4375,12.5,4.75],"rotation":90,"texture":"#0"},"east":{"uv":[10.75,2.0625,12.5,3.8125],"texture":"#0"},"south":{"uv":[10.75,4.75,12.5,4.4375],"rotation":90,"texture":"#0"},"west":{"uv":[10.75,2.0625,12.5,3.8125],"texture":"#0"},"up":{"uv":[12.5,4.4375,10.75,4.125],"rotation":90,"texture":"#0"},"down":{"uv":[12.5,4.125,10.75,3.8125],"rotation":90,"texture":"#0"}}},{"from":[1,2.5,10],"to":[15,16.5,12.5],"rotation":{"angle":0,"axis":"y","origin":[8,0,3]},"faces":{"north":{"uv":[10.75,2.0625,12.5,3.8125],"texture":"#0"},"east":{"uv":[10.75,4.4375,12.5,4.75],"rotation":90,"texture":"#0"},"south":{"uv":[10.75,2.0625,12.5,3.8125],"texture":"#0"},"west":{"uv":[10.75,4.75,12.5,4.4375],"rotation":90,"texture":"#0"},"up":{"uv":[12.5,4.4375,10.75,4.125],"rotation":180,"texture":"#0"},"down":{"uv":[10.75,3.8125,12.5,4.125],"rotation":180,"texture":"#0"}}},{"from":[-1.5,2.5,-4],"to":[1,16.5,10],"rotation":{"angle":0,"axis":"y","origin":[8,0,3]},"faces":{"north":{"uv":[10.75,4.75,12.5,4.4375],"rotation":90,"texture":"#0"},"east":{"uv":[10.75,2.0625,12.5,3.8125],"texture":"#0"},"south":{"uv":[10.75,4.4375,12.5,4.75],"rotation":90,"texture":"#0"},"west":{"uv":[10.75,2.0625,12.5,3.8125],"texture":"#0"},"up":{"uv":[12.5,4.4375,10.75,4.125],"rotation":270,"texture":"#0"},"down":{"uv":[12.5,4.125,10.75,3.8125],"rotation":270,"texture":"#0"}}},{"from":[14,16.5,2],"to":[16,25.5,4],"rotation":{"angle":-45,"axis":"z","origin":[15,17,3]},"faces":{"north":{"uv":[8.5,3,8.75,4.125],"texture":"#0"},"east":{"uv":[8.5,3,8.75,4.125],"texture":"#0"},"south":{"uv":[8.5,3,8.75,4.125],"texture":"#0"},"west":{"uv":[8.5,3,8.75,4.125],"texture":"#0"},"up":{"uv":[8.75,3,8.5,2.75],"texture":"#0"},"down":{"uv":[8.75,2.75,8.5,3],"texture":"#0"}}},{"from":[0,16.5,2],"to":[2,25.5,4],"rotation":{"angle":45,"axis":"z","origin":[1,17,3]},"faces":{"north":{"uv":[8.5,3,8.75,4.125],"texture":"#0"},"east":{"uv":[8.5,3,8.75,4.125],"texture":"#0"},"south":{"uv":[8.5,3,8.75,4.125],"texture":"#0"},"west":{"uv":[8.5,3,8.75,4.125],"texture":"#0"},"up":{"uv":[8.75,3,8.5,2.75],"texture":"#0"},"down":{"uv":[8.75,2.75,8.5,3],"texture":"#0"}}},{"from":[7,16.5,-5],"to":[9,25.5,-3],"rotation":{"angle":-45,"axis":"x","origin":[8,17,-4]},"faces":{"north":{"uv":[8.5,3,8.75,4.125],"texture":"#0"},"east":{"uv":[8.5,3,8.75,4.125],"texture":"#0"},"south":{"uv":[8.5,3,8.75,4.125],"texture":"#0"},"west":{"uv":[8.5,3,8.75,4.125],"texture":"#0"},"up":{"uv":[8.75,3,8.5,2.75],"rotation":90,"texture":"#0"},"down":{"uv":[8.75,2.75,8.5,3],"rotation":270,"texture":"#0"}}},{"from":[7,16.5,9],"to":[9,25.5,11],"rotation":{"angle":45,"axis":"x","origin":[8,17,10]},"faces":{"north":{"uv":[8.5,3,8.75,4.125],"texture":"#0"},"east":{"uv":[8.5,3,8.75,4.125],"texture":"#0"},"south":{"uv":[8.5,3,8.75,4.125],"texture":"#0"},"west":{"uv":[8.5,3,8.75,4.125],"texture":"#0"},"up":{"uv":[8.75,3,8.5,2.75],"rotation":90,"texture":"#0"},"down":{"uv":[8.75,2.75,8.5,3],"rotation":270,"texture":"#0"}}},{"from":[7,1,-12.5],"to":[9,3,-3.5],"rotation":{"angle":-45,"axis":"x","origin":[8,2,-4]},"faces":{"north":{"uv":[8.75,2.75,8.5,3],"rotation":90,"texture":"#0"},"east":{"uv":[8.5,4.125,8.75,3],"rotation":270,"texture":"#0"},"south":{"uv":[8.75,3,8.5,2.75],"rotation":90,"texture":"#0"},"west":{"uv":[8.5,4.125,8.75,3],"rotation":90,"texture":"#0"},"up":{"uv":[8.5,4.125,8.75,3],"rotation":180,"texture":"#0"},"down":{"uv":[8.5,4.125,8.75,3],"texture":"#0"}}},{"from":[14,-6.5,2],"to":[16,2.5,4],"rotation":{"angle":45,"axis":"z","origin":[15,2,3]},"faces":{"north":{"uv":[8.5,4.125,8.75,3],"texture":"#0"},"east":{"uv":[8.5,4.125,8.75,3],"texture":"#0"},"south":{"uv":[8.5,4.125,8.75,3],"texture":"#0"},"west":{"uv":[8.5,4.125,8.75,3],"texture":"#0"},"up":{"uv":[8.75,3,8.5,2.75],"texture":"#0"},"down":{"uv":[8.75,2.75,8.5,3],"texture":"#0"}}},{"from":[-7.5,1,2],"to":[1.5,3,4],"rotation":{"angle":45,"axis":"z","origin":[1,2,3]},"faces":{"north":{"uv":[8.5,4.125,8.75,3],"rotation":270,"texture":"#0"},"east":{"uv":[8.75,3,8.5,2.75],"rotation":90,"texture":"#0"},"south":{"uv":[8.5,4.125,8.75,3],"rotation":90,"texture":"#0"},"west":{"uv":[8.75,2.75,8.5,3],"rotation":90,"texture":"#0"},"up":{"uv":[8.5,4.125,8.75,3],"rotation":90,"texture":"#0"},"down":{"uv":[8.5,4.125,8.75,3],"rotation":90,"texture":"#0"}}},{"from":[7,8.5,-15.5],"to":[9,10.5,-6.5],"rotation":{"angle":45,"axis":"y","origin":[8,17,3]},"faces":{"north":{"uv":[8.75,3,8.5,2.75],"rotation":90,"texture":"#0"},"east":{"uv":[8.5,3,8.75,4.125],"rotation":90,"texture":"#0"},"south":{"uv":[8.75,2.75,8.5,3],"rotation":90,"texture":"#0"},"west":{"uv":[8.5,3,8.75,4.125],"rotation":270,"texture":"#0"},"up":{"uv":[8.5,3,8.75,4.125],"texture":"#0"},"down":{"uv":[8.5,3,8.75,4.125],"rotation":180,"texture":"#0"}}},{"from":[-10.5,8.5,2],"to":[-1.5,10.5,4],"rotation":{"angle":45,"axis":"y","origin":[8,17,3]},"faces":{"north":{"uv":[8.5,3,8.75,4.125],"rotation":90,"texture":"#0"},"east":{"uv":[8.75,2.75,8.5,3],"rotation":90,"texture":"#0"},"south":{"uv":[8.5,3,8.75,4.125],"rotation":270,"texture":"#0"},"west":{"uv":[8.75,3,8.5,2.75],"rotation":90,"texture":"#0"},"up":{"uv":[8.5,3,8.75,4.125],"rotation":270,"texture":"#0"},"down":{"uv":[8.5,3,8.75,4.125],"rotation":270,"texture":"#0"}}},{"from":[7,8.5,12.5],"to":[9,10.5,21.5],"rotation":{"angle":45,"axis":"y","origin":[8,17,3]},"faces":{"north":{"uv":[8.75,2.75,8.5,3],"rotation":90,"texture":"#0"},"east":{"uv":[8.5,3,8.75,4.125],"rotation":270,"texture":"#0"},"south":{"uv":[8.75,3,8.5,2.75],"rotation":90,"texture":"#0"},"west":{"uv":[8.5,3,8.75,4.125],"rotation":90,"texture":"#0"},"up":{"uv":[8.5,3,8.75,4.125],"rotation":180,"texture":"#0"},"down":{"uv":[8.5,3,8.75,4.125],"texture":"#0"}}},{"from":[17.5,8.5,2],"to":[26.5,10.5,4],"rotation":{"angle":45,"axis":"y","origin":[8,17,3]},"faces":{"north":{"uv":[8.5,3,8.75,4.125],"rotation":270,"texture":"#0"},"east":{"uv":[8.75,3,8.5,2.75],"rotation":90,"texture":"#0"},"south":{"uv":[8.5,3,8.75,4.125],"rotation":90,"texture":"#0"},"west":{"uv":[8.75,2.75,8.5,3],"rotation":90,"texture":"#0"},"up":{"uv":[8.5,3,8.75,4.125],"rotation":90,"texture":"#0"},"down":{"uv":[8.5,3,8.75,4.125],"rotation":90,"texture":"#0"}}},{"from":[6.75,8,-6.75],"to":[9.25,10.5,-5.75],"rotation":{"angle":0,"axis":"y","origin":[0,0,-5]},"faces":{"north":{"uv":[8.5,2.5,8.75,2.75],"texture":"#0"},"east":{"uv":[8.375,2.625,8.5,2.875],"texture":"#0"},"south":{"uv":[8.5,2.5,8.75,2.75],"texture":"#0"},"west":{"uv":[8.375,2.625,8.5,2.875],"texture":"#0"},"up":{"uv":[8.5,2.625,8.25,2.5],"texture":"#0"},"down":{"uv":[8.5,2.5,8.25,2.625],"texture":"#0"}}},{"from":[6,7,11.5],"to":[10,11,19.5],"rotation":{"angle":-22.5,"axis":"y","origin":[8,9,12]},"faces":{"north":{"uv":[11.375,1.0625,11.875,1.5625],"texture":"#0"},"east":{"uv":[12.375,1.5625,11.375,2.0625],"texture":"#0"},"south":{"uv":[11.375,1.0625,11.875,1.5625],"texture":"#0"},"west":{"uv":[11.375,1.5625,12.375,2.0625],"texture":"#0"},"up":{"uv":[11.375,2.0625,12.375,1.5625],"rotation":90,"texture":"#0"},"down":{"uv":[12.375,2.0625,11.375,1.5625],"rotation":90,"texture":"#0"}}},{"from":[9.5,7.5,18.5],"to":[12.5,10.5,25.5],"rotation":{"angle":-45,"axis":"y","origin":[8,9,12]},"faces":{"north":{"uv":[12.75,1.0625,13.125,1.4375],"texture":"#0"},"east":{"uv":[11.875,1.0625,12.75,1.4375],"texture":"#0"},"south":{"uv":[12.75,1.0625,13.125,1.4375],"texture":"#0"},"west":{"uv":[12.75,1.0625,11.875,1.4375],"texture":"#0"},"up":{"uv":[12.75,1.4375,11.875,1.0625],"rotation":90,"texture":"#0"},"down":{"uv":[11.875,1.4375,12.75,1.0625],"rotation":90,"texture":"#0"}}},{"from":[-8.5,8,19],"to":[-2.5,10,21],"rotation":{"angle":22.5,"axis":"y","origin":[8,9,12]},"faces":{"north":{"uv":[13.875,1.0625,13.125,1.3125],"texture":"#0"},"east":{"uv":[13.875,1.0625,14.125,1.3125],"texture":"#0"},"south":{"uv":[13.125,1.0625,13.875,1.3125],"texture":"#0"},"west":{"uv":[13.875,1.0625,14.125,1.3125],"texture":"#0"},"up":{"uv":[13.875,1.3125,13.125,1.0625],"rotation":180,"texture":"#0"},"down":{"uv":[13.125,1.3125,13.875,1.0625],"texture":"#0"}}},{"from":[-14,4.5,20],"to":[-5,13.5,20],"rotation":{"angle":22.5,"axis":"y","origin":[8,9,12]},"faces":{"north":{"uv":[12.5,1.4375,13.625,2.5625],"texture":"#0"},"east":{"uv":[1.25,1.25,1.5625,1.5625],"texture":"#0"},"south":{"uv":[13.625,1.4375,12.5,2.5625],"texture":"#0"},"west":{"uv":[1.25,1.25,1.5625,1.5625],"texture":"#0"},"up":{"uv":[1.25,1.25,1.5625,1.5625],"rotation":90,"texture":"#0"},"down":{"uv":[1.25,1.25,1.5625,1.5625],"rotation":270,"texture":"#0"}}},{"from":[-5.5,16,0],"to":[-1.5,20,0],"faces":{"north":{"uv":[7.75,0.5,8.25,1],"texture":"#0"},"east":{"uv":[0,0,0,0.5],"texture":"#0"},"south":{"uv":[8.25,0.5,7.75,1],"texture":"#0"},"west":{"uv":[0,0,0,0.5],"texture":"#0"},"up":{"uv":[0,0,0.5,0],"texture":"#0"},"down":{"uv":[0,0,0.5,0],"texture":"#0"}}},{"from":[8.5,20,-11.25],"to":[8.5,24,-7.25],"rotation":{"angle":-45,"axis":"y","origin":[8.5,16,-6.5]},"faces":{"north":{"uv":[0,0,0,0.5],"texture":"#0"},"east":{"uv":[7.75,0.5,8.25,1],"texture":"#0"},"south":{"uv":[0,0,0,0.5],"texture":"#0"},"west":{"uv":[8.25,0.5,7.75,1],"texture":"#0"},"up":{"uv":[0,0,0.5,0],"rotation":90,"texture":"#0"},"down":{"uv":[0,0,0.5,0],"rotation":270,"texture":"#0"}}},{"from":[-5.5,4,10],"to":[-1.5,8,10],"rotation":{"angle":45,"axis":"y","origin":[-1.5,14,10]},"faces":{"north":{"uv":[7.75,0.5,8.25,1],"texture":"#0"},"east":{"uv":[0,0,0,0.5],"texture":"#0"},"south":{"uv":[8.25,0.5,7.75,1],"texture":"#0"},"west":{"uv":[0,0,0,0.5],"texture":"#0"},"up":{"uv":[0,0,0.5,0],"texture":"#0"},"down":{"uv":[0,0,0.5,0],"texture":"#0"}}},{"from":[11.5,16,12.5],"to":[11.5,20,16.5],"rotation":{"angle":0,"axis":"y","origin":[-1.5,14,10]},"faces":{"north":{"uv":[0,0,0,0.5],"texture":"#0"},"east":{"uv":[8.25,0.5,7.75,1],"texture":"#0"},"south":{"uv":[0,0,0,0.5],"texture":"#0"},"west":{"uv":[7.75,0.5,8.25,1],"texture":"#0"},"up":{"uv":[0,0,0.5,0],"rotation":270,"texture":"#0"},"down":{"uv":[0,0,0.5,0],"rotation":90,"texture":"#0"}}},{"from":[17.5,8,0],"to":[21.5,12,0],"rotation":{"angle":-22.5,"axis":"y","origin":[17,16,0]},"faces":{"north":{"uv":[8.25,0.5,7.75,1],"texture":"#0"},"east":{"uv":[0,0,0,0.5],"texture":"#0"},"south":{"uv":[7.75,0.5,8.25,1],"texture":"#0"},"west":{"uv":[0,0,0,0.5],"texture":"#0"},"up":{"uv":[0,0,0.5,0],"texture":"#0"},"down":{"uv":[0,0,0.5,0],"texture":"#0"}}}]}