{"display":{"thirdperson_righthand":{"rotation":[75,45,0],"translation":[0,1,0],"scale":[0.3,0.3,0.3]},"thirdperson_lefthand":{"rotation":[75,45,0],"translation":[0,1,0],"scale":[0.3,0.3,0.3]},"firstperson_righthand":{"rotation":[0,45,0],"scale":[0.3,0.3,0.3]},"firstperson_lefthand":{"rotation":[0,45,0],"scale":[0.3,0.3,0.3]},"ground":{"translation":[0,3.2,0],"scale":[0.3,0.3,0.3]},"gui":{"rotation":[30,225,0],"translation":[-0.5,0,0],"scale":[0.5,0.5,0.5]},"head":{"scale":[4,4,4]},"fixed":{"rotation":[-90,0,0],"translation":[0,0,-46],"scale":[4,4,4]}},"texture_size":[256,256],"textures":{"0":"statue/dark_statue","1":"block/gold_block"},"elements":[{"from":[3,-4,3],"to":[13,0,13],"rotation":{"angle":0,"axis":"y","origin":[8,0,8]},"faces":{"north":{"uv":[0,3.25,1.25,3.75],"texture":"#0"},"east":{"uv":[0,3.25,1.25,3.75],"texture":"#0"},"south":{"uv":[0,3.25,1.25,3.75],"texture":"#0"},"west":{"uv":[0,3.25,1.25,3.75],"texture":"#0"},"up":{"uv":[0,2,1.25,3.25],"rotation":90,"texture":"#0"},"down":{"uv":[1.25,2,2.5,3.25],"rotation":270,"texture":"#0"}}},{"from":[2.875,-1.475,2.875],"to":[13.125,-0.975,13.125],"rotation":{"angle":0,"axis":"y","origin":[8,0,8]},"faces":{"north":{"uv":[0,3.375,1.25,3.4375],"texture":"#0"},"east":{"uv":[0,3.375,1.25,3.4375],"texture":"#0"},"south":{"uv":[0,3.375,1.25,3.4375],"texture":"#0"},"west":{"uv":[0,3.375,1.25,3.4375],"texture":"#0"},"up":{"uv":[4,0,4.3125,0.3125],"rotation":90,"texture":"#0"},"down":{"uv":[4,0,4.3125,0.3125],"rotation":270,"texture":"#0"}}},{"from":[2.875,-2.975,2.875],"to":[13.125,-2.475,13.125],"rotation":{"angle":0,"axis":"y","origin":[8,0,8]},"faces":{"north":{"uv":[0,3.5625,1.25,3.625],"texture":"#0"},"east":{"uv":[0,3.5625,1.25,3.625],"texture":"#0"},"south":{"uv":[0,3.5625,1.25,3.625],"texture":"#0"},"west":{"uv":[0,3.5625,1.25,3.625],"texture":"#0"},"up":{"uv":[4,0,4.3125,0.3125],"rotation":90,"texture":"#0"},"down":{"uv":[4,0,4.3125,0.3125],"rotation":270,"texture":"#0"}}},{"from":[5.99,18.99,3.74],"to":[10.01,23.01,7.76],"rotation":{"angle":0,"axis":"x","origin":[8,13.5,8]},"faces":{"north":{"uv":[0,3.75,0.5,4.25],"texture":"#0"},"east":{"uv":[0.5,3.75,1,4.25],"texture":"#0"},"south":{"uv":[1,3.75,1.5,4.25],"texture":"#0"},"west":{"uv":[0.5,3.75,1,4.25],"texture":"#0"},"up":{"uv":[0.5,4.75,0,4.25],"texture":"#0"},"down":{"uv":[1.75,2.75,1.25,3.25],"texture":"#0"}}},{"from":[6,13.5,7],"to":[10,19.5,9],"rotation":{"angle":-22.5,"axis":"x","origin":[8,13.5,8]},"faces":{"north":{"uv":[9.875,0,10.375,0.75],"texture":"#0"},"east":{"uv":[10.375,0,10.625,0.75],"texture":"#0"},"south":{"uv":[9.875,0,10.375,0.75],"texture":"#0"},"west":{"uv":[10.375,0,10.625,0.75],"texture":"#0"},"up":{"uv":[10.375,1.25,9.875,1],"texture":"#0"},"down":{"uv":[10.375,0.75,9.875,1],"texture":"#0"}}},{"from":[5,4.5,5.5],"to":[6,19.5,6.5],"rotation":{"angle":22.5,"axis":"x","origin":[8,18.5,6]},"faces":{"north":{"uv":[1.5,3.25,1.625,5.125],"texture":"#0"},"east":{"uv":[1.625,3.25,1.5,5.125],"texture":"#0"},"south":{"uv":[1.5,3.25,1.625,5.125],"texture":"#0"},"west":{"uv":[1.625,3.25,1.5,5.125],"texture":"#0"},"up":{"uv":[1.625,3.375,1.75,3.25],"texture":"#0"},"down":{"uv":[1.25,2,1.375,2.125],"texture":"#0"}}},{"from":[10,4.5,5.5],"to":[11,19.5,6.5],"rotation":{"angle":22.5,"axis":"x","origin":[8,18.5,6]},"faces":{"north":{"uv":[1.625,3.25,1.5,5.125],"texture":"#0"},"east":{"uv":[1.5,3.25,1.625,5.125],"texture":"#0"},"south":{"uv":[1.625,3.25,1.5,5.125],"texture":"#0"},"west":{"uv":[1.5,3.25,1.625,5.125],"texture":"#0"},"up":{"uv":[1.625,3.375,1.75,3.25],"texture":"#0"},"down":{"uv":[1.25,2,1.375,2.125],"texture":"#0"}}},{"from":[8.5,-0.5,7.5],"to":[9.5,14.5,8.5],"faces":{"north":{"uv":[1.5,3.25,1.625,5.125],"texture":"#0"},"east":{"uv":[1.625,3.25,1.5,5.125],"texture":"#0"},"south":{"uv":[1.5,3.25,1.625,5.125],"texture":"#0"},"west":{"uv":[1.625,3.25,1.5,5.125],"texture":"#0"},"up":{"uv":[1.625,3.375,1.75,3.25],"texture":"#0"},"down":{"uv":[1.25,2,1.375,2.125],"texture":"#0"}}},{"from":[6.5,-0.5,7.5],"to":[7.5,14.5,8.5],"faces":{"north":{"uv":[1.625,3.25,1.5,5.125],"texture":"#0"},"east":{"uv":[1.5,3.25,1.625,5.125],"texture":"#0"},"south":{"uv":[1.625,3.25,1.5,5.125],"texture":"#0"},"west":{"uv":[1.5,3.25,1.625,5.125],"texture":"#0"},"up":{"uv":[1.625,3.375,1.75,3.25],"texture":"#0"},"down":{"uv":[1.25,2,1.375,2.125],"texture":"#0"}}},{"from":[6,5,-1],"to":[10,9,3],"faces":{"north":{"uv":[0,0,16,16],"texture":"#1"},"east":{"uv":[0,0,16,16],"texture":"#1"},"south":{"uv":[0,0,16,16],"texture":"#1"},"west":{"uv":[0,0,16,16],"texture":"#1"},"up":{"uv":[0,0,16,16],"texture":"#1"},"down":{"uv":[0,0,16,16],"texture":"#1"}}}]}