{"display":{"thirdperson_righthand":{"rotation":[75,45,0],"translation":[0,2.5,0],"scale":[0.15,0.15,0.15]},"thirdperson_lefthand":{"rotation":[75,45,0],"translation":[0,2.5,0],"scale":[0.15,0.15,0.15]},"firstperson_righthand":{"rotation":[0,45,0],"scale":[0.15,0.15,0.15]},"firstperson_lefthand":{"rotation":[0,45,0],"scale":[0.15,0.15,0.15]},"ground":{"translation":[0,3,0],"scale":[0.15,0.15,0.15]},"gui":{"rotation":[30,225,0],"translation":[0,-1.25,0],"scale":[0.3,0.3,0.3]},"fixed":{"rotation":[-90,0,0],"translation":[0,-20,20.5],"scale":[2,2,2]}},"texture_size":[256,256],"textures":{"0":"statue/statue","1":"statue/statue_fire"},"elements":[{"from":[-2,13,-12],"to":[18,29,-12],"rotation":{"angle":0,"axis":"y","origin":[0,13,4]},"faces":{"north":{"uv":[6.25,4.125,7.5,5.125],"texture":"#0"},"east":{"uv":[7.5,4.125,8.75,5.125],"texture":"#0"},"south":{"uv":[7.5,4.125,6.25,5.125],"texture":"#0"},"west":{"uv":[7.5,4.125,8.75,5.125],"texture":"#0"},"up":{"uv":[6.25,5.125,7.5,6.375],"texture":"#0"},"down":{"uv":[0,3.25,0.625,3.875],"texture":"#0"}}},{"from":[-2,29,-12],"to":[18,29,8],"rotation":{"angle":0,"axis":"y","origin":[0,13,4]},"faces":{"north":{"uv":[6.25,4.125,7.5,5.125],"texture":"#0"},"east":{"uv":[7.5,4.125,8.75,5.125],"texture":"#0"},"south":{"uv":[7.5,4.125,6.25,5.125],"texture":"#0"},"west":{"uv":[7.5,4.125,8.75,5.125],"texture":"#0"},"up":{"uv":[6.25,5.125,7.5,6.375],"texture":"#0"},"down":{"uv":[6.25,6.375,7.5,5.125],"texture":"#0"}}},{"from":[-2,13,-12],"to":[-2,29,8],"rotation":{"angle":0,"axis":"y","origin":[0,13,4]},"faces":{"north":{"uv":[6.25,4.125,7.5,5.125],"texture":"#0"},"east":{"uv":[7.5,4.125,8.75,5.125],"texture":"#0"},"south":{"uv":[7.5,4.125,6.25,5.125],"texture":"#0"},"west":{"uv":[8.75,4.125,7.5,5.125],"texture":"#0"},"up":{"uv":[6.25,5.125,7.5,6.375],"texture":"#0"},"down":{"uv":[6.25,5.125,7.5,6.375],"texture":"#0"}}},{"from":[18,13,-12],"to":[18,29,8],"rotation":{"angle":0,"axis":"y","origin":[0,13,4]},"faces":{"north":{"uv":[6.25,4.125,7.5,5.125],"texture":"#0"},"east":{"uv":[7.5,4.125,8.75,5.125],"texture":"#0"},"south":{"uv":[7.5,4.125,6.25,5.125],"texture":"#0"},"west":{"uv":[8.75,4.125,7.5,5.125],"texture":"#0"},"up":{"uv":[6.25,5.125,7.5,6.375],"texture":"#0"},"down":{"uv":[6.25,5.125,7.5,6.375],"texture":"#0"}}},{"from":[-2,13,8],"to":[18,29,8],"rotation":{"angle":0,"axis":"y","origin":[0,13,4]},"faces":{"north":{"uv":[7.5,5.125,8.75,6.125],"texture":"#0"},"east":{"uv":[7.5,4.125,8.75,5.125],"texture":"#0"},"south":{"uv":[8.75,5.125,7.5,6.125],"texture":"#0"},"west":{"uv":[7.5,4.125,8.75,5.125],"texture":"#0"},"up":{"uv":[6.25,5.125,7.5,6.375],"texture":"#0"},"down":{"uv":[0,3.25,0.625,3.875],"texture":"#0"}}},{"from":[-2,1,8],"to":[18,21,28],"rotation":{"angle":0,"axis":"y","origin":[0,13,4]},"faces":{"north":{"uv":[5,6.375,6.25,7.625],"texture":"#0"},"east":{"uv":[7.5,6.75,8.75,8],"texture":"#0"},"south":{"uv":[7.5,6.75,8.75,8],"texture":"#0"},"west":{"uv":[7.5,6.75,8.75,8],"texture":"#0"},"up":{"uv":[8.75,4.125,10,5.375],"texture":"#0"},"down":{"uv":[8.75,5.375,10,6.625],"texture":"#0"}}},{"from":[-2.25,8,-12],"to":[18.25,8,8],"rotation":{"angle":-22.5,"axis":"x","origin":[8,13,8]},"faces":{"north":{"uv":[7.5,6.125,8.75,6.4375],"texture":"#0"},"east":{"uv":[7.5,6.4375,8.75,6.75],"texture":"#0"},"south":{"uv":[7.5,6.4375,8.75,6.75],"texture":"#0"},"west":{"uv":[7.5,6.4375,8.75,6.75],"texture":"#0"},"up":{"uv":[6.25,7.625,7.5,6.375],"texture":"#0"},"down":{"uv":[6.25,6.375,7.5,7.625],"texture":"#0"}}},{"from":[-2.25,8,-12],"to":[-2.25,13,8],"rotation":{"angle":-22.5,"axis":"x","origin":[8,13,8]},"faces":{"north":{"uv":[7.5,6.125,8.75,6.4375],"texture":"#0"},"east":{"uv":[8.75,6.4375,7.5,6.75],"texture":"#0"},"south":{"uv":[7.5,6.4375,8.75,6.75],"texture":"#0"},"west":{"uv":[7.5,6.4375,8.75,6.75],"texture":"#0"},"up":{"uv":[0,3.25,0.625,3.875],"texture":"#0"},"down":{"uv":[6.25,6.375,7.5,7.625],"texture":"#0"}}},{"from":[18.25,8,-12],"to":[18.25,13,8],"rotation":{"angle":-22.5,"axis":"x","origin":[8,13,8]},"faces":{"north":{"uv":[7.5,6.125,8.75,6.4375],"texture":"#0"},"east":{"uv":[8.75,6.4375,7.5,6.75],"texture":"#0"},"south":{"uv":[7.5,6.4375,8.75,6.75],"texture":"#0"},"west":{"uv":[7.5,6.4375,8.75,6.75],"texture":"#0"},"up":{"uv":[0,3.25,0.625,3.875],"texture":"#0"},"down":{"uv":[6.25,6.375,7.5,7.625],"texture":"#0"}}},{"from":[-2.25,8,-12],"to":[18.25,13,-12],"rotation":{"angle":-22.5,"axis":"x","origin":[8,13,8]},"faces":{"north":{"uv":[7.5,6.125,8.75,6.4375],"texture":"#0"},"east":{"uv":[7.5,6.4375,8.75,6.75],"texture":"#0"},"south":{"uv":[8.75,6.125,7.5,6.4375],"texture":"#0"},"west":{"uv":[7.5,6.4375,8.75,6.75],"texture":"#0"},"up":{"uv":[0,3.25,0.625,3.875],"texture":"#0"},"down":{"uv":[6.25,6.375,7.5,7.625],"texture":"#0"}}},{"from":[-12,13,4],"to":[-2,23,14],"rotation":{"angle":0,"axis":"y","origin":[-7,13,9]},"faces":{"north":{"uv":[10,4.125,10.625,4.75],"texture":"#0"},"east":{"uv":[10,4.125,10.625,4.75],"texture":"#0"},"south":{"uv":[10,4.125,10.625,4.75],"texture":"#0"},"west":{"uv":[10,4.125,10.625,4.75],"texture":"#0"},"up":{"uv":[10,4.75,10.625,5.375],"texture":"#0"},"down":{"uv":[10,5.375,10.625,6],"texture":"#0"}}},{"from":[18,13,4],"to":[28,23,14],"rotation":{"angle":0,"axis":"y","origin":[23,13,9]},"faces":{"north":{"uv":[10,4.125,10.625,4.75],"texture":"#0"},"east":{"uv":[10,4.125,10.625,4.75],"texture":"#0"},"south":{"uv":[10,4.125,10.625,4.75],"texture":"#0"},"west":{"uv":[10,4.125,10.625,4.75],"texture":"#0"},"up":{"uv":[10,4.75,10.625,5.375],"texture":"#0"},"down":{"uv":[10,5.375,10.625,6],"texture":"#0"}}},{"from":[20,-4,5],"to":[27,14,13],"rotation":{"angle":22.5,"axis":"z","origin":[23,13,9]},"faces":{"north":{"uv":[8.75,6.625,9.1875,7.75],"texture":"#0"},"east":{"uv":[9.625,6.625,10.125,7.75],"texture":"#0"},"south":{"uv":[8.75,6.625,9.1875,7.75],"texture":"#0"},"west":{"uv":[9.625,6.625,10.125,7.75],"texture":"#0"},"up":{"uv":[9.1875,6.625,9.625,7.125],"texture":"#0"},"down":{"uv":[9.1875,7.125,9.625,7.625],"texture":"#0"}}},{"from":[-11,-4,5],"to":[-4,14,13],"rotation":{"angle":-22.5,"axis":"z","origin":[-7,13,9]},"faces":{"north":{"uv":[8.75,6.625,9.1875,7.75],"texture":"#0"},"east":{"uv":[9.625,6.625,10.125,7.75],"texture":"#0"},"south":{"uv":[8.75,6.625,9.1875,7.75],"texture":"#0"},"west":{"uv":[9.625,6.625,10.125,7.75],"texture":"#0"},"up":{"uv":[9.1875,6.625,9.625,7.125],"texture":"#0"},"down":{"uv":[9.1875,7.125,9.625,7.625],"texture":"#0"}}},{"from":[18,18,-6],"to":[24,24,0],"rotation":{"angle":0,"axis":"y","origin":[0,13,4]},"faces":{"north":{"uv":[4,6.75,4.375,7.125],"texture":"#0"},"east":{"uv":[4,6.375,4.375,6.75],"texture":"#0"},"south":{"uv":[4.375,6.75,4,7.125],"texture":"#0"},"west":{"uv":[0,3.25,0.625,3.875],"texture":"#0"},"up":{"uv":[5,7.25,4.625,7.625],"texture":"#0"},"down":{"uv":[4,6.375,4.375,6.75],"texture":"#0"}}},{"from":[24,18,-6],"to":[29,32,0],"rotation":{"angle":0,"axis":"y","origin":[0,13,4]},"faces":{"north":{"uv":[4.6875,6.375,5,7.25],"texture":"#0"},"east":{"uv":[4,7.125,4.375,8],"texture":"#0"},"south":{"uv":[5,6.375,4.6875,7.25],"texture":"#0"},"west":{"uv":[4,7.125,4.375,8],"texture":"#0"},"up":{"uv":[4.375,6.375,4.6875,6.75],"texture":"#0"},"down":{"uv":[4.375,6.75,4.6875,7.125],"texture":"#0"}}},{"from":[-8,18,-6],"to":[-2,24,0],"rotation":{"angle":0,"axis":"y","origin":[0,13,4]},"faces":{"north":{"uv":[4.375,6.75,4,7.125],"texture":"#0"},"east":{"uv":[0,3.25,0.625,3.875],"texture":"#0"},"south":{"uv":[4,6.75,4.375,7.125],"texture":"#0"},"west":{"uv":[4,6.375,4.375,6.75],"texture":"#0"},"up":{"uv":[4.625,7.25,5,7.625],"texture":"#0"},"down":{"uv":[4,6.375,4.375,6.75],"texture":"#0"}}},{"from":[-13,18,-6],"to":[-8,32,0],"rotation":{"angle":0,"axis":"y","origin":[0,13,4]},"faces":{"north":{"uv":[5,6.375,4.6875,7.25],"texture":"#0"},"east":{"uv":[4,7.125,4.375,8],"texture":"#0"},"south":{"uv":[4.6875,6.375,5,7.25],"texture":"#0"},"west":{"uv":[4,7.125,4.375,8],"texture":"#0"},"up":{"uv":[4.375,6.375,4.6875,6.75],"texture":"#0"},"down":{"uv":[4.375,6.75,4.6875,7.125],"texture":"#0"}}},{"from":[2.25,8.25,-8],"to":[2.25,24.25,8],"rotation":{"angle":-45,"axis":"z","origin":[2.25,8.25,8]},"faces":{"north":{"uv":[0,0,0,1],"texture":"#1","tintindex":0},"east":{"uv":[0,16,16,0],"rotation":270,"texture":"#1","tintindex":0},"south":{"uv":[0,0,0,1],"texture":"#1","tintindex":0},"west":{"uv":[16,0,0,16],"rotation":270,"texture":"#1","tintindex":0},"up":{"uv":[0,0,0,1],"texture":"#1","tintindex":0},"down":{"uv":[0,0,0,1],"texture":"#1","tintindex":0}}},{"from":[10.25,1.25,-8],"to":[10.25,17.25,8],"rotation":{"angle":45,"axis":"z","origin":[2.25,8.25,8]},"faces":{"north":{"uv":[0,0,0,1],"texture":"#1","tintindex":0},"east":{"uv":[0,16,16,0],"rotation":270,"texture":"#1","tintindex":0},"south":{"uv":[0,0,0,1],"texture":"#1","tintindex":0},"west":{"uv":[16,0,0,16],"rotation":270,"texture":"#1","tintindex":0},"up":{"uv":[0,0,0,1],"texture":"#1","tintindex":0},"down":{"uv":[0,0,0,1],"texture":"#1","tintindex":0}}}]}