{"display":{"thirdperson_righthand":{"rotation":[75,45,0],"translation":[0,1,0],"scale":[0.15,0.15,0.15]},"thirdperson_lefthand":{"rotation":[75,45,0],"translation":[0,1,0],"scale":[0.15,0.15,0.15]},"firstperson_righthand":{"rotation":[0,45,0],"scale":[0.2,0.2,0.2]},"firstperson_lefthand":{"rotation":[0,45,0],"scale":[0.2,0.2,0.2]},"ground":{"translation":[0,3.2,0],"scale":[0.15,0.15,0.15]},"gui":{"rotation":[30,225,0],"translation":[0,0.75,0],"scale":[0.35,0.35,0.35]},"head":{"scale":[2,2,2]},"fixed":{"rotation":[-90,0,0],"translation":[0,0,-30],"scale":[2,2,2]}},"texture_size":[256,256],"textures":{"0":"statue/wooden_statue"},"elements":[{"from":[-2,-8,-2],"to":[18,0,18],"faces":{"north":{"uv":[0,1.25,1.25,1.75],"texture":"#0"},"east":{"uv":[0,1.25,1.25,1.75],"texture":"#0"},"south":{"uv":[0,1.25,1.25,1.75],"texture":"#0"},"west":{"uv":[0,1.25,1.25,1.75],"texture":"#0"},"up":{"uv":[1.25,0,2.5,1.25],"texture":"#0"},"down":{"uv":[0,0,1.25,1.25],"texture":"#0"}}},{"from":[-2.25,-2,-2.25],"to":[18.25,-1,18.25],"faces":{"north":{"uv":[0,1.3125,1.25,1.375],"texture":"#0"},"east":{"uv":[0,1.3125,1.25,1.375],"texture":"#0"},"south":{"uv":[0,1.3125,1.25,1.375],"texture":"#0"},"west":{"uv":[0,1.3125,1.25,1.375],"texture":"#0"},"up":{"uv":[1.25,1.25,1.5625,1.5625],"texture":"#0"},"down":{"uv":[1.25,1.25,1.5625,1.5625],"texture":"#0"}}},{"from":[-2.25,-6,-2.25],"to":[18.25,-5,18.25],"faces":{"north":{"uv":[0,1.5625,1.25,1.625],"texture":"#0"},"east":{"uv":[0,1.5625,1.25,1.625],"texture":"#0"},"south":{"uv":[0,1.5625,1.25,1.625],"texture":"#0"},"west":{"uv":[0,1.5625,1.25,1.625],"texture":"#0"},"up":{"uv":[1.25,1.25,1.5625,1.5625],"texture":"#0"},"down":{"uv":[1.25,1.25,1.5625,1.5625],"texture":"#0"}}},{"from":[0,0,1],"to":[0,16,21],"rotation":{"angle":45,"axis":"y","origin":[0,0,0]},"faces":{"north":{"uv":[0,0,0,1],"texture":"#0"},"east":{"uv":[11.3125,0,12.3125,1],"texture":"#0"},"south":{"uv":[0,0,0,1],"texture":"#0"},"west":{"uv":[11.3125,0,12.3125,1],"texture":"#0"},"up":{"uv":[0,0,1.25,0],"rotation":90,"texture":"#0"},"down":{"uv":[0,0,1.25,0],"rotation":270,"texture":"#0"}}},{"from":[-10,0,11],"to":[10,16,11],"rotation":{"angle":45,"axis":"y","origin":[0,0,0]},"faces":{"north":{"uv":[11.3125,0,12.3125,1],"texture":"#0"},"east":{"uv":[0,0,0,1],"texture":"#0"},"south":{"uv":[11.3125,0,12.3125,1],"texture":"#0"},"west":{"uv":[0,0,0,1],"texture":"#0"},"up":{"uv":[0,0,1.25,0],"texture":"#0"},"down":{"uv":[0,0,1.25,0],"texture":"#0"}}},{"from":[0,16,0],"to":[16,16,16],"faces":{"north":{"uv":[0,0,1,0],"texture":"#0"},"east":{"uv":[0,0,1,0],"texture":"#0"},"south":{"uv":[0,0,1,0],"texture":"#0"},"west":{"uv":[0,0,1,0],"texture":"#0"},"up":{"uv":[13.3125,0,14.3125,1],"texture":"#0"},"down":{"uv":[13.3125,1,14.3125,0],"texture":"#0"}}},{"from":[0,0,0],"to":[16,16,0],"faces":{"north":{"uv":[12.3125,0,13.3125,1],"texture":"#0"},"east":{"uv":[0,0,0,1],"texture":"#0"},"south":{"uv":[13.3125,0,12.3125,1],"texture":"#0"},"west":{"uv":[0,0,0,1],"texture":"#0"},"up":{"uv":[0,0,1,0],"texture":"#0"},"down":{"uv":[0,0,1,0],"texture":"#0"}}},{"from":[4.5,17.25,3],"to":[11.5,22.25,12],"rotation":{"angle":22.5,"axis":"y","origin":[8,0,8]},"faces":{"north":{"uv":[3.5625,2.9375,4,3.25],"texture":"#0"},"east":{"uv":[3,2.9375,3.5625,3.25],"texture":"#0"},"south":{"uv":[4.5625,2.9375,5,3.25],"texture":"#0"},"west":{"uv":[4,2.9375,4.5625,3.25],"texture":"#0"},"up":{"uv":[4,2.9375,3.5625,2.375],"texture":"#0"},"down":{"uv":[4.4375,2.375,4,2.9375],"texture":"#0"}}},{"from":[4.5,22.25,4],"to":[7.5,24.25,7],"rotation":{"angle":22.5,"axis":"y","origin":[8,0,8]},"faces":{"north":{"uv":[4.625,2.25,4.8125,2.375],"texture":"#0"},"east":{"uv":[4.625,2.25,4.4375,2.375],"texture":"#0"},"south":{"uv":[5,2.25,5.1875,2.375],"texture":"#0"},"west":{"uv":[4.8125,2.25,5,2.375],"texture":"#0"},"up":{"uv":[4.8125,2.25,4.625,2.0625],"texture":"#0"},"down":{"uv":[5,2.0625,4.8125,2.25],"texture":"#0"}}},{"from":[4,16.85,2.28629],"to":[12,19.85,6.28629],"rotation":{"angle":22.5,"axis":"y","origin":[8,0,8]},"faces":{"north":{"uv":[3.25,3.5,3.6875,3.6875],"texture":"#0"},"east":{"uv":[3,3.5,3.25,3.6875],"texture":"#0"},"south":{"uv":[3.9375,3.5,4.375,3.6875],"texture":"#0"},"west":{"uv":[3.6875,3.5,3.9375,3.6875],"texture":"#0"},"up":{"uv":[3.6875,3.5,3.25,3.25],"texture":"#0"},"down":{"uv":[4.125,3.25,3.6875,3.5],"texture":"#0"}}},{"from":[8.5,22.25,4],"to":[11.5,24.25,7],"rotation":{"angle":22.5,"axis":"y","origin":[8,0,8]},"faces":{"north":{"uv":[4.8125,2.25,4.625,2.375],"texture":"#0"},"east":{"uv":[5,2.25,4.8125,2.375],"texture":"#0"},"south":{"uv":[5,2.25,5.1875,2.375],"texture":"#0"},"west":{"uv":[4.4375,2.25,4.625,2.375],"texture":"#0"},"up":{"uv":[4.8125,2.25,4.625,2.0625],"texture":"#0"},"down":{"uv":[5,2.0625,4.8125,2.25],"texture":"#0"}}},{"from":[10.5,16.25,9],"to":[13.5,19.25,13],"rotation":{"angle":22.5,"axis":"y","origin":[8,0,8]},"faces":{"north":{"uv":[4.875,1.875,5.0625,2.0625],"texture":"#0"},"east":{"uv":[4.625,1.875,4.875,2.0625],"texture":"#0"},"south":{"uv":[5.3125,1.875,5.5,2.0625],"texture":"#0"},"west":{"uv":[5.0625,1.875,5.3125,2.0625],"texture":"#0"},"up":{"uv":[5.0625,1.875,4.875,1.625],"texture":"#0"},"down":{"uv":[5.25,1.625,5.0625,1.875],"texture":"#0"}}},{"from":[2.5,16.25,9],"to":[5.5,19.25,13],"rotation":{"angle":22.5,"axis":"y","origin":[8,0,8]},"faces":{"north":{"uv":[4.875,1.875,5.0625,2.0625],"texture":"#0"},"east":{"uv":[4.625,1.875,4.875,2.0625],"texture":"#0"},"south":{"uv":[5.3125,1.875,5.5,2.0625],"texture":"#0"},"west":{"uv":[5.0625,1.875,5.3125,2.0625],"texture":"#0"},"up":{"uv":[5.0625,1.875,4.875,1.625],"texture":"#0"},"down":{"uv":[5.25,1.625,5.0625,1.875],"texture":"#0"}}},{"from":[3,16.25,3.5],"to":[5,19.25,6.5],"rotation":{"angle":22.5,"axis":"y","origin":[8,0,8]},"faces":{"north":{"uv":[5.4375,1.6875,5.5625,1.875],"texture":"#0"},"east":{"uv":[5.25,1.6875,5.4375,1.875],"texture":"#0"},"south":{"uv":[5.75,1.6875,5.875,1.875],"texture":"#0"},"west":{"uv":[5.5625,1.6875,5.75,1.875],"texture":"#0"},"up":{"uv":[5.5625,1.6875,5.4375,1.5],"texture":"#0"},"down":{"uv":[5.6875,1.5,5.5625,1.6875],"texture":"#0"}}},{"from":[11,16.25,3.5],"to":[13,19.25,6.5],"rotation":{"angle":22.5,"axis":"y","origin":[8,0,8]},"faces":{"north":{"uv":[5.4375,1.6875,5.5625,1.875],"texture":"#0"},"east":{"uv":[5.25,1.6875,5.4375,1.875],"texture":"#0"},"south":{"uv":[5.75,1.6875,5.875,1.875],"texture":"#0"},"west":{"uv":[5.5625,1.6875,5.75,1.875],"texture":"#0"},"up":{"uv":[5.5625,1.6875,5.4375,1.5],"texture":"#0"},"down":{"uv":[5.6875,1.5,5.5625,1.6875],"texture":"#0"}}},{"from":[8,16.24,-0.5],"to":[16,16.24,7.5],"rotation":{"angle":22.5,"axis":"y","origin":[8,0,8]},"faces":{"north":{"uv":[0.5,0,1,0],"texture":"#0"},"east":{"uv":[0,0,0.5,0],"texture":"#0"},"south":{"uv":[1.5,0,2,0],"texture":"#0"},"west":{"uv":[1,0,1.5,0],"texture":"#0"},"up":{"uv":[3,3.375,2.5,2.875],"texture":"#0"},"down":{"uv":[3,2.875,2.5,3.375],"texture":"#0"}}},{"from":[0,16.24,-0.5],"to":[8,16.24,7.5],"rotation":{"angle":22.5,"axis":"y","origin":[8,0,8]},"faces":{"north":{"uv":[0.5,0,1,0],"texture":"#0"},"east":{"uv":[0,0,0.5,0],"texture":"#0"},"south":{"uv":[1.5,0,2,0],"texture":"#0"},"west":{"uv":[1,0,1.5,0],"texture":"#0"},"up":{"uv":[2.5,3.375,3,2.875],"texture":"#0"},"down":{"uv":[2.5,2.875,3,3.375],"texture":"#0"}}},{"from":[-1.5,16.24,7],"to":[6.5,16.24,15],"rotation":{"angle":22.5,"axis":"y","origin":[8,0,8]},"faces":{"north":{"uv":[0.5,0,1,0],"texture":"#0"},"east":{"uv":[0,0,0.5,0],"texture":"#0"},"south":{"uv":[1.5,0,2,0],"texture":"#0"},"west":{"uv":[1,0,1.5,0],"texture":"#0"},"up":{"uv":[2.5,3.875,3,3.375],"texture":"#0"},"down":{"uv":[2.5,3.375,3,3.875],"texture":"#0"}}},{"from":[9.5,16.24,7],"to":[17.5,16.24,15],"rotation":{"angle":22.5,"axis":"y","origin":[8,0,8]},"faces":{"north":{"uv":[0.5,0,1,0],"texture":"#0"},"east":{"uv":[0,0,0.5,0],"texture":"#0"},"south":{"uv":[1.5,0,2,0],"texture":"#0"},"west":{"uv":[1,0,1.5,0],"texture":"#0"},"up":{"uv":[3,3.875,2.5,3.375],"texture":"#0"},"down":{"uv":[3,3.375,2.5,3.875],"texture":"#0"}}},{"from":[12.75,21.25,10.25],"to":[20.75,29.25,10.25],"rotation":{"angle":0,"axis":"y","origin":[24,19,14]},"faces":{"north":{"uv":[8.25,0.5,7.75,1],"texture":"#0"},"east":{"uv":[0,0,0,1],"texture":"#0"},"south":{"uv":[7.75,0.5,8.25,1],"texture":"#0"},"west":{"uv":[0,0,0,1],"texture":"#0"},"up":{"uv":[0,0,1,0],"texture":"#0"},"down":{"uv":[0,0,1,0],"texture":"#0"}}},{"from":[-0.25,8,7.75],"to":[7.75,16,7.75],"rotation":{"angle":0,"axis":"y","origin":[-6,19,14]},"faces":{"north":{"uv":[7.75,0.5,8.25,1],"texture":"#0"},"east":{"uv":[0,0,0,1],"texture":"#0"},"south":{"uv":[8.25,0.5,7.75,1],"texture":"#0"},"west":{"uv":[0,0,0,1],"texture":"#0"},"up":{"uv":[0,0,1,0],"texture":"#0"},"down":{"uv":[0,0,1,0],"texture":"#0"}}}]}