{"display":{"thirdperson_righthand":{"rotation":[75,45,0],"translation":[0,1,0],"scale":[0.15,0.15,0.15]},"thirdperson_lefthand":{"rotation":[75,45,0],"translation":[0,1,0],"scale":[0.15,0.15,0.15]},"firstperson_righthand":{"rotation":[0,45,0],"scale":[0.2,0.2,0.2]},"firstperson_lefthand":{"rotation":[0,45,0],"scale":[0.2,0.2,0.2]},"ground":{"translation":[0,3.2,0],"scale":[0.15,0.15,0.15]},"gui":{"rotation":[30,225,0],"scale":[0.3,0.3,0.3]},"head":{"scale":[2,2,2]},"fixed":{"rotation":[-90,0,0],"translation":[0,0,-30],"scale":[2,2,2]}},"texture_size":[256,256],"textures":{"0":"statue/wooden_statue"},"elements":[{"from":[-2,-8,-8],"to":[18,0,24],"faces":{"north":{"uv":[1.25,1.6875,0,1.1875],"texture":"#0"},"east":{"uv":[3.5,2.875,1.5,2.375],"texture":"#0"},"south":{"uv":[0,1.6875,1.25,1.1875],"texture":"#0"},"west":{"uv":[3.5,2.875,1.5,2.375],"texture":"#0"},"up":{"uv":[0,2.875,1.25,4.875],"texture":"#0"},"down":{"uv":[1.25,2.875,2.5,4.875],"texture":"#0"}}},{"from":[-2.25,-2,-8.25],"to":[18.25,-1,24.25],"faces":{"north":{"uv":[1.25,1.375,0,1.3125],"texture":"#0"},"east":{"uv":[3.5,2.5625,1.5,2.5],"texture":"#0"},"south":{"uv":[0,1.375,1.25,1.3125],"texture":"#0"},"west":{"uv":[3.5,2.5625,1.5,2.5],"texture":"#0"},"up":{"uv":[1.25,1.25,1.5625,1.5625],"texture":"#0"},"down":{"uv":[1.25,1.25,1.5625,1.5625],"texture":"#0"}}},{"from":[-2.25,-6,-8.25],"to":[18.25,-5,24.25],"faces":{"north":{"uv":[1.25,1.625,0,1.5625],"texture":"#0"},"east":{"uv":[3.5,2.8125,1.5,2.75],"texture":"#0"},"south":{"uv":[0,1.625,1.25,1.5625],"texture":"#0"},"west":{"uv":[3.5,2.8125,1.5,2.75],"texture":"#0"},"up":{"uv":[1.25,1.25,1.5625,1.5625],"texture":"#0"},"down":{"uv":[1.25,1.25,1.5625,1.5625],"texture":"#0"}}},{"from":[8.5,3,-11],"to":[11.5,9,-8],"rotation":{"angle":45,"axis":"x","origin":[-0.5,0,0]},"faces":{"north":{"uv":[6.0625,1.6875,6.25,2.0625],"texture":"#0"},"east":{"uv":[5.875,1.6875,6.0625,2.0625],"texture":"#0"},"south":{"uv":[6.4375,1.6875,6.625,2.0625],"texture":"#0"},"west":{"uv":[6.25,1.6875,6.4375,2.0625],"texture":"#0"},"up":{"uv":[6.25,1.6875,6.0625,1.5],"texture":"#0"},"down":{"uv":[6.4375,1.5,6.25,1.6875],"texture":"#0"}}},{"from":[4.5,6,-1],"to":[7.5,12,2],"rotation":{"angle":0,"axis":"y","origin":[-0.5,0,0]},"faces":{"north":{"uv":[6.0625,1.6875,6.25,2.0625],"texture":"#0"},"east":{"uv":[5.875,1.6875,6.0625,2.0625],"texture":"#0"},"south":{"uv":[6.4375,1.6875,6.625,2.0625],"texture":"#0"},"west":{"uv":[6.25,1.6875,6.4375,2.0625],"texture":"#0"},"up":{"uv":[6.25,1.6875,6.0625,1.5],"texture":"#0"},"down":{"uv":[6.4375,1.5,6.25,1.6875],"texture":"#0"}}},{"from":[4.5,0,13],"to":[7.5,6,16],"rotation":{"angle":0,"axis":"y","origin":[-0.5,0,0]},"faces":{"north":{"uv":[6.0625,1.6875,6.25,2.0625],"texture":"#0"},"east":{"uv":[5.875,1.6875,6.0625,2.0625],"texture":"#0"},"south":{"uv":[6.4375,1.6875,6.625,2.0625],"texture":"#0"},"west":{"uv":[6.25,1.6875,6.4375,2.0625],"texture":"#0"},"up":{"uv":[6.25,1.6875,6.0625,1.5],"texture":"#0"},"down":{"uv":[6.4375,1.5,6.25,1.6875],"texture":"#0"}}},{"from":[8.5,0,12],"to":[11.5,6,15],"rotation":{"angle":0,"axis":"y","origin":[-0.5,0,0]},"faces":{"north":{"uv":[6.0625,1.6875,6.25,2.0625],"texture":"#0"},"east":{"uv":[5.875,1.6875,6.0625,2.0625],"texture":"#0"},"south":{"uv":[6.4375,1.6875,6.625,2.0625],"texture":"#0"},"west":{"uv":[6.25,1.6875,6.4375,2.0625],"texture":"#0"},"up":{"uv":[6.25,1.6875,6.0625,1.5],"texture":"#0"},"down":{"uv":[6.4375,1.5,6.25,1.6875],"texture":"#0"}}},{"from":[8,11,-2],"to":[8,18,3],"rotation":{"angle":22.5,"axis":"x","origin":[7.5,21,5]},"faces":{"north":{"uv":[1.75,3.5625,1.75,4],"texture":"#0"},"east":{"uv":[9.125,0.6875,8.8125,1.125],"texture":"#0"},"south":{"uv":[2.0625,3.5625,2.0625,4],"texture":"#0"},"west":{"uv":[8.8125,0.6875,9.125,1.125],"texture":"#0"},"up":{"uv":[1.75,3.5625,1.75,3.25],"texture":"#0"},"down":{"uv":[1.75,3.25,1.75,3.5625],"texture":"#0"}}},{"from":[10.5,24,2.25],"to":[13.5,26,3.25],"rotation":{"angle":22.5,"axis":"x","origin":[7.5,21,5]},"faces":{"north":{"uv":[8.125,1.125,8.3125,1.25],"texture":"#0"},"east":{"uv":[8.0625,1.125,8.125,1.25],"texture":"#0"},"south":{"uv":[8.375,1.125,8.5625,1.25],"texture":"#0"},"west":{"uv":[8.3125,1.125,8.375,1.25],"texture":"#0"},"up":{"uv":[8.3125,1.125,8.125,1.0625],"texture":"#0"},"down":{"uv":[8.5,1.0625,8.3125,1.125],"texture":"#0"}}},{"from":[2.5,24,2.25],"to":[5.5,26,3.25],"rotation":{"angle":22.5,"axis":"x","origin":[7.5,21,5]},"faces":{"north":{"uv":[8.3125,1.125,8.125,1.25],"texture":"#0"},"east":{"uv":[8.0625,1.125,8.125,1.25],"texture":"#0"},"south":{"uv":[8.5625,1.125,8.375,1.25],"texture":"#0"},"west":{"uv":[8.3125,1.125,8.375,1.25],"texture":"#0"},"up":{"uv":[8.3125,1.125,8.125,1.0625],"texture":"#0"},"down":{"uv":[8.5,1.0625,8.3125,1.125],"texture":"#0"}}},{"from":[5.49,20.11132,-2.30289],"to":[10.51,27.13132,7.71711],"rotation":{"angle":-22.5,"axis":"x","origin":[7.5,21,5]},"faces":{"north":{"uv":[7.25,1.5,7.5625,1.9375],"texture":"#0"},"east":{"uv":[8.0625,1.0625,7.4375,1.5],"texture":"#0"},"south":{"uv":[7.5625,1.5,7.875,1.9375],"texture":"#0"},"west":{"uv":[7.4375,1.0625,8.0625,1.5],"texture":"#0"},"up":{"uv":[7.25,2.125,6.9375,1.5],"texture":"#0"},"down":{"uv":[6.9375,1.5,6.625,2.125],"texture":"#0"}}},{"from":[8.5,24,2.75],"to":[10.5,31,4.75],"rotation":{"angle":22.5,"axis":"x","origin":[7.5,21,5]},"faces":{"north":{"uv":[8.5625,1.1875,8.6875,1.625],"texture":"#0"},"east":{"uv":[8.5625,1.1875,8.6875,1.625],"texture":"#0"},"south":{"uv":[8.5625,1.1875,8.6875,1.625],"texture":"#0"},"west":{"uv":[8.5625,1.1875,8.6875,1.625],"texture":"#0"},"up":{"uv":[8.6875,1.1875,8.5625,1.0625],"texture":"#0"},"down":{"uv":[8.6875,1.0625,8.5625,1.1875],"texture":"#0"}}},{"from":[5.5,24,2.75],"to":[7.5,31,4.75],"rotation":{"angle":22.5,"axis":"x","origin":[7.5,21,5]},"faces":{"north":{"uv":[8.5625,1.1875,8.6875,1.625],"texture":"#0"},"east":{"uv":[8.5625,1.1875,8.6875,1.625],"texture":"#0"},"south":{"uv":[8.5625,1.1875,8.6875,1.625],"texture":"#0"},"west":{"uv":[8.5625,1.1875,8.6875,1.625],"texture":"#0"},"up":{"uv":[8.6875,1.1875,8.5625,1.0625],"texture":"#0"},"down":{"uv":[8.6875,1.0625,8.5625,1.1875],"texture":"#0"}}},{"from":[3.5,6,0],"to":[12.5,17,16],"rotation":{"angle":22.5,"axis":"x","origin":[8,6,13]},"faces":{"north":{"uv":[7.875,1.5,8.5625,2.0625],"rotation":90,"texture":"#0"},"east":{"uv":[5.1875,2.0625,6.1875,2.75],"texture":"#0"},"south":{"uv":[7.875,1.5,8.5625,2.0625],"rotation":90,"texture":"#0"},"west":{"uv":[6.1875,2.0625,5.1875,2.75],"texture":"#0"},"up":{"uv":[7.1875,2.75,6.1875,2.1875],"rotation":90,"texture":"#0"},"down":{"uv":[9.25,1.125,8.6875,2.125],"texture":"#0"}}},{"from":[2.5,4,-1],"to":[2.5,18,10],"rotation":{"angle":22.5,"axis":"x","origin":[8,6,13]},"faces":{"north":{"uv":[0,0,0,0.875],"texture":"#0"},"east":{"uv":[5,2.75,5.6875,3.625],"texture":"#0"},"south":{"uv":[0,0,0,0.875],"texture":"#0"},"west":{"uv":[5.6875,2.75,5,3.625],"texture":"#0"},"up":{"uv":[0,0,0,0.6875],"texture":"#0"},"down":{"uv":[0,0,0,0.6875],"texture":"#0"}}},{"from":[13.5,4,-1],"to":[13.5,18,10],"rotation":{"angle":22.5,"axis":"x","origin":[8,6,13]},"faces":{"north":{"uv":[0,0,0,0.875],"texture":"#0"},"east":{"uv":[5,2.75,5.6875,3.625],"texture":"#0"},"south":{"uv":[0,0,0,0.875],"texture":"#0"},"west":{"uv":[5.6875,2.75,5,3.625],"texture":"#0"},"up":{"uv":[0,0,0,0.6875],"texture":"#0"},"down":{"uv":[0,0,0,0.6875],"texture":"#0"}}},{"from":[2.5,4,-1],"to":[13.5,18,-1],"rotation":{"angle":22.5,"axis":"x","origin":[8,6,13]},"faces":{"north":{"uv":[5.6875,2.75,6.375,3.625],"texture":"#0"},"east":{"uv":[0,0,0,0.875],"texture":"#0"},"south":{"uv":[6.375,2.75,5.6875,3.625],"texture":"#0"},"west":{"uv":[0,0,0,0.875],"texture":"#0"},"up":{"uv":[0,0,0.6875,0],"texture":"#0"},"down":{"uv":[0,0,0.6875,0],"texture":"#0"}}},{"from":[2.5,4,10],"to":[13.5,18,10],"rotation":{"angle":22.5,"axis":"x","origin":[8,6,13]},"faces":{"north":{"uv":[7.0625,2.75,6.375,3.625],"texture":"#0"},"east":{"uv":[0,0,0,0.875],"texture":"#0"},"south":{"uv":[6.375,2.75,7.0625,3.625],"texture":"#0"},"west":{"uv":[0,0,0,0.875],"texture":"#0"},"up":{"uv":[0,0,0.6875,0],"texture":"#0"},"down":{"uv":[0,0,0.6875,0],"texture":"#0"}}},{"from":[2.5,18,-1],"to":[13.5,18,10],"rotation":{"angle":22.5,"axis":"x","origin":[8,6,13]},"faces":{"north":{"uv":[0,0,0.6875,0],"texture":"#0"},"east":{"uv":[0,0,0.6875,0],"texture":"#0"},"south":{"uv":[0,0,0.6875,0],"texture":"#0"},"west":{"uv":[0,0,0.6875,0],"texture":"#0"},"up":{"uv":[7.0625,2.75,7.75,3.4375],"texture":"#0"},"down":{"uv":[7.0625,3.4375,7.75,2.75],"texture":"#0"}}},{"from":[-15.5,16.5,15],"to":[-7.5,24.5,15],"rotation":{"angle":45,"axis":"y","origin":[0,0,0]},"faces":{"north":{"uv":[7.75,0.5,8.25,1],"texture":"#0"},"east":{"uv":[0,0,0,0.5],"texture":"#0"},"south":{"uv":[8.25,0.5,7.75,1],"texture":"#0"},"west":{"uv":[0,0,0,0.5],"texture":"#0"},"up":{"uv":[0,0,0.5,0],"texture":"#0"},"down":{"uv":[0,0,0.5,0],"texture":"#0"}}},{"from":[4.5,23.5,5],"to":[12.5,31.5,5],"rotation":{"angle":-22.5,"axis":"z","origin":[0,0,0]},"faces":{"north":{"uv":[8.25,0.5,7.75,1],"texture":"#0"},"east":{"uv":[0,0,0,0.5],"texture":"#0"},"south":{"uv":[7.75,0.5,8.25,1],"texture":"#0"},"west":{"uv":[0,0,0,0.5],"texture":"#0"},"up":{"uv":[0,0,0.5,0],"texture":"#0"},"down":{"uv":[0,0,0.5,0],"texture":"#0"}}}]}