{"display":{"thirdperson_righthand":{"rotation":[75,45,0],"translation":[0,1,0],"scale":[0.15,0.15,0.15]},"thirdperson_lefthand":{"rotation":[75,45,0],"translation":[0,1,0],"scale":[0.15,0.15,0.15]},"firstperson_righthand":{"rotation":[0,45,0],"scale":[0.2,0.2,0.2]},"firstperson_lefthand":{"rotation":[0,45,0],"scale":[0.2,0.2,0.2]},"ground":{"translation":[0,3.2,0],"scale":[0.15,0.15,0.15]},"gui":{"rotation":[30,225,0],"translation":[0,1.5,0],"scale":[0.3,0.3,0.3]},"head":{"scale":[2,2,2]},"fixed":{"rotation":[-90,0,0],"translation":[0,0,-46],"scale":[2,2,2]}},"texture_size":[256,256],"textures":{"0":"statue/statue"},"elements":[{"from":[-2,-16,-8],"to":[18,-8,24],"faces":{"north":{"uv":[2.5,14.3125,1.25,13.8125],"texture":"#0"},"east":{"uv":[0,15.75,2,15.25],"texture":"#0"},"south":{"uv":[1.25,14.3125,2.5,13.8125],"texture":"#0"},"west":{"uv":[2,15.75,0,15.25],"texture":"#0"},"up":{"uv":[3.5,8.875,4.75,10.875],"texture":"#0"},"down":{"uv":[0,13.25,1.25,15.25],"texture":"#0"}}},{"from":[-2.25,-11,-8.25],"to":[18.25,-10,24.25],"faces":{"north":{"uv":[2.5,14,1.25,13.9375],"texture":"#0"},"east":{"uv":[0,15.375,2,15.4375],"texture":"#0"},"south":{"uv":[1.25,13.9375,2.5,14],"texture":"#0"},"west":{"uv":[2,15.4375,0,15.375],"texture":"#0"},"up":{"uv":[0,3.25,0.625,3.875],"texture":"#0"},"down":{"uv":[0,3.25,0.625,3.875],"texture":"#0"}}},{"from":[-2.25,-14,-8.25],"to":[18.25,-13,24.25],"faces":{"north":{"uv":[2.5,14.1875,1.25,14.125],"texture":"#0"},"east":{"uv":[0,15.5625,2,15.625],"texture":"#0"},"south":{"uv":[1.25,14.125,2.5,14.1875],"texture":"#0"},"west":{"uv":[2,15.625,0,15.5625],"texture":"#0"},"up":{"uv":[0,3.25,0.625,3.875],"texture":"#0"},"down":{"uv":[0,3.25,0.625,3.875],"texture":"#0"}}},{"from":[3,-8,16],"to":[7,3,20],"rotation":{"angle":0,"axis":"y","origin":[0,-4,-1]},"faces":{"north":{"uv":[2.3125,13.125,2.0625,13.8125],"texture":"#0"},"east":{"uv":[2.5625,13.125,2.3125,13.8125],"texture":"#0"},"south":{"uv":[2.8125,13.125,2.5625,13.8125],"texture":"#0"},"west":{"uv":[2.0625,13.125,1.8125,13.8125],"texture":"#0"},"up":{"uv":[1.8125,13.1875,2.0625,12.9375],"texture":"#0"},"down":{"uv":[2.3125,12.6875,2.5625,12.9375],"texture":"#0"}}},{"from":[5.45,29,10.99],"to":[7.45,32,11.99],"rotation":{"angle":-22.5,"axis":"x","origin":[0,-4,-1]},"faces":{"north":{"uv":[1.3125,11,1.1875,11.1875],"texture":"#0"},"east":{"uv":[1.125,11,1.1875,11.1875],"texture":"#0"},"south":{"uv":[1.375,11,1.5,11.1875],"texture":"#0"},"west":{"uv":[1.3125,11,1.375,11.1875],"texture":"#0"},"up":{"uv":[1.1875,11,1.3125,10.9375],"texture":"#0"},"down":{"uv":[1.4375,10.9375,1.3125,11],"texture":"#0"}}},{"from":[8.55,29,10.99],"to":[10.55,32,11.99],"rotation":{"angle":-22.5,"axis":"x","origin":[0,-4,-1]},"faces":{"north":{"uv":[1.1875,11,1.3125,11.1875],"texture":"#0"},"east":{"uv":[1.125,11,1.1875,11.1875],"texture":"#0"},"south":{"uv":[1.5,11,1.375,11.1875],"texture":"#0"},"west":{"uv":[1.3125,11,1.375,11.1875],"texture":"#0"},"up":{"uv":[1.3125,11,1.1875,10.9375],"texture":"#0"},"down":{"uv":[1.4375,10.9375,1.3125,11],"texture":"#0"}}},{"from":[6,24,0],"to":[10,29,5],"rotation":{"angle":-22.5,"axis":"x","origin":[0,-4,-1]},"faces":{"north":{"uv":[4.875,12.5625,5.125,12.875],"texture":"#0"},"east":{"uv":[4.875,12.5625,4.5625,12.875],"texture":"#0"},"south":{"uv":[4.875,12.5625,5.125,12.875],"texture":"#0"},"west":{"uv":[4.5625,12.5625,4.875,12.875],"texture":"#0"},"up":{"uv":[4.8125,12.5625,4.5625,12.25],"texture":"#0"},"down":{"uv":[5.0625,12.25,4.8125,12.5625],"texture":"#0"}}},{"from":[5,24,5],"to":[11,29,12],"rotation":{"angle":-22.5,"axis":"x","origin":[0,-4,-1]},"faces":{"north":{"uv":[1.25,14.3125,1.625,14.625],"texture":"#0"},"east":{"uv":[2.0625,14.3125,1.625,14.625],"texture":"#0"},"south":{"uv":[1.25,14.3125,1.625,14.625],"texture":"#0"},"west":{"uv":[1.625,14.3125,2.0625,14.625],"texture":"#0"},"up":{"uv":[1.625,15.0625,1.25,14.625],"texture":"#0"},"down":{"uv":[1.625,14.625,1.25,15.0625],"texture":"#0"}}},{"from":[6.05,12,5],"to":[10.05,24,12],"rotation":{"angle":-22.5,"axis":"x","origin":[0,-4,-1]},"faces":{"north":{"uv":[3.875,13.0625,4.125,13.8125],"texture":"#0"},"east":{"uv":[3.4375,13.0625,3.875,13.8125],"texture":"#0"},"south":{"uv":[3.875,13.0625,4.125,13.8125],"texture":"#0"},"west":{"uv":[3.4375,13.0625,3.875,13.8125],"texture":"#0"},"up":{"uv":[3.6875,13.0625,3.4375,12.625],"texture":"#0"},"down":{"uv":[3.6875,12.625,3.4375,13.0625],"texture":"#0"}}},{"from":[7,13,12],"to":[9,29,14],"rotation":{"angle":-22.5,"axis":"x","origin":[0,-4,-1]},"faces":{"north":{"uv":[2.9375,12.8125,3.0625,13.8125],"texture":"#0"},"east":{"uv":[2.8125,12.8125,2.9375,13.8125],"texture":"#0"},"south":{"uv":[2.9375,12.8125,3.0625,13.8125],"texture":"#0"},"west":{"uv":[3.0625,12.8125,2.9375,13.8125],"texture":"#0"},"up":{"uv":[3.1875,12.9375,3.0625,12.8125],"texture":"#0"},"down":{"uv":[3.375,12.8125,3.25,12.9375],"texture":"#0"}}},{"from":[2.95,8.95,-7.05],"to":[13.05,19.05,15.05],"rotation":{"angle":22.5,"axis":"x","origin":[0,-4,-1]},"faces":{"north":{"uv":[3.9375,10.875,4.5625,11.5],"texture":"#0"},"east":{"uv":[2.125,8.875,3.5,9.5],"texture":"#0"},"south":{"uv":[3.9375,10.875,4.5625,11.5],"texture":"#0"},"west":{"uv":[2.125,8.875,3.5,9.5],"texture":"#0"},"up":{"uv":[5.1875,12.25,4.5625,10.875],"texture":"#0"},"down":{"uv":[0.625,13.25,0,14.625],"texture":"#0"}}},{"from":[6.5,-4,21],"to":[9.5,10,25],"rotation":{"angle":0,"axis":"y","origin":[0,-4,-1]},"faces":{"north":{"uv":[2.875,12.8125,3.0625,13.6875],"texture":"#0"},"east":{"uv":[2.8125,12.8125,3.0625,13.6875],"texture":"#0"},"south":{"uv":[2.875,12.8125,3.0625,13.6875],"texture":"#0"},"west":{"uv":[2.8125,12.8125,3.0625,13.6875],"texture":"#0"},"up":{"uv":[3.25,13.0625,3.0625,12.8125],"texture":"#0"},"down":{"uv":[3.4375,12.8125,3.25,13.0625],"texture":"#0"}}},{"from":[3,3,-3.9],"to":[7,14,0.1],"rotation":{"angle":0,"axis":"y","origin":[0,-4,-1]},"faces":{"north":{"uv":[2.3125,13.125,2.0625,13.8125],"texture":"#0"},"east":{"uv":[2.5625,13.125,2.3125,13.8125],"texture":"#0"},"south":{"uv":[2.8125,13.125,2.5625,13.8125],"texture":"#0"},"west":{"uv":[2.0625,13.125,1.8125,13.8125],"texture":"#0"},"up":{"uv":[2.5625,13.1875,2.8125,12.9375],"texture":"#0"},"down":{"uv":[2.3125,12.6875,2.5625,12.9375],"texture":"#0"}}},{"from":[9,-1,-9.9],"to":[13,10,-5.9],"rotation":{"angle":22.5,"axis":"x","origin":[0,-4,-1]},"faces":{"north":{"uv":[2.3125,13.125,2.0625,13.8125],"texture":"#0"},"east":{"uv":[2.5625,13.125,2.3125,13.8125],"texture":"#0"},"south":{"uv":[2.8125,13.125,2.5625,13.8125],"texture":"#0"},"west":{"uv":[2.0625,13.125,1.8125,13.8125],"texture":"#0"},"up":{"uv":[2.5625,13.1875,2.8125,12.9375],"texture":"#0"},"down":{"uv":[2.3125,12.6875,2.5625,12.9375],"texture":"#0"}}},{"from":[9,-8,15],"to":[13,3,19],"rotation":{"angle":0,"axis":"y","origin":[0,-4,-1]},"faces":{"north":{"uv":[2.3125,13.125,2.0625,13.8125],"texture":"#0"},"east":{"uv":[2.5625,13.125,2.3125,13.8125],"texture":"#0"},"south":{"uv":[2.8125,13.125,2.5625,13.8125],"texture":"#0"},"west":{"uv":[2.0625,13.125,1.8125,13.8125],"texture":"#0"},"up":{"uv":[1.8125,13.1875,2.0625,12.9375],"texture":"#0"},"down":{"uv":[2.3125,12.6875,2.5625,12.9375],"texture":"#0"}}}]}