{"display":{"thirdperson_righthand":{"rotation":[75,45,0],"translation":[0,1,0],"scale":[0.15,0.15,0.15]},"thirdperson_lefthand":{"rotation":[75,45,0],"translation":[0,1,0],"scale":[0.15,0.15,0.15]},"firstperson_righthand":{"rotation":[0,45,0],"scale":[0.2,0.2,0.2]},"firstperson_lefthand":{"rotation":[0,45,0],"scale":[0.2,0.2,0.2]},"ground":{"translation":[0,3.2,0],"scale":[0.15,0.15,0.15]},"gui":{"rotation":[30,225,0],"translation":[0,1.5,0],"scale":[0.3,0.3,0.3]},"head":{"scale":[2,2,2]},"fixed":{"rotation":[-90,0,0],"translation":[0,0,-44],"scale":[2,2,2]}},"texture_size":[256,256],"textures":{"0":"statue/wooden_statue"},"elements":[{"from":[-2,-15,-8],"to":[18,-7,24],"faces":{"north":{"uv":[1.25,1.6875,0,1.1875],"texture":"#0"},"east":{"uv":[3.5,2.875,1.5,2.375],"texture":"#0"},"south":{"uv":[0,1.6875,1.25,1.1875],"texture":"#0"},"west":{"uv":[3.5,2.875,1.5,2.375],"texture":"#0"},"up":{"uv":[0,2.875,1.25,4.875],"texture":"#0"},"down":{"uv":[1.25,2.875,2.5,4.875],"texture":"#0"}}},{"from":[-2.25,-9,-8.25],"to":[18.25,-8,24.25],"faces":{"north":{"uv":[1.25,1.375,0,1.3125],"texture":"#0"},"east":{"uv":[3.5,2.5625,1.5,2.5],"texture":"#0"},"south":{"uv":[0,1.375,1.25,1.3125],"texture":"#0"},"west":{"uv":[3.5,2.5625,1.5,2.5],"texture":"#0"},"up":{"uv":[1.25,1.25,1.5625,1.5625],"texture":"#0"},"down":{"uv":[1.25,1.25,1.5625,1.5625],"texture":"#0"}}},{"from":[-2.25,-13,-8.25],"to":[18.25,-12,24.25],"faces":{"north":{"uv":[1.25,1.625,0,1.5625],"texture":"#0"},"east":{"uv":[3.5,2.8125,1.5,2.75],"texture":"#0"},"south":{"uv":[0,1.625,1.25,1.5625],"texture":"#0"},"west":{"uv":[3.5,2.8125,1.5,2.75],"texture":"#0"},"up":{"uv":[1.25,1.25,1.5625,1.5625],"texture":"#0"},"down":{"uv":[1.25,1.25,1.5625,1.5625],"texture":"#0"}}},{"from":[2,4.75,-1.5],"to":[14,14.75,16.5],"rotation":{"angle":0,"axis":"x","origin":[0,-7.25,0.5]},"faces":{"north":{"uv":[3.25,0.625,2.5,0],"rotation":180,"texture":"#0"},"east":{"uv":[4,0,4.625,1.125],"rotation":90,"texture":"#0"},"south":{"uv":[4,0,3.25,0.625],"texture":"#0"},"west":{"uv":[5.375,0,6,1.125],"rotation":270,"texture":"#0"},"up":{"uv":[6,0,6.75,1.125],"texture":"#0"},"down":{"uv":[4.625,0,5.375,1.125],"rotation":180,"texture":"#0"}}},{"from":[6,3.75,10.5],"to":[10,4.75,16.5],"rotation":{"angle":0,"axis":"x","origin":[0,-7.25,0.5]},"faces":{"north":{"uv":[4,0.875,3.75,0.9375],"rotation":180,"texture":"#0"},"east":{"uv":[6.5,1.125,6.5625,1.5],"rotation":270,"texture":"#0"},"south":{"uv":[4,1,3.75,0.9375],"texture":"#0"},"west":{"uv":[6.5,1.125,6.5625,1.5],"rotation":90,"texture":"#0"},"up":{"uv":[6.25,1.125,6.5,1.5],"rotation":180,"texture":"#0"},"down":{"uv":[6.25,1.125,6.5,1.5],"texture":"#0"}}},{"from":[1.99,-7.26,12.49],"to":[6.01,4.76,16.51],"rotation":{"angle":-22.5,"axis":"x","origin":[4,4.75,14.5]},"faces":{"north":{"uv":[2.75,0.625,3,1.375],"texture":"#0"},"east":{"uv":[2.5,0.625,2.75,1.375],"texture":"#0"},"south":{"uv":[3.25,0.625,3.5,1.375],"texture":"#0"},"west":{"uv":[3,0.625,3.25,1.375],"texture":"#0"},"up":{"uv":[3.75,0.875,3.5,0.625],"texture":"#0"},"down":{"uv":[4,0.625,3.75,0.875],"texture":"#0"}}},{"from":[1.99,-7.26,-0.51],"to":[6.01,4.76,3.51],"rotation":{"angle":22.5,"axis":"x","origin":[4,4.75,1.5]},"faces":{"north":{"uv":[2.75,0.625,3,1.375],"texture":"#0"},"east":{"uv":[2.5,0.625,2.75,1.375],"texture":"#0"},"south":{"uv":[3.25,0.625,3.5,1.375],"texture":"#0"},"west":{"uv":[3,0.625,3.25,1.375],"texture":"#0"},"up":{"uv":[3.75,0.875,3.5,0.625],"texture":"#0"},"down":{"uv":[4,0.625,3.75,0.875],"texture":"#0"}}},{"from":[9.99,-7.26,0.49],"to":[14.01,4.76,4.51],"rotation":{"angle":-22.5,"axis":"x","origin":[12,4.75,2.5]},"faces":{"north":{"uv":[2.75,0.625,3,1.375],"texture":"#0"},"east":{"uv":[2.5,0.625,2.75,1.375],"texture":"#0"},"south":{"uv":[3.25,0.625,3.5,1.375],"texture":"#0"},"west":{"uv":[3,0.625,3.25,1.375],"texture":"#0"},"up":{"uv":[3.75,0.875,3.5,0.625],"texture":"#0"},"down":{"uv":[4,0.625,3.75,0.875],"texture":"#0"}}},{"from":[9.99,-7.26,12.49],"to":[14.01,4.76,16.51],"rotation":{"angle":22.5,"axis":"x","origin":[12,4.75,14.5]},"faces":{"north":{"uv":[2.75,0.625,3,1.375],"texture":"#0"},"east":{"uv":[2.5,0.625,2.75,1.375],"texture":"#0"},"south":{"uv":[3.25,0.625,3.5,1.375],"texture":"#0"},"west":{"uv":[3,0.625,3.25,1.375],"texture":"#0"},"up":{"uv":[3.75,0.875,3.5,0.625],"texture":"#0"},"down":{"uv":[4,0.625,3.75,0.875],"texture":"#0"}}},{"from":[12,14.75,-4.5],"to":[13,17.75,-3.5],"rotation":{"angle":0,"axis":"y","origin":[0,-7.25,0.5]},"faces":{"north":{"uv":[3.5625,0.9375,3.625,1.125],"texture":"#0"},"east":{"uv":[3.5,0.9375,3.5625,1.125],"texture":"#0"},"south":{"uv":[3.6875,0.9375,3.75,1.125],"texture":"#0"},"west":{"uv":[3.625,0.9375,3.6875,1.125],"texture":"#0"},"up":{"uv":[3.625,0.9375,3.5625,0.875],"texture":"#0"},"down":{"uv":[3.6875,0.875,3.625,0.9375],"texture":"#0"}}},{"from":[3,14.75,-4.5],"to":[4,17.75,-3.5],"rotation":{"angle":0,"axis":"y","origin":[0,-7.25,0.5]},"faces":{"north":{"uv":[3.5625,0.9375,3.625,1.125],"texture":"#0"},"east":{"uv":[3.5,0.9375,3.5625,1.125],"texture":"#0"},"south":{"uv":[3.6875,0.9375,3.75,1.125],"texture":"#0"},"west":{"uv":[3.625,0.9375,3.6875,1.125],"texture":"#0"},"up":{"uv":[3.625,0.9375,3.5625,0.875],"texture":"#0"},"down":{"uv":[3.6875,0.875,3.625,0.9375],"texture":"#0"}}},{"from":[4,8.75,-7.5],"to":[12,16.75,-1.5],"rotation":{"angle":0,"axis":"y","origin":[0,-7.25,0.5]},"faces":{"north":{"uv":[3.875,1.125,4.375,1.625],"texture":"#0"},"east":{"uv":[3.5,1.125,3.875,1.625],"texture":"#0"},"south":{"uv":[4.75,1.125,5.25,1.625],"texture":"#0"},"west":{"uv":[4.375,1.125,4.75,1.625],"texture":"#0"},"up":{"uv":[5.75,1.5,5.25,1.125],"texture":"#0"},"down":{"uv":[6.25,1.125,5.75,1.5],"texture":"#0"}}},{"from":[8,16,-15.5],"to":[8,32,4.5],"rotation":{"angle":22.5,"axis":"y","origin":[8,19,-5.5]},"faces":{"north":{"uv":[0,0,0,1],"texture":"#0"},"east":{"uv":[6.75,0,7.75,1],"texture":"#0"},"south":{"uv":[0,0,0,1],"texture":"#0"},"west":{"uv":[6.75,0,7.75,1],"texture":"#0"},"up":{"uv":[0,0,1,0],"rotation":90,"texture":"#0"},"down":{"uv":[0,0,1,0],"rotation":270,"texture":"#0"}}},{"from":[-2,16,-5.5],"to":[18,32,-5.5],"rotation":{"angle":22.5,"axis":"y","origin":[8,19,-5.5]},"faces":{"north":{"uv":[6.75,0,7.75,1],"texture":"#0"},"east":{"uv":[0,0,0,1],"texture":"#0"},"south":{"uv":[6.75,0,7.75,1],"texture":"#0"},"west":{"uv":[0,0,0,1],"texture":"#0"},"up":{"uv":[0,0,1,0],"rotation":180,"texture":"#0"},"down":{"uv":[0,0,1,0],"rotation":180,"texture":"#0"}}},{"from":[5.5,14.25,4.5],"to":[5.5,30.25,24.5],"rotation":{"angle":0,"axis":"y","origin":[5.5,19,14.5]},"faces":{"north":{"uv":[0,0,0,1],"texture":"#0"},"east":{"uv":[6.75,0,7.75,1],"texture":"#0"},"south":{"uv":[0,0,0,1],"texture":"#0"},"west":{"uv":[6.75,0,7.75,1],"texture":"#0"},"up":{"uv":[0,0,1,0],"rotation":90,"texture":"#0"},"down":{"uv":[0,0,1,0],"rotation":270,"texture":"#0"}}},{"from":[-4.5,14.25,14.5],"to":[15.5,30.25,14.5],"rotation":{"angle":0,"axis":"y","origin":[5.5,19,14.5]},"faces":{"north":{"uv":[6.75,0,7.75,1],"texture":"#0"},"east":{"uv":[0,0,0,1],"texture":"#0"},"south":{"uv":[6.75,0,7.75,1],"texture":"#0"},"west":{"uv":[0,0,0,1],"texture":"#0"},"up":{"uv":[0,0,1,0],"rotation":180,"texture":"#0"},"down":{"uv":[0,0,1,0],"rotation":180,"texture":"#0"}}},{"from":[-0.5,14.25,6.25],"to":[19.5,30.25,6.25],"rotation":{"angle":-45,"axis":"y","origin":[9.5,19,7.5]},"faces":{"north":{"uv":[6.75,0,7.75,1],"texture":"#0"},"east":{"uv":[0,0,0,1],"texture":"#0"},"south":{"uv":[6.75,0,7.75,1],"texture":"#0"},"west":{"uv":[0,0,0,1],"texture":"#0"},"up":{"uv":[0,0,1,0],"rotation":180,"texture":"#0"},"down":{"uv":[0,0,1,0],"rotation":180,"texture":"#0"}}},{"from":[9.5,14.25,-3.75],"to":[9.5,30.25,16.25],"rotation":{"angle":-45,"axis":"y","origin":[9.5,19,7.5]},"faces":{"north":{"uv":[0,0,0,1],"texture":"#0"},"east":{"uv":[6.75,0,7.75,1],"texture":"#0"},"south":{"uv":[0,0,0,1],"texture":"#0"},"west":{"uv":[6.75,0,7.75,1],"texture":"#0"},"up":{"uv":[0,0,1,0],"rotation":90,"texture":"#0"},"down":{"uv":[0,0,1,0],"rotation":270,"texture":"#0"}}},{"from":[14,8.75,16.5],"to":[30,24.75,16.5],"rotation":{"angle":-45,"axis":"y","origin":[14,16.75,16.5]},"faces":{"north":{"uv":[8.75,0,7.75,1],"texture":"#0"},"east":{"uv":[0,0,0,1],"texture":"#0"},"south":{"uv":[7.75,0,8.75,1],"texture":"#0"},"west":{"uv":[0,0,0,1],"texture":"#0"},"up":{"uv":[0,0,1,0],"rotation":180,"texture":"#0"},"down":{"uv":[0,0,1,0],"rotation":180,"texture":"#0"}}},{"from":[-12,15.75,-1.5],"to":[4,31.75,-1.5],"rotation":{"angle":45,"axis":"y","origin":[4,22,-1.5]},"faces":{"north":{"uv":[7.75,0,8.75,1],"texture":"#0"},"east":{"uv":[0,0,0,1],"texture":"#0"},"south":{"uv":[8.75,0,7.75,1],"texture":"#0"},"west":{"uv":[0,0,0,1],"texture":"#0"},"up":{"uv":[0,0,1,0],"rotation":180,"texture":"#0"},"down":{"uv":[0,0,1,0],"rotation":180,"texture":"#0"}}}]}