{"display":{"thirdperson_righthand":{"rotation":[75,45,0],"translation":[0,1,0],"scale":[0.15,0.15,0.15]},"thirdperson_lefthand":{"rotation":[75,45,0],"translation":[0,1,0],"scale":[0.15,0.15,0.15]},"firstperson_righthand":{"rotation":[0,45,0],"scale":[0.2,0.2,0.2]},"firstperson_lefthand":{"rotation":[0,45,0],"scale":[0.2,0.2,0.2]},"ground":{"translation":[0,3.2,0],"scale":[0.15,0.15,0.15]},"gui":{"rotation":[30,225,0],"scale":[0.3,0.3,0.3]},"head":{"scale":[2,2,2]},"fixed":{"rotation":[-90,0,0],"translation":[0,0,-33],"scale":[2,2,2]}},"texture_size":[256,256],"textures":{"0":"statue/wooden_statue"},"elements":[{"from":[-2,-9.5,-2],"to":[18,-1.5,18],"faces":{"north":{"uv":[0,1.25,1.25,1.75],"texture":"#0"},"east":{"uv":[0,1.25,1.25,1.75],"texture":"#0"},"south":{"uv":[0,1.25,1.25,1.75],"texture":"#0"},"west":{"uv":[0,1.25,1.25,1.75],"texture":"#0"},"up":{"uv":[1.25,0,2.5,1.25],"texture":"#0"},"down":{"uv":[0,0,1.25,1.25],"texture":"#0"}}},{"from":[-2.25,-3.5,-2.25],"to":[18.25,-2.5,18.25],"faces":{"north":{"uv":[0,1.3125,1.25,1.375],"texture":"#0"},"east":{"uv":[0,1.3125,1.25,1.375],"texture":"#0"},"south":{"uv":[0,1.3125,1.25,1.375],"texture":"#0"},"west":{"uv":[0,1.3125,1.25,1.375],"texture":"#0"},"up":{"uv":[1.25,1.25,1.5625,1.5625],"texture":"#0"},"down":{"uv":[1.25,1.25,1.5625,1.5625],"texture":"#0"}}},{"from":[-2.25,-7.5,-2.25],"to":[18.25,-6.5,18.25],"faces":{"north":{"uv":[0,1.5625,1.25,1.625],"texture":"#0"},"east":{"uv":[0,1.5625,1.25,1.625],"texture":"#0"},"south":{"uv":[0,1.5625,1.25,1.625],"texture":"#0"},"west":{"uv":[0,1.5625,1.25,1.625],"texture":"#0"},"up":{"uv":[1.25,1.25,1.5625,1.5625],"texture":"#0"},"down":{"uv":[1.25,1.25,1.5625,1.5625],"texture":"#0"}}},{"from":[4,22,4],"to":[12,30,12],"rotation":{"angle":22.5,"axis":"y","origin":[8,22,8]},"faces":{"north":{"uv":[0.5,5.375,1,5.875],"texture":"#0"},"east":{"uv":[0,5.375,0.5,5.875],"texture":"#0"},"south":{"uv":[1.5,5.375,2,5.875],"texture":"#0"},"west":{"uv":[1,5.375,1.5,5.875],"texture":"#0"},"up":{"uv":[1,5.375,0.5,4.875],"texture":"#0"},"down":{"uv":[1.5,4.875,1,5.375],"texture":"#0"}}},{"from":[12.5,26.5,3.5],"to":[12.5,31.25,12.5],"rotation":{"angle":22.5,"axis":"y","origin":[8,22,8]},"faces":{"north":{"uv":[1.25,1.25,1.5625,1.5625],"texture":"#0"},"east":{"uv":[0.5,5.125,0,5.375],"texture":"#0"},"south":{"uv":[1.25,1.25,1.5625,1.5625],"texture":"#0"},"west":{"uv":[0,5.125,0.5,5.375],"texture":"#0"},"up":{"uv":[1.25,1.25,1.5625,1.5625],"texture":"#0"},"down":{"uv":[1.25,1.25,1.5625,1.5625],"texture":"#0"}}},{"from":[3.5,26.5,3.5],"to":[3.5,31.25,12.5],"rotation":{"angle":22.5,"axis":"y","origin":[8,22,8]},"faces":{"north":{"uv":[1.25,1.25,1.5625,1.5625],"texture":"#0"},"east":{"uv":[0.5,5.125,0,5.375],"texture":"#0"},"south":{"uv":[1.25,1.25,1.5625,1.5625],"texture":"#0"},"west":{"uv":[0,5.125,0.5,5.375],"texture":"#0"},"up":{"uv":[1.25,1.25,1.5625,1.5625],"texture":"#0"},"down":{"uv":[1.25,1.25,1.5625,1.5625],"texture":"#0"}}},{"from":[3.5,26.5,12.5],"to":[12.5,31.25,12.5],"rotation":{"angle":22.5,"axis":"y","origin":[8,22,8]},"faces":{"north":{"uv":[0.5,4.875,0,5.125],"texture":"#0"},"east":{"uv":[1.25,1.25,1.5625,1.5625],"texture":"#0"},"south":{"uv":[0,4.875,0.5,5.125],"texture":"#0"},"west":{"uv":[1.25,1.25,1.5625,1.5625],"texture":"#0"},"up":{"uv":[1.25,1.25,1.5625,1.5625],"texture":"#0"},"down":{"uv":[1.25,1.25,1.5625,1.5625],"texture":"#0"}}},{"from":[3.5,26.5,3.5],"to":[12.5,31.25,3.5],"rotation":{"angle":22.5,"axis":"y","origin":[8,22,8]},"faces":{"north":{"uv":[0,4.875,0.5,5.125],"texture":"#0"},"east":{"uv":[1.25,1.25,1.5625,1.5625],"texture":"#0"},"south":{"uv":[0.5,4.875,0,5.125],"texture":"#0"},"west":{"uv":[1.25,1.25,1.5625,1.5625],"texture":"#0"},"up":{"uv":[1.25,1.25,1.5625,1.5625],"texture":"#0"},"down":{"uv":[1.25,1.25,1.5625,1.5625],"texture":"#0"}}},{"from":[3.5,31.25,3.5],"to":[12.5,31.25,12.5],"rotation":{"angle":22.5,"axis":"y","origin":[8,22,8]},"faces":{"north":{"uv":[1.25,1.25,1.5625,1.5625],"texture":"#0"},"east":{"uv":[1.25,1.25,1.5625,1.5625],"texture":"#0"},"south":{"uv":[1.25,1.25,1.5625,1.5625],"texture":"#0"},"west":{"uv":[1.25,1.25,1.5625,1.5625],"texture":"#0"},"up":{"uv":[2,5.375,1.5,4.875],"texture":"#0"},"down":{"uv":[2,4.875,1.5,5.375],"texture":"#0"}}},{"from":[4,10,6],"to":[12,22,6],"rotation":{"angle":0,"axis":"y","origin":[0,2,0]},"faces":{"north":{"uv":[2.25,4.875,2.75,5.625],"texture":"#0"},"east":{"uv":[1.25,1.25,1.5625,1.5625],"texture":"#0"},"south":{"uv":[2.75,4.875,2.25,5.625],"texture":"#0"},"west":{"uv":[1.25,1.25,1.5625,1.5625],"texture":"#0"},"up":{"uv":[1.25,1.25,1.5625,1.5625],"texture":"#0"},"down":{"uv":[1.25,1.25,1.5625,1.5625],"texture":"#0"}}},{"from":[4,10,10],"to":[12,22,10],"rotation":{"angle":0,"axis":"y","origin":[0,2,0]},"faces":{"north":{"uv":[3.25,4.875,2.75,5.625],"texture":"#0"},"east":{"uv":[1.25,1.25,1.5625,1.5625],"texture":"#0"},"south":{"uv":[2.75,4.875,3.25,5.625],"texture":"#0"},"west":{"uv":[1.25,1.25,1.5625,1.5625],"texture":"#0"},"up":{"uv":[1.25,1.25,1.5625,1.5625],"texture":"#0"},"down":{"uv":[1.25,1.25,1.5625,1.5625],"texture":"#0"}}},{"from":[4,10,6],"to":[4,22,10],"rotation":{"angle":0,"axis":"y","origin":[0,2,0]},"faces":{"north":{"uv":[1.25,1.25,1.5625,1.5625],"texture":"#0"},"east":{"uv":[2,4.875,2.25,5.625],"texture":"#0"},"south":{"uv":[1.25,1.25,1.5625,1.5625],"texture":"#0"},"west":{"uv":[2.25,4.875,2,5.625],"texture":"#0"},"up":{"uv":[1.25,1.25,1.5625,1.5625],"texture":"#0"},"down":{"uv":[1.25,1.25,1.5625,1.5625],"texture":"#0"}}},{"from":[12,10,6],"to":[12,22,10],"rotation":{"angle":0,"axis":"y","origin":[0,2,0]},"faces":{"north":{"uv":[1.25,1.25,1.5625,1.5625],"texture":"#0"},"east":{"uv":[2,4.875,2.25,5.625],"texture":"#0"},"south":{"uv":[1.25,1.25,1.5625,1.5625],"texture":"#0"},"west":{"uv":[2.25,4.875,2,5.625],"texture":"#0"},"up":{"uv":[1.25,1.25,1.5625,1.5625],"texture":"#0"},"down":{"uv":[1.25,1.25,1.5625,1.5625],"texture":"#0"}}},{"from":[4,10,6],"to":[12,10,10],"rotation":{"angle":0,"axis":"y","origin":[0,2,0]},"faces":{"north":{"uv":[1.25,1.25,1.5625,1.5625],"texture":"#0"},"east":{"uv":[1.25,1.25,1.5625,1.5625],"texture":"#0"},"south":{"uv":[1.25,1.25,1.5625,1.5625],"texture":"#0"},"west":{"uv":[1.25,1.25,1.5625,1.5625],"texture":"#0"},"up":{"uv":[3,5.875,2.5,5.625],"texture":"#0"},"down":{"uv":[3,5.625,2.5,5.875],"texture":"#0"}}},{"from":[16,0,7.1],"to":[16,23,10.1],"rotation":{"angle":-22.5,"axis":"x","origin":[8,23,10]},"faces":{"north":{"uv":[1.25,1.25,1.5625,1.5625],"texture":"#0"},"east":{"uv":[3.4375,4.875,3.25,6.3125],"texture":"#0"},"south":{"uv":[1.25,1.25,1.5625,1.5625],"texture":"#0"},"west":{"uv":[3.25,4.875,3.4375,6.3125],"texture":"#0"},"up":{"uv":[1.25,1.25,1.5625,1.5625],"texture":"#0"},"down":{"uv":[1.25,1.25,1.5625,1.5625],"texture":"#0"}}},{"from":[0,0,7.1],"to":[0,23,10.1],"rotation":{"angle":-22.5,"axis":"x","origin":[8,23,10]},"faces":{"north":{"uv":[1.25,1.25,1.5625,1.5625],"texture":"#0"},"east":{"uv":[3.25,4.875,3.4375,6.3125],"texture":"#0"},"south":{"uv":[1.25,1.25,1.5625,1.5625],"texture":"#0"},"west":{"uv":[3.4375,4.875,3.25,6.3125],"texture":"#0"},"up":{"uv":[1.25,1.25,1.5625,1.5625],"texture":"#0"},"down":{"uv":[1.25,1.25,1.5625,1.5625],"texture":"#0"}}},{"from":[0,0,10.1],"to":[16,23,10.1],"rotation":{"angle":-22.5,"axis":"x","origin":[8,23,10]},"faces":{"north":{"uv":[3.4375,4.875,4.4375,6.3125],"texture":"#0"},"east":{"uv":[1.25,1.25,1.5625,1.5625],"texture":"#0"},"south":{"uv":[4.4375,4.875,3.4375,6.3125],"texture":"#0"},"west":{"uv":[1.25,1.25,1.5625,1.5625],"texture":"#0"},"up":{"uv":[1.25,1.25,1.5625,1.5625],"texture":"#0"},"down":{"uv":[1.25,1.25,1.5625,1.5625],"texture":"#0"}}},{"from":[7,0,5.95],"to":[9,10,5.95],"rotation":{"angle":0,"axis":"x","origin":[8,23,10]},"faces":{"north":{"uv":[3.125,5.625,3.25,6.25],"texture":"#0"},"east":{"uv":[1.25,1.25,1.5625,1.5625],"texture":"#0"},"south":{"uv":[3.25,5.625,3.125,6.25],"texture":"#0"},"west":{"uv":[1.25,1.25,1.5625,1.5625],"texture":"#0"},"up":{"uv":[1.25,1.25,1.5625,1.5625],"texture":"#0"},"down":{"uv":[1.25,1.25,1.5625,1.5625],"texture":"#0"}}},{"from":[2,10,7],"to":[4,22,9],"rotation":{"angle":-22.5,"axis":"x","origin":[3,21,8]},"faces":{"north":{"uv":[4.5625,5,4.4375,5.75],"texture":"#0"},"east":{"uv":[4.5625,5,4.4375,5.75],"texture":"#0"},"south":{"uv":[4.5625,5,4.4375,5.75],"texture":"#0"},"west":{"uv":[4.5625,5,4.4375,5.75],"texture":"#0"},"up":{"uv":[4.4375,5,4.5625,4.875],"texture":"#0"},"down":{"uv":[4.4375,4.875,4.5625,5],"texture":"#0"}}},{"from":[-1,24,5.6],"to":[4,24,11.6],"rotation":{"angle":0,"axis":"y","origin":[0,2,0]},"faces":{"north":{"uv":[1.25,1.25,1.5625,1.5625],"texture":"#0"},"east":{"uv":[1.25,1.25,1.5625,1.5625],"texture":"#0"},"south":{"uv":[1.25,1.25,1.5625,1.5625],"texture":"#0"},"west":{"uv":[1.25,1.25,1.5625,1.5625],"texture":"#0"},"up":{"uv":[4.5625,5.25,4.875,4.875],"texture":"#0"},"down":{"uv":[4.5625,4.875,4.875,5.25],"texture":"#0"}}},{"from":[-1,19,11.6],"to":[4,24,11.6],"rotation":{"angle":0,"axis":"y","origin":[0,2,0]},"faces":{"north":{"uv":[4.5625,5.25,4.875,5.5625],"texture":"#0"},"east":{"uv":[1.25,1.25,1.5625,1.5625],"texture":"#0"},"south":{"uv":[4.875,5.25,4.5625,5.5625],"texture":"#0"},"west":{"uv":[1.25,1.25,1.5625,1.5625],"texture":"#0"},"up":{"uv":[1.25,1.25,1.5625,1.5625],"texture":"#0"},"down":{"uv":[1.25,1.25,1.5625,1.5625],"texture":"#0"}}},{"from":[-1,19,5.6],"to":[4,24,5.6],"rotation":{"angle":0,"axis":"y","origin":[0,2,0]},"faces":{"north":{"uv":[4.875,5.25,4.5625,5.5625],"texture":"#0"},"east":{"uv":[1.25,1.25,1.5625,1.5625],"texture":"#0"},"south":{"uv":[4.5625,5.25,4.875,5.5625],"texture":"#0"},"west":{"uv":[1.25,1.25,1.5625,1.5625],"texture":"#0"},"up":{"uv":[1.25,1.25,1.5625,1.5625],"texture":"#0"},"down":{"uv":[1.25,1.25,1.5625,1.5625],"texture":"#0"}}},{"from":[-1,19,5.6],"to":[-1,24,11.6],"rotation":{"angle":0,"axis":"y","origin":[0,2,0]},"faces":{"north":{"uv":[1.25,1.25,1.5625,1.5625],"texture":"#0"},"east":{"uv":[4.4375,5.75,4.8125,6.0625],"texture":"#0"},"south":{"uv":[1.25,1.25,1.5625,1.5625],"texture":"#0"},"west":{"uv":[4.8125,5.75,4.4375,6.0625],"texture":"#0"},"up":{"uv":[1.25,1.25,1.5625,1.5625],"texture":"#0"},"down":{"uv":[1.25,1.25,1.5625,1.5625],"texture":"#0"}}},{"from":[12,24,5.6],"to":[17,24,11.6],"rotation":{"angle":0,"axis":"y","origin":[0,2,0]},"faces":{"north":{"uv":[1.25,1.25,1.5625,1.5625],"texture":"#0"},"east":{"uv":[1.25,1.25,1.5625,1.5625],"texture":"#0"},"south":{"uv":[1.25,1.25,1.5625,1.5625],"texture":"#0"},"west":{"uv":[1.25,1.25,1.5625,1.5625],"texture":"#0"},"up":{"uv":[4.875,5.25,4.5625,4.875],"texture":"#0"},"down":{"uv":[4.875,4.875,4.5625,5.25],"texture":"#0"}}},{"from":[12,19,11.6],"to":[17,24,11.6],"rotation":{"angle":0,"axis":"y","origin":[0,2,0]},"faces":{"north":{"uv":[4.875,5.25,4.5625,5.5625],"texture":"#0"},"east":{"uv":[1.25,1.25,1.5625,1.5625],"texture":"#0"},"south":{"uv":[4.5625,5.25,4.875,5.5625],"texture":"#0"},"west":{"uv":[1.25,1.25,1.5625,1.5625],"texture":"#0"},"up":{"uv":[1.25,1.25,1.5625,1.5625],"texture":"#0"},"down":{"uv":[1.25,1.25,1.5625,1.5625],"texture":"#0"}}},{"from":[12,19,5.6],"to":[17,24,5.6],"rotation":{"angle":0,"axis":"y","origin":[0,2,0]},"faces":{"north":{"uv":[4.5625,5.25,4.875,5.5625],"texture":"#0"},"east":{"uv":[1.25,1.25,1.5625,1.5625],"texture":"#0"},"south":{"uv":[4.875,5.25,4.5625,5.5625],"texture":"#0"},"west":{"uv":[1.25,1.25,1.5625,1.5625],"texture":"#0"},"up":{"uv":[1.25,1.25,1.5625,1.5625],"texture":"#0"},"down":{"uv":[1.25,1.25,1.5625,1.5625],"texture":"#0"}}},{"from":[17,19,5.6],"to":[17,24,11.6],"rotation":{"angle":0,"axis":"y","origin":[0,2,0]},"faces":{"north":{"uv":[1.25,1.25,1.5625,1.5625],"texture":"#0"},"east":{"uv":[4.4375,5.75,4.8125,6.0625],"texture":"#0"},"south":{"uv":[1.25,1.25,1.5625,1.5625],"texture":"#0"},"west":{"uv":[4.8125,5.75,4.4375,6.0625],"texture":"#0"},"up":{"uv":[1.25,1.25,1.5625,1.5625],"texture":"#0"},"down":{"uv":[1.25,1.25,1.5625,1.5625],"texture":"#0"}}},{"from":[12,10,7],"to":[14,22,9],"rotation":{"angle":45,"axis":"x","origin":[13,21,8]},"faces":{"north":{"uv":[4.5625,5,4.4375,5.75],"texture":"#0"},"east":{"uv":[4.5625,5,4.4375,5.75],"texture":"#0"},"south":{"uv":[4.5625,5,4.4375,5.75],"texture":"#0"},"west":{"uv":[4.5625,5,4.4375,5.75],"texture":"#0"},"up":{"uv":[4.4375,5,4.5625,4.875],"texture":"#0"},"down":{"uv":[4.4375,4.875,4.5625,5],"texture":"#0"}}},{"from":[11.5,29,4],"to":[14.5,32,7],"rotation":{"angle":-22.5,"axis":"x","origin":[0,2,0]},"faces":{"north":{"uv":[8.375,2.25,8.1875,2.4375],"texture":"#0"},"east":{"uv":[8.5625,2.25,8.375,2.4375],"texture":"#0"},"south":{"uv":[8.75,2.25,8.5625,2.4375],"texture":"#0"},"west":{"uv":[8.1875,2.25,8,2.4375],"texture":"#0"},"up":{"uv":[8.1875,2.25,8.375,2.0625],"texture":"#0"},"down":{"uv":[8.375,2.0625,8.5625,2.25],"texture":"#0"}}},{"from":[12.5,2,5],"to":[13.5,28,6],"rotation":{"angle":-22.5,"axis":"x","origin":[0,2,0]},"faces":{"north":{"uv":[7.875,2.125,7.8125,3.75],"texture":"#0"},"east":{"uv":[7.9375,2.125,7.875,3.75],"texture":"#0"},"south":{"uv":[8,2.125,7.9375,3.75],"texture":"#0"},"west":{"uv":[7.8125,2.125,7.75,3.75],"texture":"#0"},"up":{"uv":[7.8125,2.125,7.875,2.0625],"texture":"#0"},"down":{"uv":[7.875,2.0625,7.9375,2.125],"texture":"#0"}}},{"from":[12.5,28,3],"to":[13.5,31,4],"rotation":{"angle":-22.5,"axis":"x","origin":[0,2,0]},"faces":{"north":{"uv":[1.375,3.875,1.3125,4.0625],"texture":"#0"},"east":{"uv":[1.4375,3.875,1.375,4.0625],"texture":"#0"},"south":{"uv":[1.5,3.875,1.4375,4.0625],"texture":"#0"},"west":{"uv":[1.3125,3.875,1.25,4.0625],"texture":"#0"},"up":{"uv":[1.3125,3.875,1.375,3.8125],"texture":"#0"},"down":{"uv":[1.375,3.8125,1.4375,3.875],"texture":"#0"}}},{"from":[14.5,28,5],"to":[15.5,31,6],"rotation":{"angle":-22.5,"axis":"x","origin":[0,2,0]},"faces":{"north":{"uv":[1.375,3.875,1.3125,4.0625],"texture":"#0"},"east":{"uv":[1.4375,3.875,1.375,4.0625],"texture":"#0"},"south":{"uv":[1.5,3.875,1.4375,4.0625],"texture":"#0"},"west":{"uv":[1.3125,3.875,1.25,4.0625],"texture":"#0"},"up":{"uv":[1.3125,3.875,1.375,3.8125],"texture":"#0"},"down":{"uv":[1.375,3.8125,1.4375,3.875],"texture":"#0"}}},{"from":[10.5,28,5],"to":[11.5,31,6],"rotation":{"angle":-22.5,"axis":"x","origin":[0,2,0]},"faces":{"north":{"uv":[1.375,3.875,1.3125,4.0625],"texture":"#0"},"east":{"uv":[1.4375,3.875,1.375,4.0625],"texture":"#0"},"south":{"uv":[1.5,3.875,1.4375,4.0625],"texture":"#0"},"west":{"uv":[1.3125,3.875,1.25,4.0625],"texture":"#0"},"up":{"uv":[1.3125,3.875,1.375,3.8125],"texture":"#0"},"down":{"uv":[1.375,3.8125,1.4375,3.875],"texture":"#0"}}},{"from":[11.5,28,5],"to":[14.5,29,6],"rotation":{"angle":-22.5,"axis":"x","origin":[0,2,0]},"faces":{"north":{"uv":[1.5,3.875,1.3125,3.9375],"texture":"#0"},"east":{"uv":[1.5625,3.875,1.5,3.9375],"texture":"#0"},"south":{"uv":[1.75,3.875,1.5625,3.9375],"texture":"#0"},"west":{"uv":[1.3125,3.875,1.25,3.9375],"texture":"#0"},"up":{"uv":[1.3125,3.875,1.5,3.8125],"texture":"#0"},"down":{"uv":[1.5,3.8125,1.6875,3.875],"texture":"#0"}}},{"from":[12.5,28,7],"to":[13.5,31,8],"rotation":{"angle":-22.5,"axis":"x","origin":[0,2,0]},"faces":{"north":{"uv":[1.375,3.875,1.3125,4.0625],"texture":"#0"},"east":{"uv":[1.4375,3.875,1.375,4.0625],"texture":"#0"},"south":{"uv":[1.5,3.875,1.4375,4.0625],"texture":"#0"},"west":{"uv":[1.3125,3.875,1.25,4.0625],"texture":"#0"},"up":{"uv":[1.3125,3.875,1.375,3.8125],"texture":"#0"},"down":{"uv":[1.375,3.8125,1.4375,3.875],"texture":"#0"}}},{"from":[12.5,28,4],"to":[13.5,29,7],"rotation":{"angle":-22.5,"axis":"x","origin":[0,2,0]},"faces":{"north":{"uv":[1.5,4,1.4375,4.0625],"texture":"#0"},"east":{"uv":[1.6875,4,1.5,4.0625],"texture":"#0"},"south":{"uv":[1.75,4,1.6875,4.0625],"texture":"#0"},"west":{"uv":[1.4375,4,1.25,4.0625],"texture":"#0"},"up":{"uv":[1.4375,4,1.5,3.8125],"texture":"#0"},"down":{"uv":[1.5,3.8125,1.5625,4],"texture":"#0"}}},{"from":[4,0.1,6],"to":[4,10.1,10],"rotation":{"angle":22.5,"axis":"x","origin":[6,10,8]},"faces":{"north":{"uv":[1.25,1.25,1.5625,1.5625],"texture":"#0"},"east":{"uv":[4.875,4.875,5.125,5.5],"texture":"#0"},"south":{"uv":[1.25,1.25,1.5625,1.5625],"texture":"#0"},"west":{"uv":[5.125,4.875,4.875,5.5],"texture":"#0"},"up":{"uv":[1.25,1.25,1.5625,1.5625],"texture":"#0"},"down":{"uv":[1.25,1.25,1.5625,1.5625],"texture":"#0"}}},{"from":[4,0.1,10],"to":[8,10.1,10],"rotation":{"angle":22.5,"axis":"x","origin":[6,10,8]},"faces":{"north":{"uv":[5.375,4.875,5.125,5.5],"texture":"#0"},"east":{"uv":[1.25,1.25,1.5625,1.5625],"texture":"#0"},"south":{"uv":[5.125,4.875,5.375,5.5],"texture":"#0"},"west":{"uv":[1.25,1.25,1.5625,1.5625],"texture":"#0"},"up":{"uv":[1.25,1.25,1.5625,1.5625],"texture":"#0"},"down":{"uv":[1.25,1.25,1.5625,1.5625],"texture":"#0"}}},{"from":[4,0.1,6],"to":[8,10.1,6],"rotation":{"angle":22.5,"axis":"x","origin":[6,10,8]},"faces":{"north":{"uv":[4.875,5.5,5.125,6.125],"texture":"#0"},"east":{"uv":[1.25,1.25,1.5625,1.5625],"texture":"#0"},"south":{"uv":[5.125,5.5,4.875,6.125],"texture":"#0"},"west":{"uv":[1.25,1.25,1.5625,1.5625],"texture":"#0"},"up":{"uv":[1.25,1.25,1.5625,1.5625],"texture":"#0"},"down":{"uv":[1.25,1.25,1.5625,1.5625],"texture":"#0"}}},{"from":[5,-2,7],"to":[7,10,9],"rotation":{"angle":22.5,"axis":"x","origin":[6,10,8]},"faces":{"north":{"uv":[4.5625,5,4.4375,5.75],"texture":"#0"},"east":{"uv":[4.5625,5,4.4375,5.75],"texture":"#0"},"south":{"uv":[4.5625,5,4.4375,5.75],"texture":"#0"},"west":{"uv":[4.5625,5,4.4375,5.75],"texture":"#0"},"up":{"uv":[4.4375,5,4.5625,4.875],"texture":"#0"},"down":{"uv":[4.4375,4.875,4.5625,5],"texture":"#0"}}},{"from":[9,-2,7],"to":[11,10,9],"rotation":{"angle":-22.5,"axis":"x","origin":[10,10,8]},"faces":{"north":{"uv":[4.5625,5,4.4375,5.75],"texture":"#0"},"east":{"uv":[4.5625,5,4.4375,5.75],"texture":"#0"},"south":{"uv":[4.5625,5,4.4375,5.75],"texture":"#0"},"west":{"uv":[4.5625,5,4.4375,5.75],"texture":"#0"},"up":{"uv":[4.4375,5,4.5625,4.875],"texture":"#0"},"down":{"uv":[4.4375,4.875,4.5625,5],"texture":"#0"}}},{"from":[12,0.1,6],"to":[12,10.1,10],"rotation":{"angle":-22.5,"axis":"x","origin":[10,10,8]},"faces":{"north":{"uv":[1.25,1.25,1.5625,1.5625],"texture":"#0"},"east":{"uv":[4.875,4.875,5.125,5.5],"texture":"#0"},"south":{"uv":[1.25,1.25,1.5625,1.5625],"texture":"#0"},"west":{"uv":[5.125,4.875,4.875,5.5],"texture":"#0"},"up":{"uv":[1.25,1.25,1.5625,1.5625],"texture":"#0"},"down":{"uv":[1.25,1.25,1.5625,1.5625],"texture":"#0"}}},{"from":[8,0.1,10],"to":[12,10.1,10],"rotation":{"angle":-22.5,"axis":"x","origin":[10,10,8]},"faces":{"north":{"uv":[5.125,4.875,5.375,5.5],"texture":"#0"},"east":{"uv":[1.25,1.25,1.5625,1.5625],"texture":"#0"},"south":{"uv":[5.375,4.875,5.125,5.5],"texture":"#0"},"west":{"uv":[1.25,1.25,1.5625,1.5625],"texture":"#0"},"up":{"uv":[1.25,1.25,1.5625,1.5625],"texture":"#0"},"down":{"uv":[1.25,1.25,1.5625,1.5625],"texture":"#0"}}},{"from":[8,0.1,6],"to":[12,10.1,6],"rotation":{"angle":-22.5,"axis":"x","origin":[10,10,8]},"faces":{"north":{"uv":[5.125,5.5,4.875,6.125],"texture":"#0"},"east":{"uv":[1.25,1.25,1.5625,1.5625],"texture":"#0"},"south":{"uv":[4.875,5.5,5.125,6.125],"texture":"#0"},"west":{"uv":[1.25,1.25,1.5625,1.5625],"texture":"#0"},"up":{"uv":[1.25,1.25,1.5625,1.5625],"texture":"#0"},"down":{"uv":[1.25,1.25,1.5625,1.5625],"texture":"#0"}}},{"from":[4,24,10.75],"to":[4,32,18.75],"rotation":{"angle":-45,"axis":"y","origin":[4,12,12]},"faces":{"north":{"uv":[0,0,0,0.5],"texture":"#0"},"east":{"uv":[8.25,0.5,7.75,1],"texture":"#0"},"south":{"uv":[0,0,0,0.5],"texture":"#0"},"west":{"uv":[7.75,0.5,8.25,1],"texture":"#0"},"up":{"uv":[0,0,0.5,0],"rotation":270,"texture":"#0"},"down":{"uv":[0,0,0.5,0],"rotation":90,"texture":"#0"}}},{"from":[12,7,8],"to":[20,15,8],"rotation":{"angle":0,"axis":"y","origin":[4,12,12]},"faces":{"north":{"uv":[8.25,0.5,7.75,1],"texture":"#0"},"east":{"uv":[0,0,0,0.5],"texture":"#0"},"south":{"uv":[7.75,0.5,8.25,1],"texture":"#0"},"west":{"uv":[0,0,0,0.5],"texture":"#0"},"up":{"uv":[0,0,0.5,0],"texture":"#0"},"down":{"uv":[0,0,0.5,0],"texture":"#0"}}}]}