{"display":{"thirdperson_righthand":{"rotation":[75,45,0],"translation":[0,1,0],"scale":[0.15,0.15,0.15]},"thirdperson_lefthand":{"rotation":[75,45,0],"translation":[0,1,0],"scale":[0.15,0.15,0.15]},"firstperson_righthand":{"rotation":[0,45,0],"scale":[0.2,0.2,0.2]},"firstperson_lefthand":{"rotation":[0,45,0],"scale":[0.2,0.2,0.2]},"ground":{"translation":[0,3.2,0],"scale":[0.15,0.15,0.15]},"gui":{"rotation":[30,225,0],"scale":[0.3,0.3,0.3]},"head":{"scale":[2,2,2]},"fixed":{"rotation":[-90,0,0],"translation":[0,0,-30],"scale":[2,2,2]}},"texture_size":[256,256],"textures":{"0":"statue/statue"},"elements":[{"from":[-2,-8,8],"to":[18,0,18],"faces":{"north":{"uv":[2.5,14.3125,1.25,13.8125],"texture":"#0"},"east":{"uv":[0,15.75,0.625,15.25],"texture":"#0"},"south":{"uv":[1.25,14.3125,2.5,13.8125],"texture":"#0"},"west":{"uv":[0.625,15.75,0,15.25],"texture":"#0"},"up":{"uv":[3.5,10.25,4.75,10.875],"texture":"#0"},"down":{"uv":[0,14.75,1.25,15.25],"texture":"#0"}}},{"from":[-2,-8,-2],"to":[18,0,8],"faces":{"north":{"uv":[2.5,14.3125,1.25,13.8125],"texture":"#0"},"east":{"uv":[1.375,15.75,2,15.25],"texture":"#0"},"south":{"uv":[1.25,14.3125,2.5,13.8125],"texture":"#0"},"west":{"uv":[2,15.75,1.375,15.25],"texture":"#0"},"up":{"uv":[3.5,8.875,4.75,9.5],"texture":"#0"},"down":{"uv":[0,13.25,1.25,13.75],"texture":"#0"}}},{"from":[-2.25,-3,-2.25],"to":[18.25,-2,18.25],"faces":{"north":{"uv":[2.5,14,1.25,13.9375],"texture":"#0"},"east":{"uv":[0,15.375,1.25,15.4375],"texture":"#0"},"south":{"uv":[1.25,13.9375,2.5,14],"texture":"#0"},"west":{"uv":[0,15.4375,1.25,15.375],"texture":"#0"},"up":{"uv":[0,3.25,0.625,3.875],"texture":"#0"},"down":{"uv":[0,3.25,0.625,3.875],"texture":"#0"}}},{"from":[-2.25,-6,-2.25],"to":[18.25,-5,18.25],"faces":{"north":{"uv":[2.5,14.1875,1.25,14.125],"texture":"#0"},"east":{"uv":[0,15.5625,1.25,15.625],"texture":"#0"},"south":{"uv":[1.25,14.125,2.5,14.1875],"texture":"#0"},"west":{"uv":[0,15.625,1.25,15.5625],"texture":"#0"},"up":{"uv":[0,3.25,0.625,3.875],"texture":"#0"},"down":{"uv":[0,3.25,0.625,3.875],"texture":"#0"}}},{"from":[1,12.5,1],"to":[15,24.5,17],"rotation":{"angle":-22.5,"axis":"x","origin":[0,12.5,1]},"faces":{"north":{"uv":[13.5,11.25,14.375,12],"texture":"#0"},"east":{"uv":[14.375,11.25,15.375,12],"texture":"#0"},"south":{"uv":[13.5,11.25,14.375,12],"texture":"#0"},"west":{"uv":[14.375,11.25,15.375,12],"texture":"#0"},"up":{"uv":[14.125,12,15,13],"texture":"#0"},"down":{"uv":[0,13.25,0.875,14.25],"texture":"#0"}}},{"from":[-1,11.5,-2],"to":[5,16.5,2],"rotation":{"angle":22.5,"axis":"y","origin":[1,12.5,1]},"faces":{"north":{"uv":[15.375,11.25,15.75,11.5625],"texture":"#0"},"east":{"uv":[16,11.25,15.75,11.5625],"texture":"#0"},"south":{"uv":[15.375,11.5625,15.75,11.875],"texture":"#0"},"west":{"uv":[15.75,11.25,16,11.5625],"texture":"#0"},"up":{"uv":[13.75,12,14.125,12.25],"texture":"#0"},"down":{"uv":[13.75,12.25,14.125,12],"texture":"#0"}}},{"from":[11,11.5,-2],"to":[17,16.5,2],"rotation":{"angle":-22.5,"axis":"y","origin":[15,12.5,1]},"faces":{"north":{"uv":[15.75,11.25,15.375,11.5625],"texture":"#0"},"east":{"uv":[16,11.25,15.75,11.5625],"texture":"#0"},"south":{"uv":[15.375,11.5625,15.75,11.875],"texture":"#0"},"west":{"uv":[15.75,11.25,16,11.5625],"texture":"#0"},"up":{"uv":[13.75,12,14.125,12.25],"texture":"#0"},"down":{"uv":[13.75,12.25,14.125,12],"texture":"#0"}}},{"from":[2,8.5,1],"to":[14,17.5,12],"rotation":{"angle":0,"axis":"y","origin":[0,4.5,1]},"faces":{"north":{"uv":[14.25,13,15,13.5625],"texture":"#0"},"east":{"uv":[14.3125,13.5625,15,14.125],"texture":"#0"},"south":{"uv":[14.25,13,15,13.5625],"texture":"#0"},"west":{"uv":[14.3125,13.5625,15,14.125],"texture":"#0"},"up":{"uv":[0,13.25,0.75,13.9375],"texture":"#0"},"down":{"uv":[0,13.25,0.75,13.9375],"texture":"#0"}}},{"from":[3,0.5,2],"to":[7,10.5,6],"rotation":{"angle":-22.5,"axis":"z","origin":[4,10.5,5]},"faces":{"north":{"uv":[13.5,12.25,14.125,12.5],"rotation":90,"texture":"#0"},"east":{"uv":[13.5,12.25,14.125,12.5],"rotation":270,"texture":"#0"},"south":{"uv":[13.5,12.25,14.125,12.5],"rotation":270,"texture":"#0"},"west":{"uv":[13.5,12.25,14.125,12.5],"rotation":270,"texture":"#0"},"up":{"uv":[13.875,12.5,14.125,12.75],"rotation":270,"texture":"#0"},"down":{"uv":[13.875,12.5,14.125,12.75],"rotation":270,"texture":"#0"}}},{"from":[3,0.5,7.75],"to":[7,10.5,11.75],"rotation":{"angle":-22.5,"axis":"z","origin":[4,10.5,5]},"faces":{"north":{"uv":[13.5,12.25,14.125,12.5],"rotation":90,"texture":"#0"},"east":{"uv":[13.5,12.25,14.125,12.5],"rotation":270,"texture":"#0"},"south":{"uv":[13.5,12.25,14.125,12.5],"rotation":270,"texture":"#0"},"west":{"uv":[13.5,12.25,14.125,12.5],"rotation":270,"texture":"#0"},"up":{"uv":[13.875,12.5,14.125,12.75],"rotation":270,"texture":"#0"},"down":{"uv":[13.875,12.5,14.125,12.75],"rotation":270,"texture":"#0"}}},{"from":[9,0.5,2],"to":[13,10.5,6],"rotation":{"angle":22.5,"axis":"z","origin":[12,10.5,5]},"faces":{"north":{"uv":[13.5,12.25,14.125,12.5],"rotation":270,"texture":"#0"},"east":{"uv":[13.5,12.25,14.125,12.5],"rotation":90,"texture":"#0"},"south":{"uv":[13.5,12.25,14.125,12.5],"rotation":90,"texture":"#0"},"west":{"uv":[13.5,12.25,14.125,12.5],"rotation":90,"texture":"#0"},"up":{"uv":[13.875,12.5,14.125,12.75],"rotation":90,"texture":"#0"},"down":{"uv":[13.875,12.5,14.125,12.75],"rotation":90,"texture":"#0"}}},{"from":[9,0.5,7.75],"to":[13,10.5,11.75],"rotation":{"angle":22.5,"axis":"z","origin":[12,10.5,5]},"faces":{"north":{"uv":[13.5,12.25,14.125,12.5],"rotation":270,"texture":"#0"},"east":{"uv":[13.5,12.25,14.125,12.5],"rotation":90,"texture":"#0"},"south":{"uv":[13.5,12.25,14.125,12.5],"rotation":90,"texture":"#0"},"west":{"uv":[13.5,12.25,14.125,12.5],"rotation":90,"texture":"#0"},"up":{"uv":[13.875,12.5,14.125,12.75],"rotation":90,"texture":"#0"},"down":{"uv":[13.875,12.5,14.125,12.75],"rotation":90,"texture":"#0"}}},{"from":[3,0.5,8],"to":[7,10.5,12],"rotation":{"angle":-22.5,"axis":"x","origin":[8,10.5,11]},"faces":{"north":{"uv":[13.5,12.25,14.125,12.5],"rotation":90,"texture":"#0"},"east":{"uv":[13.5,12.25,14.125,12.5],"rotation":270,"texture":"#0"},"south":{"uv":[13.5,12.25,14.125,12.5],"rotation":270,"texture":"#0"},"west":{"uv":[13.5,12.25,14.125,12.5],"rotation":270,"texture":"#0"},"up":{"uv":[13.875,12.5,14.125,12.75],"rotation":270,"texture":"#0"},"down":{"uv":[13.875,12.5,14.125,12.75],"rotation":270,"texture":"#0"}}},{"from":[9,0.5,8],"to":[13,10.5,12],"rotation":{"angle":-22.5,"axis":"x","origin":[8,10.5,11]},"faces":{"north":{"uv":[13.5,12.25,14.125,12.5],"rotation":270,"texture":"#0"},"east":{"uv":[13.5,12.25,14.125,12.5],"rotation":90,"texture":"#0"},"south":{"uv":[13.5,12.25,14.125,12.5],"rotation":90,"texture":"#0"},"west":{"uv":[13.5,12.25,14.125,12.5],"rotation":90,"texture":"#0"},"up":{"uv":[13.875,12.5,14.125,12.75],"rotation":90,"texture":"#0"},"down":{"uv":[13.875,12.5,14.125,12.75],"rotation":90,"texture":"#0"}}},{"from":[3,0.5,1],"to":[7,10.5,5],"rotation":{"angle":22.5,"axis":"x","origin":[8,10.5,2]},"faces":{"north":{"uv":[13.5,12.25,14.125,12.5],"rotation":90,"texture":"#0"},"east":{"uv":[13.5,12.25,14.125,12.5],"rotation":270,"texture":"#0"},"south":{"uv":[13.5,12.25,14.125,12.5],"rotation":270,"texture":"#0"},"west":{"uv":[13.5,12.25,14.125,12.5],"rotation":270,"texture":"#0"},"up":{"uv":[13.875,12.5,14.125,12.75],"rotation":270,"texture":"#0"},"down":{"uv":[13.875,12.5,14.125,12.75],"rotation":270,"texture":"#0"}}},{"from":[9,0.5,1],"to":[13,10.5,5],"rotation":{"angle":22.5,"axis":"x","origin":[8,10.5,2]},"faces":{"north":{"uv":[13.5,12.25,14.125,12.5],"rotation":270,"texture":"#0"},"east":{"uv":[13.5,12.25,14.125,12.5],"rotation":90,"texture":"#0"},"south":{"uv":[13.5,12.25,14.125,12.5],"rotation":90,"texture":"#0"},"west":{"uv":[13.5,12.25,14.125,12.5],"rotation":90,"texture":"#0"},"up":{"uv":[13.875,12.5,14.125,12.75],"rotation":90,"texture":"#0"},"down":{"uv":[13.875,12.5,14.125,12.75],"rotation":90,"texture":"#0"}}},{"from":[3.5,0,-11.5],"to":[6.5,3,-1.5],"rotation":{"angle":22.5,"axis":"y","origin":[8,1.5,-0.5]},"faces":{"north":{"uv":[0.75,13.5625,0.9375,13.75],"rotation":180,"texture":"#0"},"east":{"uv":[14.0625,13,14.25,13.625],"rotation":270,"texture":"#0"},"south":{"uv":[0.75,13.5625,0.9375,13.75],"texture":"#0"},"west":{"uv":[14.0625,13,14.25,13.625],"rotation":90,"texture":"#0"},"up":{"uv":[14.0625,13,14.25,13.625],"rotation":180,"texture":"#0"},"down":{"uv":[14.0625,13,14.25,13.625],"texture":"#0"}}},{"from":[9.5,0,-11.5],"to":[12.5,3,-1.5],"rotation":{"angle":-22.5,"axis":"y","origin":[8,1.5,-0.5]},"faces":{"north":{"uv":[0.75,13.5625,0.9375,13.75],"rotation":180,"texture":"#0"},"east":{"uv":[14.0625,13,14.25,13.625],"rotation":270,"texture":"#0"},"south":{"uv":[0.75,13.5625,0.9375,13.75],"texture":"#0"},"west":{"uv":[14.0625,13,14.25,13.625],"rotation":90,"texture":"#0"},"up":{"uv":[14.0625,13,14.25,13.625],"rotation":180,"texture":"#0"},"down":{"uv":[14.0625,13,14.25,13.625],"texture":"#0"}}},{"from":[10,0,10.5],"to":[20,3,13.5],"rotation":{"angle":-45,"axis":"y","origin":[8,1.5,13.5]},"faces":{"north":{"uv":[14.0625,13,14.25,13.625],"rotation":270,"texture":"#0"},"east":{"uv":[0.75,13.5625,0.9375,13.75],"texture":"#0"},"south":{"uv":[14.0625,13,14.25,13.625],"rotation":90,"texture":"#0"},"west":{"uv":[0.75,13.5625,0.9375,13.75],"rotation":180,"texture":"#0"},"up":{"uv":[14.0625,13,14.25,13.625],"rotation":90,"texture":"#0"},"down":{"uv":[14.0625,13,14.25,13.625],"rotation":90,"texture":"#0"}}},{"from":[5,0,15.5],"to":[8,3,25.5],"rotation":{"angle":-45,"axis":"y","origin":[8,1.5,13.5]},"faces":{"north":{"uv":[0.75,13.5625,0.9375,13.75],"rotation":180,"texture":"#0"},"east":{"uv":[14.0625,13,14.25,13.625],"rotation":270,"texture":"#0"},"south":{"uv":[0.75,13.5625,0.9375,13.75],"texture":"#0"},"west":{"uv":[14.0625,13,14.25,13.625],"rotation":90,"texture":"#0"},"up":{"uv":[14.0625,13,14.25,13.625],"rotation":180,"texture":"#0"},"down":{"uv":[14.0625,13,14.25,13.625],"texture":"#0"}}},{"from":[-9,0,2.5],"to":[1,3,5.5],"rotation":{"angle":0,"axis":"y","origin":[8,1.5,13.5]},"faces":{"north":{"uv":[14.0625,13,14.25,13.625],"rotation":90,"texture":"#0"},"east":{"uv":[0.75,13.5625,0.9375,13.75],"rotation":180,"texture":"#0"},"south":{"uv":[14.0625,13,14.25,13.625],"rotation":270,"texture":"#0"},"west":{"uv":[0.75,13.5625,0.9375,13.75],"texture":"#0"},"up":{"uv":[14.0625,13,14.25,13.625],"rotation":270,"texture":"#0"},"down":{"uv":[14.0625,13,14.25,13.625],"rotation":270,"texture":"#0"}}},{"from":[-9,0,8.25],"to":[1,3,11.25],"rotation":{"angle":22.5,"axis":"y","origin":[0,1.5,9.5]},"faces":{"north":{"uv":[14.0625,13,14.25,13.625],"rotation":90,"texture":"#0"},"east":{"uv":[0.75,13.5625,0.9375,13.75],"rotation":180,"texture":"#0"},"south":{"uv":[14.0625,13,14.25,13.625],"rotation":270,"texture":"#0"},"west":{"uv":[0.75,13.5625,0.9375,13.75],"texture":"#0"},"up":{"uv":[14.0625,13,14.25,13.625],"rotation":270,"texture":"#0"},"down":{"uv":[14.0625,13,14.25,13.625],"rotation":270,"texture":"#0"}}},{"from":[15,0,2.5],"to":[25,3,5.5],"rotation":{"angle":0,"axis":"y","origin":[8,1.5,13.5]},"faces":{"north":{"uv":[14.0625,13,14.25,13.625],"rotation":270,"texture":"#0"},"east":{"uv":[0.75,13.5625,0.9375,13.75],"texture":"#0"},"south":{"uv":[14.0625,13,14.25,13.625],"rotation":90,"texture":"#0"},"west":{"uv":[0.75,13.5625,0.9375,13.75],"rotation":180,"texture":"#0"},"up":{"uv":[14.0625,13,14.25,13.625],"rotation":90,"texture":"#0"},"down":{"uv":[14.0625,13,14.25,13.625],"rotation":90,"texture":"#0"}}},{"from":[15,0,8.25],"to":[25,3,11.25],"rotation":{"angle":-22.5,"axis":"y","origin":[16,1.5,9.5]},"faces":{"north":{"uv":[14.0625,13,14.25,13.625],"rotation":270,"texture":"#0"},"east":{"uv":[0.75,13.5625,0.9375,13.75],"texture":"#0"},"south":{"uv":[14.0625,13,14.25,13.625],"rotation":90,"texture":"#0"},"west":{"uv":[0.75,13.5625,0.9375,13.75],"rotation":180,"texture":"#0"},"up":{"uv":[14.0625,13,14.25,13.625],"rotation":90,"texture":"#0"},"down":{"uv":[14.0625,13,14.25,13.625],"rotation":90,"texture":"#0"}}},{"from":[-7,0,-10],"to":[1,2,-8],"rotation":{"angle":-22.5,"axis":"y","origin":[1,2,-9]},"faces":{"north":{"uv":[14.125,13,14.25,13.5],"rotation":90,"texture":"#0"},"east":{"uv":[0,13.375,0.125,13.5],"texture":"#0"},"south":{"uv":[14.125,13,14.25,13.5],"rotation":270,"texture":"#0"},"west":{"uv":[0,13.375,0.125,13.5],"rotation":180,"texture":"#0"},"up":{"uv":[14.125,13,14.25,13.5],"rotation":270,"texture":"#0"},"down":{"uv":[14.125,13,14.25,13.5],"rotation":270,"texture":"#0"}}},{"from":[15,0,-10],"to":[23,2,-8],"rotation":{"angle":22.5,"axis":"y","origin":[15,2,-9]},"faces":{"north":{"uv":[14.125,13,14.25,13.5],"rotation":270,"texture":"#0"},"east":{"uv":[0,13.375,0.125,13.5],"rotation":180,"texture":"#0"},"south":{"uv":[14.125,13,14.25,13.5],"rotation":90,"texture":"#0"},"west":{"uv":[0,13.375,0.125,13.5],"texture":"#0"},"up":{"uv":[14.125,13,14.25,13.5],"rotation":90,"texture":"#0"},"down":{"uv":[14.125,13,14.25,13.5],"rotation":90,"texture":"#0"}}},{"from":[-2,2,20],"to":[0,10,22],"rotation":{"angle":45,"axis":"x","origin":[-1,2,21]},"faces":{"north":{"uv":[14.125,13,14.25,13.5],"texture":"#0"},"east":{"uv":[14.125,13,14.25,13.5],"texture":"#0"},"south":{"uv":[14.125,13,14.25,13.5],"texture":"#0"},"west":{"uv":[14.125,13,14.25,13.5],"texture":"#0"},"up":{"uv":[0,13.375,0.125,13.5],"texture":"#0"},"down":{"uv":[0,13.375,0.125,13.5],"texture":"#0"}}},{"from":[16,2,20],"to":[18,10,22],"rotation":{"angle":45,"axis":"x","origin":[16,2,21]},"faces":{"north":{"uv":[14.125,13,14.25,13.5],"texture":"#0"},"east":{"uv":[14.125,13,14.25,13.5],"texture":"#0"},"south":{"uv":[14.125,13,14.25,13.5],"texture":"#0"},"west":{"uv":[14.125,13,14.25,13.5],"texture":"#0"},"up":{"uv":[0,13.375,0.125,13.5],"texture":"#0"},"down":{"uv":[0,13.375,0.125,13.5],"texture":"#0"}}},{"from":[-9,2,12],"to":[-7,10,14],"rotation":{"angle":45,"axis":"z","origin":[-8,2,13]},"faces":{"north":{"uv":[14.125,13,14.25,13.5],"texture":"#0"},"east":{"uv":[14.125,13,14.25,13.5],"texture":"#0"},"south":{"uv":[14.125,13,14.25,13.5],"texture":"#0"},"west":{"uv":[14.125,13,14.25,13.5],"texture":"#0"},"up":{"uv":[0,13.375,0.125,13.5],"texture":"#0"},"down":{"uv":[0,13.375,0.125,13.5],"texture":"#0"}}},{"from":[24,1,12],"to":[32,3,14],"rotation":{"angle":45,"axis":"z","origin":[24,2,13]},"faces":{"north":{"uv":[14.125,13,14.25,13.5],"rotation":270,"texture":"#0"},"east":{"uv":[0,13.375,0.125,13.5],"rotation":90,"texture":"#0"},"south":{"uv":[14.125,13,14.25,13.5],"rotation":90,"texture":"#0"},"west":{"uv":[0,13.375,0.125,13.5],"rotation":90,"texture":"#0"},"up":{"uv":[14.125,13,14.25,13.5],"rotation":90,"texture":"#0"},"down":{"uv":[14.125,13,14.25,13.5],"rotation":90,"texture":"#0"}}},{"from":[-16,1,3],"to":[-8,3,5],"rotation":{"angle":-22.5,"axis":"z","origin":[-9,2,4]},"faces":{"north":{"uv":[14.125,13,14.25,13.5],"rotation":90,"texture":"#0"},"east":{"uv":[0,13.375,0.125,13.5],"rotation":270,"texture":"#0"},"south":{"uv":[14.125,13,14.25,13.5],"rotation":270,"texture":"#0"},"west":{"uv":[0,13.375,0.125,13.5],"rotation":270,"texture":"#0"},"up":{"uv":[14.125,13,14.25,13.5],"rotation":270,"texture":"#0"},"down":{"uv":[14.125,13,14.25,13.5],"rotation":270,"texture":"#0"}}},{"from":[24,1,3],"to":[32,3,5],"rotation":{"angle":22.5,"axis":"z","origin":[25,2,4]},"faces":{"north":{"uv":[14.125,13,14.25,13.5],"rotation":270,"texture":"#0"},"east":{"uv":[0,13.375,0.125,13.5],"rotation":90,"texture":"#0"},"south":{"uv":[14.125,13,14.25,13.5],"rotation":90,"texture":"#0"},"west":{"uv":[0,13.375,0.125,13.5],"rotation":90,"texture":"#0"},"up":{"uv":[14.125,13,14.25,13.5],"rotation":90,"texture":"#0"},"down":{"uv":[14.125,13,14.25,13.5],"rotation":90,"texture":"#0"}}}]}