{"display":{"thirdperson_righthand":{"rotation":[75,0,0],"translation":[0,1,1],"scale":[0.15,0.15,0.15]},"thirdperson_lefthand":{"rotation":[75,90,0],"translation":[0,1,1],"scale":[0.15,0.15,0.15]},"firstperson_righthand":{"rotation":[0,45,0],"scale":[0.2,0.2,0.2]},"firstperson_lefthand":{"rotation":[0,135,0],"scale":[0.2,0.2,0.2]},"ground":{"translation":[0,3.2,0],"scale":[0.15,0.15,0.15]},"gui":{"rotation":[30,-180,0],"translation":[0,1,0],"scale":[0.25,0.25,0.25]},"head":{"scale":[2,2,2]},"fixed":{"rotation":[-90,0,0],"translation":[0,0,-44],"scale":[2,2,2]}},"texture_size":[256,256],"textures":{"0":"statue/statue"},"elements":[{"from":[-2,-15,18],"to":[18,-7,28],"faces":{"north":{"uv":[2.5,14.3125,1.25,13.8125],"texture":"#0"},"east":{"uv":[2,15.75,1.375,15.25],"texture":"#0"},"south":{"uv":[1.25,14.3125,2.5,13.8125],"texture":"#0"},"west":{"uv":[1.375,15.75,2,15.25],"texture":"#0"},"up":{"uv":[4.75,9.5,3.5,8.875],"texture":"#0"},"down":{"uv":[0,13.25,1.25,13.875],"texture":"#0"}}},{"from":[-2.25,-10,-12.25],"to":[18.25,-9,8.25],"faces":{"north":{"uv":[2.5,14,1.25,13.9375],"texture":"#0"},"east":{"uv":[0,15.375,1.25,15.4375],"texture":"#0"},"south":{"uv":[1.25,13.9375,2.5,14],"texture":"#0"},"west":{"uv":[0,15.4375,1.25,15.375],"texture":"#0"},"up":{"uv":[0,3.25,0.625,3.875],"texture":"#0"},"down":{"uv":[0,3.25,0.625,3.875],"texture":"#0"}}},{"from":[-2.25,-13,-12.25],"to":[18.25,-12,8.25],"faces":{"north":{"uv":[2.5,14.1875,1.25,14.125],"texture":"#0"},"east":{"uv":[0,15.5625,1.25,15.625],"texture":"#0"},"south":{"uv":[1.25,14.125,2.5,14.1875],"texture":"#0"},"west":{"uv":[0,15.625,1.25,15.5625],"texture":"#0"},"up":{"uv":[0,3.25,0.625,3.875],"texture":"#0"},"down":{"uv":[0,3.25,0.625,3.875],"texture":"#0"}}},{"from":[-2.25,-13,7.75],"to":[18.25,-12,28.25],"faces":{"north":{"uv":[2.5,14.1875,1.25,14.125],"texture":"#0"},"east":{"uv":[0,15.5625,1.25,15.625],"texture":"#0"},"south":{"uv":[1.25,14.125,2.5,14.1875],"texture":"#0"},"west":{"uv":[0,15.625,1.25,15.5625],"texture":"#0"},"up":{"uv":[0,3.25,0.625,3.875],"texture":"#0"},"down":{"uv":[0,3.25,0.625,3.875],"texture":"#0"}}},{"from":[-2.25,-10,7.75],"to":[18.25,-9,28.25],"faces":{"north":{"uv":[2.5,14,1.25,13.9375],"texture":"#0"},"east":{"uv":[0,15.375,1.25,15.4375],"texture":"#0"},"south":{"uv":[1.25,13.9375,2.5,14],"texture":"#0"},"west":{"uv":[0,15.4375,1.25,15.375],"texture":"#0"},"up":{"uv":[0,3.25,0.625,3.875],"texture":"#0"},"down":{"uv":[0,3.25,0.625,3.875],"texture":"#0"}}},{"from":[-2,-15,-12],"to":[18,-7,-2],"faces":{"north":{"uv":[2.5,14.3125,1.25,13.8125],"texture":"#0"},"east":{"uv":[0.625,15.75,0,15.25],"texture":"#0"},"south":{"uv":[1.25,14.3125,2.5,13.8125],"texture":"#0"},"west":{"uv":[0,15.75,0.625,15.25],"texture":"#0"},"up":{"uv":[4.75,10.875,3.5,10.25],"texture":"#0"},"down":{"uv":[0,14.625,1.25,15.25],"texture":"#0"}}},{"from":[18,-15,-2],"to":[28,-7,18],"rotation":{"angle":0,"axis":"y","origin":[13,0,0]},"faces":{"north":{"uv":[2,15.75,1.375,15.25],"texture":"#0"},"east":{"uv":[2.5,14.3125,1.25,13.8125],"texture":"#0"},"south":{"uv":[1.375,15.75,2,15.25],"texture":"#0"},"west":{"uv":[1.25,14.3125,2.5,13.8125],"texture":"#0"},"up":{"uv":[3.5,8.875,4.75,9.5],"rotation":90,"texture":"#0"},"down":{"uv":[0,13.25,1.25,13.875],"rotation":270,"texture":"#0"}}},{"from":[7.75,-10,-2.25],"to":[28.25,-9,18.25],"rotation":{"angle":0,"axis":"y","origin":[13,0,0]},"faces":{"north":{"uv":[0,15.4375,1.25,15.375],"texture":"#0"},"east":{"uv":[2.5,14,1.25,13.9375],"texture":"#0"},"south":{"uv":[0,15.375,1.25,15.4375],"texture":"#0"},"west":{"uv":[1.25,13.9375,2.5,14],"texture":"#0"},"up":{"uv":[0,3.25,0.625,3.875],"rotation":90,"texture":"#0"},"down":{"uv":[0,3.25,0.625,3.875],"rotation":270,"texture":"#0"}}},{"from":[7.75,-13,-2.25],"to":[28.25,-12,18.25],"rotation":{"angle":0,"axis":"y","origin":[13,0,0]},"faces":{"north":{"uv":[0,15.625,1.25,15.5625],"texture":"#0"},"east":{"uv":[2.5,14.1875,1.25,14.125],"texture":"#0"},"south":{"uv":[0,15.5625,1.25,15.625],"texture":"#0"},"west":{"uv":[1.25,14.125,2.5,14.1875],"texture":"#0"},"up":{"uv":[0,3.25,0.625,3.875],"rotation":90,"texture":"#0"},"down":{"uv":[0,3.25,0.625,3.875],"rotation":270,"texture":"#0"}}},{"from":[-12.25,-13,-2.25],"to":[8.25,-12,18.25],"rotation":{"angle":0,"axis":"y","origin":[13,0,0]},"faces":{"north":{"uv":[0,15.625,1.25,15.5625],"texture":"#0"},"east":{"uv":[2.5,14.1875,1.25,14.125],"texture":"#0"},"south":{"uv":[0,15.5625,1.25,15.625],"texture":"#0"},"west":{"uv":[1.25,14.125,2.5,14.1875],"texture":"#0"},"up":{"uv":[0,3.25,0.625,3.875],"rotation":90,"texture":"#0"},"down":{"uv":[0,3.25,0.625,3.875],"rotation":270,"texture":"#0"}}},{"from":[-12.25,-10,-2.25],"to":[8.25,-9,18.25],"rotation":{"angle":0,"axis":"y","origin":[13,0,0]},"faces":{"north":{"uv":[0,15.4375,1.25,15.375],"texture":"#0"},"east":{"uv":[2.5,14,1.25,13.9375],"texture":"#0"},"south":{"uv":[0,15.375,1.25,15.4375],"texture":"#0"},"west":{"uv":[1.25,13.9375,2.5,14],"texture":"#0"},"up":{"uv":[0,3.25,0.625,3.875],"rotation":90,"texture":"#0"},"down":{"uv":[0,3.25,0.625,3.875],"rotation":270,"texture":"#0"}}},{"from":[-12,-15,-2],"to":[-2,-7,18],"rotation":{"angle":0,"axis":"y","origin":[13,0,0]},"faces":{"north":{"uv":[0.625,15.75,0,15.25],"texture":"#0"},"east":{"uv":[2.5,14.3125,1.25,13.8125],"texture":"#0"},"south":{"uv":[0,15.75,0.625,15.25],"texture":"#0"},"west":{"uv":[1.25,14.3125,2.5,13.8125],"texture":"#0"},"up":{"uv":[3.5,10.25,4.75,10.875],"rotation":90,"texture":"#0"},"down":{"uv":[0,14.625,1.25,15.25],"rotation":270,"texture":"#0"}}},{"from":[-2,-15,-2],"to":[18,-7,18],"faces":{"north":{"uv":[0,0,1.25,0.5],"texture":"#0"},"east":{"uv":[0,0,1.25,0.5],"texture":"#0"},"south":{"uv":[0,0,1.25,0.5],"texture":"#0"},"west":{"uv":[0,0,1.25,0.5],"texture":"#0"},"up":{"uv":[3.5,9.1875,4.75,10.4375],"texture":"#0"},"down":{"uv":[0,13.5625,1.25,14.8125],"texture":"#0"}}},{"from":[1.5,19,5],"to":[14.5,29,14],"rotation":{"angle":45,"axis":"y","origin":[8,-7,7]},"faces":{"north":{"uv":[4.5625,8.25,5.375,8.875],"texture":"#0"},"east":{"uv":[4,8.25,4.5625,8.875],"texture":"#0"},"south":{"uv":[5.375,8.25,6.1875,8.875],"texture":"#0"},"west":{"uv":[4.5625,8.25,4,8.875],"texture":"#0"},"up":{"uv":[5.375,8.25,4.5625,7.6875],"texture":"#0"},"down":{"uv":[5.375,7.6875,4.5625,8.25],"texture":"#0"}}},{"from":[-1.5,-7,5],"to":[17.5,19,18],"rotation":{"angle":45,"axis":"y","origin":[8,-7,7]},"faces":{"north":{"uv":[9.8125,9.75,11,11.375],"texture":"#0"},"east":{"uv":[7.8125,9.75,8.625,11.375],"texture":"#0"},"south":{"uv":[8.625,9.75,9.8125,11.375],"texture":"#0"},"west":{"uv":[8.625,9.75,7.8125,11.375],"texture":"#0"},"up":{"uv":[7.875,9.1875,7.0625,8],"rotation":90,"texture":"#0"},"down":{"uv":[7.0625,9.1875,7.875,8],"rotation":90,"texture":"#0"}}},{"from":[-0.5,28,8],"to":[4.5,32,9],"rotation":{"angle":45,"axis":"y","origin":[8,-7,7]},"faces":{"north":{"uv":[4,8,4.3125,8.25],"texture":"#0"},"east":{"uv":[4.3125,8,4.375,8.25],"texture":"#0"},"south":{"uv":[5.375,8,5.6875,8.25],"texture":"#0"},"west":{"uv":[4.3125,8,4.375,8.25],"texture":"#0"},"up":{"uv":[4.4375,8.25,4.375,7.9375],"rotation":90,"texture":"#0"},"down":{"uv":[4.375,8.25,4.4375,7.9375],"rotation":90,"texture":"#0"}}},{"from":[11.5,28,8],"to":[16.5,32,9],"rotation":{"angle":45,"axis":"y","origin":[8,-7,7]},"faces":{"north":{"uv":[4,8,4.3125,8.25],"texture":"#0"},"east":{"uv":[4.3125,8,4.375,8.25],"texture":"#0"},"south":{"uv":[5.6875,8,5.375,8.25],"texture":"#0"},"west":{"uv":[4.3125,8,4.375,8.25],"texture":"#0"},"up":{"uv":[4.4375,8.25,4.375,7.9375],"rotation":90,"texture":"#0"},"down":{"uv":[4.375,8.25,4.4375,7.9375],"rotation":90,"texture":"#0"}}},{"from":[4.5,19,3],"to":[11.5,24,5],"rotation":{"angle":45,"axis":"y","origin":[8,-7,7]},"faces":{"north":{"uv":[5.375,7.6875,5.8125,8],"texture":"#0"},"east":{"uv":[5.9375,7.6875,5.8125,8],"texture":"#0"},"south":{"uv":[5.375,7.6875,5.8125,8],"texture":"#0"},"west":{"uv":[5.8125,7.6875,5.9375,8],"texture":"#0"},"up":{"uv":[6.375,7.9375,5.9375,7.8125],"texture":"#0"},"down":{"uv":[6.375,7.6875,5.9375,7.8125],"texture":"#0"}}},{"from":[2.41421,12,-1.84315],"to":[11.41421,18,4.15685],"rotation":{"angle":-22.5,"axis":"y","origin":[11,15,2]},"faces":{"north":{"uv":[6.1875,8.3125,6.5625,8.875],"rotation":90,"texture":"#0"},"east":{"uv":[6.1875,7.9375,6.5625,8.3125],"texture":"#0"},"south":{"uv":[6.1875,8.3125,6.5625,8.875],"rotation":90,"texture":"#0"},"west":{"uv":[6.5625,8.5,6.9375,8.875],"texture":"#0"},"up":{"uv":[6.5625,8.875,6.1875,8.3125],"rotation":270,"texture":"#0"},"down":{"uv":[6.5625,8.3125,6.1875,8.875],"rotation":90,"texture":"#0"}}},{"from":[-0.84315,12,1.41421],"to":[5.15685,18,10.41421],"rotation":{"angle":22.5,"axis":"y","origin":[3,15,10]},"faces":{"north":{"uv":[6.5625,8.5,6.9375,8.875],"texture":"#0"},"east":{"uv":[6.1875,8.3125,6.5625,8.875],"rotation":90,"texture":"#0"},"south":{"uv":[6.1875,7.9375,6.5625,8.3125],"texture":"#0"},"west":{"uv":[6.1875,8.3125,6.5625,8.875],"rotation":90,"texture":"#0"},"up":{"uv":[6.5625,8.875,6.1875,8.3125],"texture":"#0"},"down":{"uv":[6.5625,8.3125,6.1875,8.875],"texture":"#0"}}},{"from":[-6.58579,-7,6.84315],"to":[2.41421,-1,12.84315],"rotation":{"angle":-22.5,"axis":"y","origin":[3,-4,10]},"faces":{"north":{"uv":[6.1875,8.3125,6.5625,8.875],"rotation":90,"texture":"#0"},"east":{"uv":[6.1875,7.9375,6.5625,8.3125],"texture":"#0"},"south":{"uv":[6.1875,8.3125,6.5625,8.875],"rotation":90,"texture":"#0"},"west":{"uv":[6.5625,8.5,6.9375,8.875],"texture":"#0"},"up":{"uv":[6.5625,8.875,6.1875,8.3125],"rotation":270,"texture":"#0"},"down":{"uv":[6.5625,8.3125,6.1875,8.875],"rotation":90,"texture":"#0"}}},{"from":[7.84315,-7,-7.58579],"to":[13.84315,-1,1.41421],"rotation":{"angle":22.5,"axis":"y","origin":[11,-4,2]},"faces":{"north":{"uv":[6.5625,8.5,6.9375,8.875],"texture":"#0"},"east":{"uv":[6.1875,8.3125,6.5625,8.875],"rotation":90,"texture":"#0"},"south":{"uv":[6.1875,7.9375,6.5625,8.3125],"texture":"#0"},"west":{"uv":[6.1875,8.3125,6.5625,8.875],"rotation":90,"texture":"#0"},"up":{"uv":[6.5625,8.875,6.1875,8.3125],"texture":"#0"},"down":{"uv":[6.5625,8.3125,6.1875,8.875],"texture":"#0"}}}]}