{"display":{"thirdperson_righthand":{"rotation":[75,45,0],"translation":[0,1,0],"scale":[0.15,0.15,0.15]},"thirdperson_lefthand":{"rotation":[75,45,0],"translation":[0,1,0],"scale":[0.15,0.15,0.15]},"firstperson_righthand":{"rotation":[0,45,0],"scale":[0.2,0.2,0.2]},"firstperson_lefthand":{"rotation":[0,45,0],"scale":[0.2,0.2,0.2]},"ground":{"translation":[0,3.2,0],"scale":[0.15,0.15,0.15]},"gui":{"rotation":[30,225,0],"translation":[0,1.5,0],"scale":[0.4,0.4,0.4]},"head":{"scale":[2,2,2]},"fixed":{"rotation":[-90,0,0],"translation":[0,0,-30],"scale":[2,2,2]}},"texture_size":[256,256],"textures":{"0":"statue/dark_statue"},"elements":[{"from":[-2,-8,-2],"to":[18,0,18],"rotation":{"angle":0,"axis":"y","origin":[8,0,8]},"faces":{"north":{"uv":[0,3.25,1.25,3.75],"texture":"#0"},"east":{"uv":[0,3.25,1.25,3.75],"texture":"#0"},"south":{"uv":[0,3.25,1.25,3.75],"texture":"#0"},"west":{"uv":[0,3.25,1.25,3.75],"texture":"#0"},"up":{"uv":[0,2,1.25,3.25],"rotation":90,"texture":"#0"},"down":{"uv":[1.25,2,2.5,3.25],"rotation":270,"texture":"#0"}}},{"from":[-2.25,-3,-2.25],"to":[18.25,-2,18.25],"rotation":{"angle":0,"axis":"y","origin":[8,0,8]},"faces":{"north":{"uv":[0,3.375,1.25,3.4375],"texture":"#0"},"east":{"uv":[0,3.375,1.25,3.4375],"texture":"#0"},"south":{"uv":[0,3.375,1.25,3.4375],"texture":"#0"},"west":{"uv":[0,3.375,1.25,3.4375],"texture":"#0"},"up":{"uv":[4,0,4.3125,0.3125],"rotation":90,"texture":"#0"},"down":{"uv":[4,0,4.3125,0.3125],"rotation":270,"texture":"#0"}}},{"from":[-2.25,-6,-2.25],"to":[18.25,-5,18.25],"rotation":{"angle":0,"axis":"y","origin":[8,0,8]},"faces":{"north":{"uv":[0,3.5625,1.25,3.625],"texture":"#0"},"east":{"uv":[0,3.5625,1.25,3.625],"texture":"#0"},"south":{"uv":[0,3.5625,1.25,3.625],"texture":"#0"},"west":{"uv":[0,3.5625,1.25,3.625],"texture":"#0"},"up":{"uv":[4,0,4.3125,0.3125],"rotation":90,"texture":"#0"},"down":{"uv":[4,0,4.3125,0.3125],"rotation":270,"texture":"#0"}}},{"from":[4.5,11,-2],"to":[11.5,14,3],"rotation":{"angle":0,"axis":"y","origin":[0,0.75,2]},"faces":{"north":{"uv":[1.625,3.375,2.0625,3.5625],"texture":"#0"},"east":{"uv":[1.625,3.5625,1.9375,3.75],"texture":"#0"},"south":{"uv":[2.0625,3.375,2.5,3.5625],"texture":"#0"},"west":{"uv":[1.9375,3.5625,1.625,3.75],"texture":"#0"},"up":{"uv":[2.5,3.875,2.0625,3.5625],"texture":"#0"},"down":{"uv":[2.875,4.75,2.4375,5.0625],"texture":"#0"}}},{"from":[7.5,4.25,15],"to":[8.5,10.25,16],"rotation":{"angle":22.5,"axis":"x","origin":[8,12.75,3]},"faces":{"north":{"uv":[3.0625,3.875,3.125,4.25],"texture":"#0"},"east":{"uv":[3.0625,3.875,3.125,4.25],"texture":"#0"},"south":{"uv":[3.0625,3.875,3.125,4.25],"texture":"#0"},"west":{"uv":[3.0625,3.875,3.125,4.25],"texture":"#0"},"up":{"uv":[3.125,4.3125,3.0625,4.25],"texture":"#0"},"down":{"uv":[3.125,4.25,3.0625,4.3125],"texture":"#0"}}},{"from":[6.5,1.75,9],"to":[9.5,7.75,11],"rotation":{"angle":-22.5,"axis":"x","origin":[8,12.75,3]},"faces":{"north":{"uv":[2.5625,4.4375,2.75,4.0625],"texture":"#0"},"east":{"uv":[3.0625,4.0625,2.9375,4.4375],"texture":"#0"},"south":{"uv":[2.75,4.0625,2.9375,4.4375],"texture":"#0"},"west":{"uv":[2.9375,4.0625,3.0625,4.4375],"texture":"#0"},"up":{"uv":[3,4,2.8125,3.875],"texture":"#0"},"down":{"uv":[3,3.875,2.8125,4],"texture":"#0"}}},{"from":[5.5,11.75,3],"to":[10.5,14.75,12],"rotation":{"angle":22.5,"axis":"x","origin":[8,12.75,3]},"faces":{"north":{"uv":[2.25,4.0625,2.5625,4.25],"texture":"#0"},"east":{"uv":[2.8125,3.875,2.25,4.0625],"texture":"#0"},"south":{"uv":[2.25,4.25,2.5625,4.4375],"texture":"#0"},"west":{"uv":[2.25,3.875,2.8125,4.0625],"texture":"#0"},"up":{"uv":[1.9375,4.4375,1.625,3.875],"texture":"#0"},"down":{"uv":[2.25,3.875,1.9375,4.4375],"texture":"#0"}}},{"from":[10.5,12.75,3],"to":[16.5,14.75,12],"rotation":{"angle":22.5,"axis":"x","origin":[8,12.75,3]},"faces":{"north":{"uv":[2.5625,4.4375,2.1875,4.5625],"texture":"#0"},"east":{"uv":[1.625,4.4375,2.1875,4.5625],"texture":"#0"},"south":{"uv":[2.5625,4.4375,2.9375,4.5625],"texture":"#0"},"west":{"uv":[1.625,4.4375,2.1875,4.5625],"texture":"#0"},"up":{"uv":[3.125,4.4375,3.5,3.875],"texture":"#0"},"down":{"uv":[3.5,3.875,3.875,4.4375],"texture":"#0"}}},{"from":[-0.5,12.75,3],"to":[5.5,14.75,12],"rotation":{"angle":22.5,"axis":"x","origin":[8,12.75,3]},"faces":{"north":{"uv":[2.1875,4.4375,2.5625,4.5625],"texture":"#0"},"east":{"uv":[1.625,4.4375,2.1875,4.5625],"texture":"#0"},"south":{"uv":[2.9375,4.4375,2.5625,4.5625],"texture":"#0"},"west":{"uv":[1.625,4.4375,2.1875,4.5625],"texture":"#0"},"up":{"uv":[3.5,4.4375,3.125,3.875],"texture":"#0"},"down":{"uv":[3.875,3.875,3.5,4.4375],"texture":"#0"}}},{"from":[16.5,13.75,3],"to":[29.5,14.75,12],"rotation":{"angle":22.5,"axis":"x","origin":[8,12.75,3]},"faces":{"north":{"uv":[2.4375,4.5625,3.25,4.625],"texture":"#0"},"east":{"uv":[2.4375,4.625,3,4.6875],"texture":"#0"},"south":{"uv":[3.25,4.6875,2.4375,4.75],"texture":"#0"},"west":{"uv":[3,4.625,2.4375,4.6875],"texture":"#0"},"up":{"uv":[2.4375,5.125,1.625,4.5625],"texture":"#0"},"down":{"uv":[2.4375,4.5625,1.625,5.125],"texture":"#0"}}},{"from":[-13.5,13.75,3],"to":[-0.5,14.75,12],"rotation":{"angle":22.5,"axis":"x","origin":[8,12.75,3]},"faces":{"north":{"uv":[3.25,4.5625,2.4375,4.625],"texture":"#0"},"east":{"uv":[3,4.625,2.4375,4.6875],"texture":"#0"},"south":{"uv":[3.25,4.6875,2.4375,4.75],"texture":"#0"},"west":{"uv":[3,4.625,2.4375,4.6875],"texture":"#0"},"up":{"uv":[1.625,5.125,2.4375,4.5625],"texture":"#0"},"down":{"uv":[1.625,4.5625,2.4375,5.125],"texture":"#0"}}}]}