{"display":{"thirdperson_righthand":{"rotation":[75,45,0],"translation":[0,1,0],"scale":[0.15,0.15,0.15]},"thirdperson_lefthand":{"rotation":[75,45,0],"translation":[0,1,0],"scale":[0.15,0.15,0.15]},"firstperson_righthand":{"rotation":[0,45,0],"scale":[0.2,0.2,0.2]},"firstperson_lefthand":{"rotation":[0,45,0],"scale":[0.2,0.2,0.2]},"ground":{"translation":[0,3.2,0],"scale":[0.15,0.15,0.15]},"gui":{"rotation":[30,225,0],"translation":[0,1,0],"scale":[0.3,0.3,0.3]},"head":{"scale":[2,2,2]},"fixed":{"rotation":[-90,0,0],"translation":[0,0,-46],"scale":[2,2,2]}},"texture_size":[256,256],"textures":{"0":"statue/dark_statue"},"elements":[{"from":[-2,-16,-2],"to":[18,-8,18],"rotation":{"angle":0,"axis":"y","origin":[8,0,8]},"faces":{"north":{"uv":[0,3.25,1.25,3.75],"texture":"#0"},"east":{"uv":[0,3.25,1.25,3.75],"texture":"#0"},"south":{"uv":[0,3.25,1.25,3.75],"texture":"#0"},"west":{"uv":[0,3.25,1.25,3.75],"texture":"#0"},"up":{"uv":[0,2,1.25,3.25],"rotation":90,"texture":"#0"},"down":{"uv":[1.25,2,2.5,3.25],"rotation":270,"texture":"#0"}}},{"from":[-2.25,-11,-2.25],"to":[18.25,-10,18.25],"rotation":{"angle":0,"axis":"y","origin":[8,0,8]},"faces":{"north":{"uv":[0,3.375,1.25,3.4375],"texture":"#0"},"east":{"uv":[0,3.375,1.25,3.4375],"texture":"#0"},"south":{"uv":[0,3.375,1.25,3.4375],"texture":"#0"},"west":{"uv":[0,3.375,1.25,3.4375],"texture":"#0"},"up":{"uv":[4,0,4.3125,0.3125],"rotation":90,"texture":"#0"},"down":{"uv":[4,0,4.3125,0.3125],"rotation":270,"texture":"#0"}}},{"from":[-2.25,-14,-2.25],"to":[18.25,-13,18.25],"rotation":{"angle":0,"axis":"y","origin":[8,0,8]},"faces":{"north":{"uv":[0,3.5625,1.25,3.625],"texture":"#0"},"east":{"uv":[0,3.5625,1.25,3.625],"texture":"#0"},"south":{"uv":[0,3.5625,1.25,3.625],"texture":"#0"},"west":{"uv":[0,3.5625,1.25,3.625],"texture":"#0"},"up":{"uv":[4,0,4.3125,0.3125],"rotation":90,"texture":"#0"},"down":{"uv":[4,0,4.3125,0.3125],"rotation":270,"texture":"#0"}}},{"from":[10,15.75,3],"to":[11,17.75,4],"rotation":{"angle":0,"axis":"y","origin":[8,15.75,8]},"faces":{"north":{"uv":[8,1.25,8.0625,1.375],"texture":"#0"},"east":{"uv":[8,1.25,8.0625,1.375],"texture":"#0"},"south":{"uv":[8,1.25,8.0625,1.375],"texture":"#0"},"west":{"uv":[8,1.25,8.0625,1.375],"texture":"#0"},"up":{"uv":[8.0625,1.3125,8,1.25],"texture":"#0"},"down":{"uv":[8.0625,1.3125,8,1.375],"texture":"#0"}}},{"from":[5,15.75,3],"to":[6,17.75,4],"rotation":{"angle":0,"axis":"y","origin":[8,15.75,8]},"faces":{"north":{"uv":[8,1.25,8.0625,1.375],"texture":"#0"},"east":{"uv":[8,1.25,8.0625,1.375],"texture":"#0"},"south":{"uv":[8,1.25,8.0625,1.375],"texture":"#0"},"west":{"uv":[8,1.25,8.0625,1.375],"texture":"#0"},"up":{"uv":[8.0625,1.3125,8,1.25],"texture":"#0"},"down":{"uv":[8.0625,1.3125,8,1.375],"texture":"#0"}}},{"from":[6,15.75,3],"to":[10,19.75,4],"rotation":{"angle":0,"axis":"y","origin":[8,15.75,8]},"faces":{"north":{"uv":[7.6875,1.0625,7.9375,1.3125],"texture":"#0"},"east":{"uv":[7.9375,1.0625,8,1.3125],"texture":"#0"},"south":{"uv":[7.6875,1.0625,7.9375,1.3125],"texture":"#0"},"west":{"uv":[7.9375,1.0625,8,1.3125],"texture":"#0"},"up":{"uv":[7.9375,1.0625,7.6875,1],"texture":"#0"},"down":{"uv":[7.9375,1.3125,7.6875,1.375],"texture":"#0"}}},{"from":[3,15.75,4],"to":[13,23.75,12],"rotation":{"angle":0,"axis":"y","origin":[8,15.75,8]},"faces":{"north":{"uv":[6.4375,1.375,7.0625,1.875],"texture":"#0"},"east":{"uv":[7.5625,1.375,7.0625,1.875],"texture":"#0"},"south":{"uv":[7.5625,1.375,8.1875,1.875],"texture":"#0"},"west":{"uv":[7.0625,1.375,7.5625,1.875],"texture":"#0"},"up":{"uv":[7.0625,1.375,6.4375,0.875],"texture":"#0"},"down":{"uv":[7.6875,0.875,7.0625,1.375],"texture":"#0"}}},{"from":[12.5,16.75,6],"to":[13.5,21.75,10],"rotation":{"angle":22.5,"axis":"z","origin":[13,21.75,8]},"faces":{"north":{"uv":[7.9375,0.6875,8,1],"texture":"#0"},"east":{"uv":[7.6875,0.6875,7.9375,1],"texture":"#0"},"south":{"uv":[7.9375,0.6875,8,1],"texture":"#0"},"west":{"uv":[7.6875,0.6875,7.9375,1],"texture":"#0"},"up":{"uv":[8.0625,1,8,0.75],"texture":"#0"},"down":{"uv":[8.125,0.75,8.0625,1],"texture":"#0"}}},{"from":[2.5,16.75,6],"to":[3.5,21.75,10],"rotation":{"angle":-22.5,"axis":"z","origin":[3,21.75,8]},"faces":{"north":{"uv":[7.9375,0.6875,8,1],"texture":"#0"},"east":{"uv":[7.6875,0.6875,7.9375,1],"texture":"#0"},"south":{"uv":[7.9375,0.6875,8,1],"texture":"#0"},"west":{"uv":[7.6875,0.6875,7.9375,1],"texture":"#0"},"up":{"uv":[8.0625,1,8,0.75],"texture":"#0"},"down":{"uv":[8.125,0.75,8.0625,1],"texture":"#0"}}},{"from":[4,3.75,6],"to":[12,15.75,10],"rotation":{"angle":0,"axis":"y","origin":[0,-7.25,0]},"faces":{"north":{"uv":[9.875,0,10.375,0.75],"texture":"#0"},"east":{"uv":[10.375,0,10.625,0.75],"texture":"#0"},"south":{"uv":[9.875,0,10.375,0.75],"texture":"#0"},"west":{"uv":[10.375,0,10.625,0.75],"texture":"#0"},"up":{"uv":[10.375,1,9.875,0.75],"texture":"#0"},"down":{"uv":[10.375,0.75,9.875,1],"texture":"#0"}}},{"from":[3.75,5.5,5.75],"to":[12.25,13,10.25],"rotation":{"angle":0,"axis":"y","origin":[0,-7.25,0]},"faces":{"north":{"uv":[6.6875,1.875,7.1875,2.3125],"texture":"#0"},"east":{"uv":[6.4375,1.875,6.6875,2.3125],"texture":"#0"},"south":{"uv":[7.4375,1.875,7.9375,2.3125],"texture":"#0"},"west":{"uv":[7.1875,1.875,7.4375,2.3125],"texture":"#0"},"up":{"uv":[4.3125,0.3125,4,0],"texture":"#0"},"down":{"uv":[4.3125,0,4,0.3125],"texture":"#0"}}},{"from":[-0.25,11.5,-2.25],"to":[4.25,16,10.25],"rotation":{"angle":22.5,"axis":"x","origin":[4,13.75,8]},"faces":{"north":{"uv":[8.875,0,8.625,0.25],"rotation":180,"texture":"#0"},"east":{"uv":[8.125,0.25,8.375,1],"rotation":270,"texture":"#0"},"south":{"uv":[8.625,0.25,8.375,0],"texture":"#0"},"west":{"uv":[8.625,0.25,8.875,1],"rotation":90,"texture":"#0"},"up":{"uv":[8.375,0.25,8.625,1],"rotation":180,"texture":"#0"},"down":{"uv":[8.875,0.25,9.125,1],"texture":"#0"}}},{"from":[12,3.75,6],"to":[16,15.75,10],"rotation":{"angle":-22.5,"axis":"x","origin":[12,13.75,8]},"faces":{"north":{"uv":[9.125,0,9.375,0.75],"texture":"#0"},"east":{"uv":[9.125,0,9.375,0.75],"texture":"#0"},"south":{"uv":[9.125,0,9.375,0.75],"texture":"#0"},"west":{"uv":[9.125,0,9.375,0.75],"texture":"#0"},"up":{"uv":[9.625,0.25,9.375,0],"texture":"#0"},"down":{"uv":[9.625,0,9.375,0.25],"texture":"#0"}}},{"from":[0,11.75,-2],"to":[4,15.75,10],"rotation":{"angle":22.5,"axis":"x","origin":[4,13.75,8]},"faces":{"north":{"uv":[9.625,0,9.375,0.25],"rotation":180,"texture":"#0"},"east":{"uv":[9.125,0,9.375,0.75],"rotation":270,"texture":"#0"},"south":{"uv":[9.625,0.25,9.375,0],"texture":"#0"},"west":{"uv":[9.125,0,9.375,0.75],"rotation":90,"texture":"#0"},"up":{"uv":[9.125,0,9.375,0.75],"rotation":180,"texture":"#0"},"down":{"uv":[9.125,0,9.375,0.75],"texture":"#0"}}},{"from":[3.99,-8.26,5.99],"to":[8.01,3.76,10.01],"rotation":{"angle":22.5,"axis":"x","origin":[6,3.75,8]},"faces":{"north":{"uv":[9.125,0,9.375,0.75],"texture":"#0"},"east":{"uv":[9.125,0,9.375,0.75],"texture":"#0"},"south":{"uv":[9.125,0,9.375,0.75],"texture":"#0"},"west":{"uv":[9.125,0,9.375,0.75],"texture":"#0"},"up":{"uv":[9.625,0.25,9.375,0],"texture":"#0"},"down":{"uv":[9.875,0,9.625,0.25],"texture":"#0"}}},{"from":[7.99,-8.26,5.99],"to":[12.01,3.76,10.01],"rotation":{"angle":-22.5,"axis":"x","origin":[10,3.75,8]},"faces":{"north":{"uv":[9.125,0,9.375,0.75],"texture":"#0"},"east":{"uv":[9.125,0,9.375,0.75],"texture":"#0"},"south":{"uv":[9.125,0,9.375,0.75],"texture":"#0"},"west":{"uv":[9.125,0,9.375,0.75],"texture":"#0"},"up":{"uv":[9.625,0.25,9.375,0],"texture":"#0"},"down":{"uv":[9.875,0,9.625,0.25],"texture":"#0"}}},{"from":[1.5,20.85051,5.60051],"to":[2.5,22.85051,7.60051],"rotation":{"angle":-22.5,"axis":"x","origin":[0,14,0]},"faces":{"north":{"uv":[8.5,1.4375,8.5625,1.5625],"texture":"#0"},"east":{"uv":[8.625,1.4375,8.5,1.5625],"texture":"#0"},"south":{"uv":[8.5625,1.4375,8.625,1.5625],"texture":"#0"},"west":{"uv":[8.5,1.4375,8.625,1.5625],"texture":"#0"},"up":{"uv":[8.625,1.5,8.5,1.4375],"rotation":270,"texture":"#0"},"down":{"uv":[8.625,1.5625,8.5,1.5],"rotation":90,"texture":"#0"}}},{"from":[1.5,21.85051,6.60051],"to":[2.5,23.85051,8.60051],"rotation":{"angle":-22.5,"axis":"x","origin":[0,14,0]},"faces":{"north":{"uv":[8.5625,1.375,8.625,1.5],"texture":"#0"},"east":{"uv":[8.6875,1.375,8.5625,1.5],"texture":"#0"},"south":{"uv":[8.625,1.375,8.6875,1.5],"texture":"#0"},"west":{"uv":[8.5625,1.375,8.6875,1.5],"texture":"#0"},"up":{"uv":[8.6875,1.4375,8.5625,1.375],"rotation":270,"texture":"#0"},"down":{"uv":[8.6875,1.5,8.5625,1.4375],"rotation":90,"texture":"#0"}}},{"from":[1.5,22.85051,7.60051],"to":[2.5,24.85051,9.60051],"rotation":{"angle":-22.5,"axis":"x","origin":[0,14,0]},"faces":{"north":{"uv":[8.625,1.3125,8.6875,1.4375],"texture":"#0"},"east":{"uv":[8.75,1.3125,8.625,1.4375],"texture":"#0"},"south":{"uv":[8.6875,1.3125,8.75,1.4375],"texture":"#0"},"west":{"uv":[8.625,1.3125,8.75,1.4375],"texture":"#0"},"up":{"uv":[8.75,1.375,8.625,1.3125],"rotation":270,"texture":"#0"},"down":{"uv":[8.75,1.4375,8.625,1.375],"rotation":90,"texture":"#0"}}},{"from":[1.5,23.85051,8.60051],"to":[2.5,25.85051,10.60051],"rotation":{"angle":-22.5,"axis":"x","origin":[0,14,0]},"faces":{"north":{"uv":[8.6875,1.25,8.75,1.375],"texture":"#0"},"east":{"uv":[8.8125,1.25,8.6875,1.375],"texture":"#0"},"south":{"uv":[8.75,1.25,8.8125,1.375],"texture":"#0"},"west":{"uv":[8.6875,1.25,8.8125,1.375],"texture":"#0"},"up":{"uv":[8.8125,1.3125,8.6875,1.25],"rotation":270,"texture":"#0"},"down":{"uv":[8.8125,1.375,8.6875,1.3125],"rotation":90,"texture":"#0"}}},{"from":[1.5,24.85051,5.60051],"to":[2.5,26.85051,7.60051],"rotation":{"angle":-22.5,"axis":"x","origin":[0,14,0]},"faces":{"north":{"uv":[8.5,1.1875,8.5625,1.3125],"texture":"#0"},"east":{"uv":[8.625,1.1875,8.5,1.3125],"texture":"#0"},"south":{"uv":[8.5625,1.1875,8.625,1.3125],"texture":"#0"},"west":{"uv":[8.5,1.1875,8.625,1.3125],"texture":"#0"},"up":{"uv":[8.625,1.25,8.5,1.1875],"rotation":270,"texture":"#0"},"down":{"uv":[8.625,1.3125,8.5,1.25],"rotation":90,"texture":"#0"}}},{"from":[1.5,24.85051,7.60051],"to":[2.5,26.85051,9.60051],"rotation":{"angle":-22.5,"axis":"x","origin":[0,14,0]},"faces":{"north":{"uv":[8.625,1.1875,8.6875,1.3125],"texture":"#0"},"east":{"uv":[8.75,1.1875,8.625,1.3125],"texture":"#0"},"south":{"uv":[8.6875,1.1875,8.75,1.3125],"texture":"#0"},"west":{"uv":[8.625,1.1875,8.75,1.3125],"texture":"#0"},"up":{"uv":[8.75,1.25,8.625,1.1875],"rotation":270,"texture":"#0"},"down":{"uv":[8.75,1.3125,8.625,1.25],"rotation":90,"texture":"#0"}}},{"from":[1.5,26.85051,7.60051],"to":[2.5,28.85051,9.60051],"rotation":{"angle":-22.5,"axis":"x","origin":[0,14,0]},"faces":{"north":{"uv":[8.625,1.0625,8.6875,1.1875],"texture":"#0"},"east":{"uv":[8.75,1.0625,8.625,1.1875],"texture":"#0"},"south":{"uv":[8.6875,1.0625,8.75,1.1875],"texture":"#0"},"west":{"uv":[8.625,1.0625,8.75,1.1875],"texture":"#0"},"up":{"uv":[8.75,1.125,8.625,1.0625],"rotation":270,"texture":"#0"},"down":{"uv":[8.75,1.1875,8.625,1.125],"rotation":90,"texture":"#0"}}},{"from":[1.5,24.85051,9.60051],"to":[2.5,26.85051,11.60051],"rotation":{"angle":-22.5,"axis":"x","origin":[0,14,0]},"faces":{"north":{"uv":[8.75,1.1875,8.8125,1.3125],"texture":"#0"},"east":{"uv":[8.875,1.1875,8.75,1.3125],"texture":"#0"},"south":{"uv":[8.8125,1.1875,8.875,1.3125],"texture":"#0"},"west":{"uv":[8.75,1.1875,8.875,1.3125],"texture":"#0"},"up":{"uv":[8.875,1.25,8.75,1.1875],"rotation":270,"texture":"#0"},"down":{"uv":[8.875,1.3125,8.75,1.25],"rotation":90,"texture":"#0"}}},{"from":[1.5,22.85051,9.60051],"to":[2.5,24.85051,11.60051],"rotation":{"angle":-22.5,"axis":"x","origin":[0,14,0]},"faces":{"north":{"uv":[8.75,1.3125,8.8125,1.4375],"texture":"#0"},"east":{"uv":[8.875,1.3125,8.75,1.4375],"texture":"#0"},"south":{"uv":[8.8125,1.3125,8.875,1.4375],"texture":"#0"},"west":{"uv":[8.75,1.3125,8.875,1.4375],"texture":"#0"},"up":{"uv":[8.875,1.375,8.75,1.3125],"rotation":270,"texture":"#0"},"down":{"uv":[8.875,1.4375,8.75,1.375],"rotation":90,"texture":"#0"}}},{"from":[1.5,19.85051,4.60051],"to":[2.5,21.85051,6.60051],"rotation":{"angle":-22.5,"axis":"x","origin":[0,14,0]},"faces":{"north":{"uv":[8.4375,1.5,8.5,1.625],"texture":"#0"},"east":{"uv":[8.5625,1.5,8.4375,1.625],"texture":"#0"},"south":{"uv":[8.5,1.5,8.5625,1.625],"texture":"#0"},"west":{"uv":[8.4375,1.5,8.5625,1.625],"texture":"#0"},"up":{"uv":[8.5625,1.5625,8.4375,1.5],"rotation":270,"texture":"#0"},"down":{"uv":[8.5625,1.625,8.4375,1.5625],"rotation":90,"texture":"#0"}}},{"from":[1.5,18.85051,3.60051],"to":[2.5,20.85051,5.60051],"rotation":{"angle":-22.5,"axis":"x","origin":[0,14,0]},"faces":{"north":{"uv":[8.375,1.5625,8.4375,1.6875],"texture":"#0"},"east":{"uv":[8.5,1.5625,8.375,1.6875],"texture":"#0"},"south":{"uv":[8.4375,1.5625,8.5,1.6875],"texture":"#0"},"west":{"uv":[8.375,1.5625,8.5,1.6875],"texture":"#0"},"up":{"uv":[8.5,1.625,8.375,1.5625],"rotation":270,"texture":"#0"},"down":{"uv":[8.5,1.6875,8.375,1.625],"rotation":90,"texture":"#0"}}},{"from":[1.5,17.85051,2.60051],"to":[2.5,19.85051,4.60051],"rotation":{"angle":-22.5,"axis":"x","origin":[0,14,0]},"faces":{"north":{"uv":[8.3125,1.625,8.375,1.75],"texture":"#0"},"east":{"uv":[8.4375,1.625,8.3125,1.75],"texture":"#0"},"south":{"uv":[8.375,1.625,8.4375,1.75],"texture":"#0"},"west":{"uv":[8.3125,1.625,8.4375,1.75],"texture":"#0"},"up":{"uv":[8.4375,1.6875,8.3125,1.625],"rotation":270,"texture":"#0"},"down":{"uv":[8.4375,1.75,8.3125,1.6875],"rotation":90,"texture":"#0"}}},{"from":[1.5,16.85051,1.60051],"to":[2.5,18.85051,3.60051],"rotation":{"angle":-22.5,"axis":"x","origin":[0,14,0]},"faces":{"north":{"uv":[8.1875,1.75,8.25,1.875],"texture":"#0"},"east":{"uv":[8.3125,1.75,8.1875,1.875],"texture":"#0"},"south":{"uv":[8.25,1.75,8.3125,1.875],"texture":"#0"},"west":{"uv":[8.1875,1.75,8.3125,1.875],"texture":"#0"},"up":{"uv":[8.3125,1.8125,8.1875,1.75],"rotation":270,"texture":"#0"},"down":{"uv":[8.1875,1.8125,8.3125,1.875],"rotation":90,"texture":"#0"}}},{"from":[1.5,28.85051,7.60051],"to":[2.5,29.85051,9.60051],"rotation":{"angle":-22.5,"axis":"x","origin":[0,14,0]},"faces":{"north":{"uv":[8.625,1,8.6875,1.0625],"texture":"#0"},"east":{"uv":[8.625,1,8.75,1.0625],"texture":"#0"},"south":{"uv":[8.625,1,8.6875,1.0625],"texture":"#0"},"west":{"uv":[8.625,1,8.75,1.0625],"texture":"#0"},"up":{"uv":[8.75,1.0625,8.8125,1.1875],"texture":"#0"},"down":{"uv":[8.75,1.0625,8.8125,1.1875],"texture":"#0"}}},{"from":[1.5,26.85051,9.60051],"to":[2.5,28.85051,10.60051],"rotation":{"angle":-22.5,"axis":"x","origin":[0,14,0]},"faces":{"north":{"uv":[8.75,1.0625,8.8125,1.1875],"rotation":180,"texture":"#0"},"east":{"uv":[8.625,1,8.75,1.0625],"rotation":270,"texture":"#0"},"south":{"uv":[8.75,1.0625,8.8125,1.1875],"texture":"#0"},"west":{"uv":[8.625,1,8.75,1.0625],"rotation":90,"texture":"#0"},"up":{"uv":[8.625,1,8.6875,1.0625],"rotation":180,"texture":"#0"},"down":{"uv":[8.625,1,8.6875,1.0625],"texture":"#0"}}},{"from":[1.5,26.85051,6.60051],"to":[2.5,28.85051,7.60051],"rotation":{"angle":-22.5,"axis":"x","origin":[0,14,0]},"faces":{"north":{"uv":[8.5625,1.1875,8.625,1.0625],"rotation":180,"texture":"#0"},"east":{"uv":[8.5625,1.0625,8.625,1.1875],"texture":"#0"},"south":{"uv":[8.5625,1.0625,8.625,1.1875],"texture":"#0"},"west":{"uv":[8.5625,1.0625,8.625,1.1875],"texture":"#0"},"up":{"uv":[8.5625,1.0625,8.625,1.125],"rotation":180,"texture":"#0"},"down":{"uv":[8.5625,1.0625,8.625,1.125],"texture":"#0"}}},{"from":[1.5,26.85051,5.60051],"to":[2.5,27.85051,7.60051],"rotation":{"angle":-22.5,"axis":"x","origin":[0,14,0]},"faces":{"north":{"uv":[8.5625,1.0625,8.625,1.125],"texture":"#0"},"east":{"uv":[8.5625,1.0625,8.625,1.1875],"rotation":90,"texture":"#0"},"south":{"uv":[8.5625,1.0625,8.625,1.125],"texture":"#0"},"west":{"uv":[8.5625,1.0625,8.625,1.1875],"rotation":270,"texture":"#0"},"up":{"uv":[8.5625,1.0625,8.625,1.1875],"texture":"#0"},"down":{"uv":[8.5625,1.1875,8.625,1.0625],"texture":"#0"}}},{"from":[1.5,24.85051,4.60051],"to":[2.5,26.85051,5.60051],"rotation":{"angle":-22.5,"axis":"x","origin":[0,14,0]},"faces":{"north":{"uv":[8.75,1.0625,8.8125,1.1875],"rotation":180,"texture":"#0"},"east":{"uv":[8.625,1,8.75,1.0625],"rotation":270,"texture":"#0"},"south":{"uv":[8.75,1.0625,8.8125,1.1875],"texture":"#0"},"west":{"uv":[8.625,1,8.75,1.0625],"rotation":90,"texture":"#0"},"up":{"uv":[8.625,1,8.6875,1.0625],"rotation":180,"texture":"#0"},"down":{"uv":[8.625,1,8.6875,1.0625],"texture":"#0"}}},{"from":[1.5,22.85051,11.60051],"to":[2.5,24.85051,12.60051],"rotation":{"angle":-22.5,"axis":"x","origin":[0,14,0]},"faces":{"north":{"uv":[8.875,1.3125,8.9375,1.4375],"rotation":180,"texture":"#0"},"east":{"uv":[8.75,1.4375,8.875,1.5],"rotation":270,"texture":"#0"},"south":{"uv":[8.875,1.3125,8.9375,1.4375],"texture":"#0"},"west":{"uv":[8.75,1.4375,8.875,1.5],"rotation":90,"texture":"#0"},"up":{"uv":[8.75,1.4375,8.8125,1.5],"rotation":180,"texture":"#0"},"down":{"uv":[8.75,1.4375,8.8125,1.5],"texture":"#0"}}},{"from":[1.5,21.85051,9.60051],"to":[2.5,22.85051,11.60051],"rotation":{"angle":-22.5,"axis":"x","origin":[0,14,0]},"faces":{"north":{"uv":[8.75,1.4375,8.8125,1.5],"rotation":180,"texture":"#0"},"east":{"uv":[8.75,1.4375,8.875,1.5],"rotation":180,"texture":"#0"},"south":{"uv":[8.75,1.4375,8.8125,1.5],"rotation":180,"texture":"#0"},"west":{"uv":[8.75,1.4375,8.875,1.5],"rotation":180,"texture":"#0"},"up":{"uv":[8.875,1.3125,8.9375,1.4375],"texture":"#0"},"down":{"uv":[8.875,1.3125,8.9375,1.4375],"texture":"#0"}}},{"from":[1.5,23.85051,5.60051],"to":[2.5,24.85051,7.60051],"rotation":{"angle":-22.5,"axis":"x","origin":[0,14,0]},"faces":{"north":{"uv":[8.75,1.4375,8.8125,1.5],"rotation":180,"texture":"#0"},"east":{"uv":[8.75,1.4375,8.875,1.5],"rotation":180,"texture":"#0"},"south":{"uv":[8.75,1.4375,8.8125,1.5],"rotation":180,"texture":"#0"},"west":{"uv":[8.75,1.4375,8.875,1.5],"rotation":180,"texture":"#0"},"up":{"uv":[8.875,1.3125,8.9375,1.4375],"texture":"#0"},"down":{"uv":[8.875,1.3125,8.9375,1.4375],"texture":"#0"}}}]}