{"display":{"thirdperson_righthand":{"rotation":[75,45,0],"translation":[0,2,0],"scale":[0.15,0.15,0.15]},"thirdperson_lefthand":{"rotation":[75,45,0],"translation":[0,2,0],"scale":[0.15,0.15,0.15]},"firstperson_righthand":{"rotation":[0,45,0],"scale":[0.2,0.2,0.2]},"firstperson_lefthand":{"rotation":[0,45,0],"scale":[0.2,0.2,0.2]},"ground":{"translation":[0,3.2,0],"scale":[0.2,0.2,0.2]},"gui":{"rotation":[30,225,0],"translation":[-0.5,-2,0],"scale":[0.35,0.35,0.35]},"head":{"scale":[4,4,4]},"fixed":{"rotation":[-90,0,0],"translation":[0,0,-30],"scale":[4,4,4]}},"texture_size":[256,256],"textures":{"0":"statue/statue"},"elements":[{"from":[-7,3,5.25],"to":[-5.5,6,7.75],"rotation":{"angle":22.5,"axis":"x","origin":[-7,17,8]},"faces":{"north":{"uv":[10.4375,6.875,10.625,7.25],"texture":"#0"},"east":{"uv":[10.125,6.875,10.4375,7.25],"texture":"#0"},"south":{"uv":[10.625,6.875,10.4375,7.25],"texture":"#0"},"west":{"uv":[10.125,6.875,10.4375,7.25],"texture":"#0"},"up":{"uv":[10.8125,6.9375,10.625,6.625],"texture":"#0"},"down":{"uv":[10.8125,6.625,10.625,6.9375],"texture":"#0"}}},{"from":[-9.5,1,8.25],"to":[-8,6,10.75],"rotation":{"angle":22.5,"axis":"x","origin":[-7,17,8]},"faces":{"north":{"uv":[10.625,6.625,10.4375,7.25],"texture":"#0"},"east":{"uv":[10.125,6.625,10.4375,7.25],"texture":"#0"},"south":{"uv":[10.4375,6.625,10.625,7.25],"texture":"#0"},"west":{"uv":[10.125,6.625,10.4375,7.25],"texture":"#0"},"up":{"uv":[10.8125,6.9375,10.625,6.625],"texture":"#0"},"down":{"uv":[10.8125,6.625,10.625,6.9375],"texture":"#0"}}},{"from":[-9.5,1,5.25],"to":[-8,6,7.75],"rotation":{"angle":22.5,"axis":"x","origin":[-7,17,8]},"faces":{"north":{"uv":[10.625,6.625,10.4375,7.25],"texture":"#0"},"east":{"uv":[10.125,6.625,10.4375,7.25],"texture":"#0"},"south":{"uv":[10.4375,6.625,10.625,7.25],"texture":"#0"},"west":{"uv":[10.125,6.625,10.4375,7.25],"texture":"#0"},"up":{"uv":[10.8125,6.9375,10.625,6.625],"texture":"#0"},"down":{"uv":[10.8125,6.625,10.625,6.9375],"texture":"#0"}}},{"from":[-9,17,5],"to":[-2,29,11],"faces":{"north":{"uv":[14.375,6.375,13.5,7.875],"texture":"#0"},"east":{"uv":[14.375,6.375,15.125,7.875],"texture":"#0"},"south":{"uv":[15.125,6.375,16,7.875],"texture":"#0"},"west":{"uv":[13.5,6.375,12.75,7.875],"texture":"#0"},"up":{"uv":[14.125,5.625,15,4.875],"texture":"#0"},"down":{"uv":[15.875,4.875,15,5.625],"texture":"#0"}}},{"from":[-10,6,5],"to":[-4.5,17,11],"rotation":{"angle":22.5,"axis":"x","origin":[-7,17,8]},"faces":{"north":{"uv":[16,7.875,15.3125,9.25],"texture":"#0"},"east":{"uv":[13.875,7.875,13.125,9.25],"texture":"#0"},"south":{"uv":[14.5625,7.875,13.875,9.25],"texture":"#0"},"west":{"uv":[15.3125,7.875,14.5625,9.25],"texture":"#0"},"up":{"uv":[14.125,4.875,14.8125,4.125],"texture":"#0"},"down":{"uv":[15.5,4.125,14.8125,4.875],"texture":"#0"}}},{"from":[22,3,5.25],"to":[23.5,6,7.75],"rotation":{"angle":22.5,"axis":"x","origin":[23,17,8]},"faces":{"north":{"uv":[10.625,6.875,10.4375,7.25],"texture":"#0"},"east":{"uv":[10.125,6.875,10.4375,7.25],"texture":"#0"},"south":{"uv":[10.4375,6.875,10.625,7.25],"texture":"#0"},"west":{"uv":[10.125,6.875,10.4375,7.25],"texture":"#0"},"up":{"uv":[10.8125,6.9375,10.625,6.625],"texture":"#0"},"down":{"uv":[10.8125,6.625,10.625,6.9375],"texture":"#0"}}},{"from":[24.5,1,8.25],"to":[26,6,10.75],"rotation":{"angle":22.5,"axis":"x","origin":[23,17,8]},"faces":{"north":{"uv":[10.4375,6.625,10.625,7.25],"texture":"#0"},"east":{"uv":[10.125,6.625,10.4375,7.25],"texture":"#0"},"south":{"uv":[10.625,6.625,10.4375,7.25],"texture":"#0"},"west":{"uv":[10.125,6.625,10.4375,7.25],"texture":"#0"},"up":{"uv":[10.8125,6.9375,10.625,6.625],"texture":"#0"},"down":{"uv":[10.8125,6.625,10.625,6.9375],"texture":"#0"}}},{"from":[24.5,1,5.25],"to":[26,6,7.75],"rotation":{"angle":22.5,"axis":"x","origin":[23,17,8]},"faces":{"north":{"uv":[10.4375,6.625,10.625,7.25],"texture":"#0"},"east":{"uv":[10.125,6.625,10.4375,7.25],"texture":"#0"},"south":{"uv":[10.625,6.625,10.4375,7.25],"texture":"#0"},"west":{"uv":[10.125,6.625,10.4375,7.25],"texture":"#0"},"up":{"uv":[10.8125,6.9375,10.625,6.625],"texture":"#0"},"down":{"uv":[10.8125,6.625,10.625,6.9375],"texture":"#0"}}},{"from":[21,6,5],"to":[26.5,17,11],"rotation":{"angle":22.5,"axis":"x","origin":[23,17,8]},"faces":{"north":{"uv":[15.3125,7.875,16,9.25],"texture":"#0"},"east":{"uv":[14.5625,7.875,15.3125,9.25],"texture":"#0"},"south":{"uv":[13.875,7.875,14.5625,9.25],"texture":"#0"},"west":{"uv":[13.125,7.875,13.875,9.25],"texture":"#0"},"up":{"uv":[14.8125,4.875,14.125,4.125],"texture":"#0"},"down":{"uv":[15.5,4.125,14.8125,4.875],"texture":"#0"}}},{"from":[18,17,5],"to":[25,29,11],"faces":{"north":{"uv":[13.5,6.375,14.375,7.875],"texture":"#0"},"east":{"uv":[12.75,6.375,13.5,7.875],"texture":"#0"},"south":{"uv":[16,6.375,15.125,7.875],"texture":"#0"},"west":{"uv":[14.375,6.375,15.125,7.875],"texture":"#0"},"up":{"uv":[15,5.625,14.125,4.875],"texture":"#0"},"down":{"uv":[15.875,4.875,15,5.625],"texture":"#0"}}},{"from":[-2,14,3],"to":[18,30,13],"faces":{"north":{"uv":[13.5,9.25,16,11.25],"texture":"#0"},"east":{"uv":[8.875,7.75,10.125,9.75],"texture":"#0"},"south":{"uv":[11,9.75,13.5,11.75],"texture":"#0"},"west":{"uv":[10.125,7.75,8.875,9.75],"texture":"#0"},"up":{"uv":[12.625,8.5,10.125,7.25],"texture":"#0"},"down":{"uv":[12.625,8.5,10.125,9.75],"texture":"#0"}}},{"from":[2,10,4.5],"to":[13,14,11.5],"faces":{"north":{"uv":[10.625,5.625,12,6.125],"texture":"#0"},"east":{"uv":[10,6.125,10.875,6.625],"texture":"#0"},"south":{"uv":[10.625,5.625,12,6.125],"texture":"#0"},"west":{"uv":[10,6.125,10.875,6.625],"texture":"#0"},"up":{"uv":[12.25,7,10.875,6.125],"texture":"#0"},"down":{"uv":[12.25,6.125,10.875,7],"texture":"#0"}}},{"from":[4,22,-3],"to":[12,30,3],"faces":{"north":{"uv":[12.125,4.125,13.125,5.125],"texture":"#0"},"east":{"uv":[12.875,5.125,12.125,6.125],"texture":"#0"},"south":{"uv":[12.125,4.125,13.125,5.125],"texture":"#0"},"west":{"uv":[12.125,5.125,12.875,6.125],"texture":"#0"},"up":{"uv":[14.125,4.875,13.125,4.125],"texture":"#0"},"down":{"uv":[14.125,4.875,13.125,5.625],"texture":"#0"}}},{"from":[12.5,0,5],"to":[18.5,10,11],"faces":{"north":{"uv":[10.625,4.125,11.375,5.375],"texture":"#0"},"east":{"uv":[10.625,4.125,11.375,5.375],"texture":"#0"},"south":{"uv":[10.625,4.125,11.375,5.375],"texture":"#0"},"west":{"uv":[10.625,4.125,11.375,5.375],"texture":"#0"},"up":{"uv":[12.125,4.875,11.375,4.125],"texture":"#0"},"down":{"uv":[12.125,4.875,11.375,5.625],"texture":"#0"}}},{"from":[-2.5,0,5],"to":[3.5,10,11],"faces":{"north":{"uv":[10.625,4.125,11.375,5.375],"texture":"#0"},"east":{"uv":[10.625,4.125,11.375,5.375],"texture":"#0"},"south":{"uv":[10.625,4.125,11.375,5.375],"texture":"#0"},"west":{"uv":[10.625,4.125,11.375,5.375],"texture":"#0"},"up":{"uv":[12.125,4.875,11.375,4.125],"texture":"#0"},"down":{"uv":[12.125,4.875,11.375,5.625],"texture":"#0"}}},{"from":[4,16,7.5],"to":[12,24,15.5],"faces":{"north":{"uv":[7.875,8,8.875,9],"texture":"#0"},"east":{"uv":[7.875,8,8.875,9],"texture":"#0"},"south":{"uv":[7.875,8,8.875,9],"texture":"#0"},"west":{"uv":[7.875,8,8.875,9],"texture":"#0"},"up":{"uv":[7.875,8,8.875,9],"texture":"#0"},"down":{"uv":[8.875,8,7.875,9],"texture":"#0"}}}]}