{"display":{"thirdperson_righthand":{"rotation":[75,45,0],"translation":[0,1,0],"scale":[0.15,0.15,0.15]},"thirdperson_lefthand":{"rotation":[75,45,0],"translation":[0,1,0],"scale":[0.15,0.15,0.15]},"firstperson_righthand":{"rotation":[0,45,0],"scale":[0.2,0.2,0.2]},"firstperson_lefthand":{"rotation":[0,45,0],"scale":[0.2,0.2,0.2]},"ground":{"translation":[0,3.2,0],"scale":[0.15,0.15,0.15]},"gui":{"rotation":[30,225,0],"translation":[0,-1.25,0],"scale":[0.3,0.3,0.3]},"head":{"scale":[2,2,2]},"fixed":{"rotation":[-90,0,0],"translation":[0,0,-23.5],"scale":[2,2,2]}},"texture_size":[256,256],"textures":{"0":"statue/dark_statue"},"elements":[{"from":[-2,-4.75,-2],"to":[18,3.25,18],"rotation":{"angle":0,"axis":"y","origin":[8,0,8]},"faces":{"north":{"uv":[0,3.25,1.25,3.75],"texture":"#0"},"east":{"uv":[0,3.25,1.25,3.75],"texture":"#0"},"south":{"uv":[0,3.25,1.25,3.75],"texture":"#0"},"west":{"uv":[0,3.25,1.25,3.75],"texture":"#0"},"up":{"uv":[0,2,1.25,3.25],"rotation":90,"texture":"#0"},"down":{"uv":[1.25,2,2.5,3.25],"rotation":270,"texture":"#0"}}},{"from":[-2.25,0.25,-2.25],"to":[18.25,1.25,18.25],"rotation":{"angle":0,"axis":"y","origin":[8,0,8]},"faces":{"north":{"uv":[0,3.375,1.25,3.4375],"texture":"#0"},"east":{"uv":[0,3.375,1.25,3.4375],"texture":"#0"},"south":{"uv":[0,3.375,1.25,3.4375],"texture":"#0"},"west":{"uv":[0,3.375,1.25,3.4375],"texture":"#0"},"up":{"uv":[4,0,4.3125,0.3125],"rotation":90,"texture":"#0"},"down":{"uv":[4,0,4.3125,0.3125],"rotation":270,"texture":"#0"}}},{"from":[-2.25,-2.75,-2.25],"to":[18.25,-1.75,18.25],"rotation":{"angle":0,"axis":"y","origin":[8,0,8]},"faces":{"north":{"uv":[0,3.5625,1.25,3.625],"texture":"#0"},"east":{"uv":[0,3.5625,1.25,3.625],"texture":"#0"},"south":{"uv":[0,3.5625,1.25,3.625],"texture":"#0"},"west":{"uv":[0,3.5625,1.25,3.625],"texture":"#0"},"up":{"uv":[4,0,4.3125,0.3125],"rotation":90,"texture":"#0"},"down":{"uv":[4,0,4.3125,0.3125],"rotation":270,"texture":"#0"}}},{"from":[0,17.75,0],"to":[16,31.75,16],"rotation":{"angle":0,"axis":"y","origin":[0,2.75,0]},"faces":{"north":{"uv":[3.5,2,4.5,2.875],"texture":"#0"},"east":{"uv":[2.5,2,3.5,2.875],"texture":"#0"},"south":{"uv":[4.5,2,5.5,2.875],"texture":"#0"},"west":{"uv":[2.5,2,3.5,2.875],"texture":"#0"},"up":{"uv":[4.5,3.875,3.5,2.875],"texture":"#0"},"down":{"uv":[3.5,2.875,2.5,3.875],"texture":"#0"}}},{"from":[10,2.75,6],"to":[14,19.75,10],"rotation":{"angle":-22.5,"axis":"x","origin":[8,17.75,8]},"faces":{"north":{"uv":[10.625,0,10.875,1.0625],"texture":"#0"},"east":{"uv":[10.625,0,10.875,1.0625],"texture":"#0"},"south":{"uv":[10.625,0,10.875,1.0625],"texture":"#0"},"west":{"uv":[10.625,0,10.875,1.0625],"texture":"#0"},"up":{"uv":[11.125,0.25,10.875,0],"texture":"#0"},"down":{"uv":[11.125,0,10.875,0.25],"texture":"#0"}}},{"from":[2,2.75,6],"to":[6,19.75,10],"rotation":{"angle":22.5,"axis":"x","origin":[8,17.75,8]},"faces":{"north":{"uv":[10.625,0,10.875,1.0625],"texture":"#0"},"east":{"uv":[10.625,0,10.875,1.0625],"texture":"#0"},"south":{"uv":[10.625,0,10.875,1.0625],"texture":"#0"},"west":{"uv":[10.625,0,10.875,1.0625],"texture":"#0"},"up":{"uv":[11.125,0.25,10.875,0],"texture":"#0"},"down":{"uv":[11.125,0,10.875,0.25],"texture":"#0"}}},{"from":[-12,22.75,0],"to":[0,22.75,16],"rotation":{"angle":45,"axis":"z","origin":[0,22.75,8]},"faces":{"north":{"uv":[4,0,4.3125,0.3125],"texture":"#0"},"east":{"uv":[4,0,4.3125,0.3125],"texture":"#0"},"south":{"uv":[4,0,4.3125,0.3125],"texture":"#0"},"west":{"uv":[4,0,4.3125,0.3125],"texture":"#0"},"up":{"uv":[11.875,1,11.125,0],"texture":"#0"},"down":{"uv":[11.875,0,11.125,1],"texture":"#0"}}},{"from":[16,21.75,0],"to":[28,21.75,16],"rotation":{"angle":-45,"axis":"z","origin":[16,21.75,8]},"faces":{"north":{"uv":[4,0,4.3125,0.3125],"texture":"#0"},"east":{"uv":[4,0,4.3125,0.3125],"texture":"#0"},"south":{"uv":[4,0,4.3125,0.3125],"texture":"#0"},"west":{"uv":[4,0,4.3125,0.3125],"texture":"#0"},"up":{"uv":[11.125,1,11.875,0],"texture":"#0"},"down":{"uv":[11.125,0,11.875,1],"texture":"#0"}}},{"from":[16,26.75,0],"to":[28,26.75,16],"rotation":{"angle":-45,"axis":"z","origin":[16,26.75,8]},"faces":{"north":{"uv":[4,0,4.3125,0.3125],"texture":"#0"},"east":{"uv":[4,0,4.3125,0.3125],"texture":"#0"},"south":{"uv":[4,0,4.3125,0.3125],"texture":"#0"},"west":{"uv":[4,0,4.3125,0.3125],"texture":"#0"},"up":{"uv":[4.5,3.875,5.25,2.875],"texture":"#0"},"down":{"uv":[4.5,2.875,5.25,3.875],"texture":"#0"}}},{"from":[-12,27.75,0],"to":[0,27.75,16],"rotation":{"angle":45,"axis":"z","origin":[0,27.75,8]},"faces":{"north":{"uv":[4,0,4.3125,0.3125],"texture":"#0"},"east":{"uv":[4,0,4.3125,0.3125],"texture":"#0"},"south":{"uv":[4,0,4.3125,0.3125],"texture":"#0"},"west":{"uv":[4,0,4.3125,0.3125],"texture":"#0"},"up":{"uv":[5.25,3.875,4.5,2.875],"texture":"#0"},"down":{"uv":[5.25,2.875,4.5,3.875],"texture":"#0"}}},{"from":[-12,31.75,0],"to":[0,31.75,16],"rotation":{"angle":45,"axis":"z","origin":[0,31.75,8]},"faces":{"north":{"uv":[4,0,4.3125,0.3125],"texture":"#0"},"east":{"uv":[4,0,4.3125,0.3125],"texture":"#0"},"south":{"uv":[4,0,4.3125,0.3125],"texture":"#0"},"west":{"uv":[4,0,4.3125,0.3125],"texture":"#0"},"up":{"uv":[6.25,3,5.5,2],"texture":"#0"},"down":{"uv":[6.25,2,5.5,3],"texture":"#0"}}},{"from":[16,30.75,0],"to":[28,30.75,16],"rotation":{"angle":-45,"axis":"z","origin":[16,30.75,8]},"faces":{"north":{"uv":[4.0625,0,4.375,0.3125],"texture":"#0"},"east":{"uv":[4.0625,0,4.375,0.3125],"texture":"#0"},"south":{"uv":[4.0625,0,4.375,0.3125],"texture":"#0"},"west":{"uv":[4.0625,0,4.375,0.3125],"texture":"#0"},"up":{"uv":[5.5,3,6.25,2],"texture":"#0"},"down":{"uv":[5.5,2,6.25,3],"texture":"#0"}}}]}