{"display":{"thirdperson_righthand":{"rotation":[75,45,0],"translation":[0,1,0],"scale":[0.15,0.15,0.15]},"thirdperson_lefthand":{"rotation":[75,45,0],"translation":[0,1,0],"scale":[0.15,0.15,0.15]},"firstperson_righthand":{"rotation":[0,45,0],"scale":[0.2,0.2,0.2]},"firstperson_lefthand":{"rotation":[0,45,0],"scale":[0.2,0.2,0.2]},"ground":{"translation":[0,3.2,0],"scale":[0.15,0.15,0.15]},"gui":{"rotation":[30,225,0],"scale":[0.3,0.3,0.3]},"head":{"scale":[2,2,2]},"fixed":{"rotation":[-90,0,0],"translation":[0,0,-34],"scale":[2,2,2]}},"texture_size":[256,256],"textures":{"0":"statue/statue"},"elements":[{"from":[-2,-10,-2],"to":[18,-2,8],"faces":{"north":{"uv":[2.5,14.3125,1.25,13.8125],"texture":"#0"},"east":{"uv":[1.375,15.75,2,15.25],"texture":"#0"},"south":{"uv":[1.25,14.3125,2.5,13.8125],"texture":"#0"},"west":{"uv":[2,15.75,1.375,15.25],"texture":"#0"},"up":{"uv":[3.5,8.875,4.75,9.5],"texture":"#0"},"down":{"uv":[0,13.25,1.25,13.75],"texture":"#0"}}},{"from":[-2.25,-5,-2.25],"to":[18.25,-4,18.25],"faces":{"north":{"uv":[2.5,14,1.25,13.9375],"texture":"#0"},"east":{"uv":[0,15.375,1.25,15.4375],"texture":"#0"},"south":{"uv":[1.25,13.9375,2.5,14],"texture":"#0"},"west":{"uv":[0,15.4375,1.25,15.375],"texture":"#0"},"up":{"uv":[0,3.25,0.625,3.875],"texture":"#0"},"down":{"uv":[0,3.25,0.625,3.875],"texture":"#0"}}},{"from":[-2.25,-8,-2.25],"to":[18.25,-7,18.25],"faces":{"north":{"uv":[2.5,14.1875,1.25,14.125],"texture":"#0"},"east":{"uv":[0,15.5625,1.25,15.625],"texture":"#0"},"south":{"uv":[1.25,14.125,2.5,14.1875],"texture":"#0"},"west":{"uv":[0,15.625,1.25,15.5625],"texture":"#0"},"up":{"uv":[0,3.25,0.625,3.875],"texture":"#0"},"down":{"uv":[0,3.25,0.625,3.875],"texture":"#0"}}},{"from":[-2,-10,8],"to":[18,-2,18],"faces":{"north":{"uv":[2.5,14.3125,1.25,13.8125],"texture":"#0"},"east":{"uv":[0,15.75,0.625,15.25],"texture":"#0"},"south":{"uv":[1.25,14.3125,2.5,13.8125],"texture":"#0"},"west":{"uv":[0.625,15.75,0,15.25],"texture":"#0"},"up":{"uv":[3.5,10.25,4.75,10.875],"texture":"#0"},"down":{"uv":[0,14.75,1.25,15.25],"texture":"#0"}}},{"from":[4,22,4],"to":[12,32,12],"rotation":{"angle":0,"axis":"y","origin":[0,2,0]},"faces":{"north":{"uv":[6.25,8.875,6.75,9.5],"texture":"#0"},"east":{"uv":[5.75,8.875,6.25,9.5],"texture":"#0"},"south":{"uv":[5.75,8.875,6.25,9.5],"texture":"#0"},"west":{"uv":[5.75,8.875,6.25,9.5],"texture":"#0"},"up":{"uv":[6.25,10,5.75,9.5],"texture":"#0"},"down":{"uv":[6.25,9.5,5.75,10],"texture":"#0"}}},{"from":[7,21,2],"to":[9,25,4],"rotation":{"angle":0,"axis":"y","origin":[0,2,0]},"faces":{"north":{"uv":[6.625,10,6.5,10.25],"texture":"#0"},"east":{"uv":[6.5,10,6.625,10.25],"texture":"#0"},"south":{"uv":[6.5,10,6.625,10.25],"texture":"#0"},"west":{"uv":[6.5,10,6.625,10.25],"texture":"#0"},"up":{"uv":[6.75,10.125,6.625,10],"texture":"#0"},"down":{"uv":[6.75,10,6.625,10.125],"texture":"#0"}}},{"from":[3.5,1.5,4.5],"to":[12.5,22.5,11.5],"rotation":{"angle":0,"axis":"y","origin":[0,2,0]},"faces":{"north":{"uv":[4.75,8.875,5.3125,10.1875],"texture":"#0"},"east":{"uv":[5.3125,8.875,5.75,10.1875],"texture":"#0"},"south":{"uv":[4.75,8.875,5.3125,10.1875],"texture":"#0"},"west":{"uv":[5.3125,8.875,5.75,10.1875],"texture":"#0"},"up":{"uv":[4.75,10.1875,5.3125,10.625],"texture":"#0"},"down":{"uv":[4.75,10.1875,5.3125,10.625],"texture":"#0"}}},{"from":[12,12.55,5.95],"to":[16,20.55,9.95],"rotation":{"angle":45,"axis":"x","origin":[8,20,8]},"faces":{"north":{"uv":[5.75,10.25,6,10.75],"texture":"#0"},"east":{"uv":[5.5,10.25,5.75,10.75],"texture":"#0"},"south":{"uv":[6.25,10.25,6.5,10.75],"texture":"#0"},"west":{"uv":[6,10.25,6.25,10.75],"texture":"#0"},"up":{"uv":[6,10.25,5.75,10],"texture":"#0"},"down":{"uv":[6.25,10,6,10.25],"texture":"#0"}}},{"from":[4,12.55,5.95],"to":[12,16.55,9.95],"rotation":{"angle":45,"axis":"x","origin":[8,20,8]},"faces":{"north":{"uv":[6.5,9.75,7,10],"texture":"#0"},"east":{"uv":[6.25,9.75,6.5,10],"texture":"#0"},"south":{"uv":[7.25,9.75,7.75,10],"texture":"#0"},"west":{"uv":[7,9.75,7.25,10],"texture":"#0"},"up":{"uv":[7,9.75,6.5,9.5],"texture":"#0"},"down":{"uv":[7.5,9.5,7,9.75],"texture":"#0"}}},{"from":[0,12.55,5.95],"to":[4,20.55,9.95],"rotation":{"angle":45,"axis":"x","origin":[8,20,8]},"faces":{"north":{"uv":[6,10.25,5.75,10.75],"texture":"#0"},"east":{"uv":[6.25,10.25,6,10.75],"texture":"#0"},"south":{"uv":[6.5,10.25,6.25,10.75],"texture":"#0"},"west":{"uv":[5.75,10.25,5.5,10.75],"texture":"#0"},"up":{"uv":[5.75,10.25,6,10],"texture":"#0"},"down":{"uv":[6,10,6.25,10.25],"texture":"#0"}}},{"from":[4,-2,6],"to":[8,2,10],"rotation":{"angle":0,"axis":"y","origin":[0,2,0]},"faces":{"north":{"uv":[0.25,10.625,0.5,10.875],"texture":"#0"},"east":{"uv":[0.25,10.625,0,10.875],"texture":"#0"},"south":{"uv":[0.75,10.625,1,10.875],"texture":"#0"},"west":{"uv":[0.75,10.625,0.5,10.875],"texture":"#0"},"up":{"uv":[0.5,10.125,0.25,9.875],"texture":"#0"},"down":{"uv":[0.75,9.875,0.5,10.125],"texture":"#0"}}},{"from":[8,-2,6],"to":[12,2,10],"rotation":{"angle":0,"axis":"y","origin":[0,2,0]},"faces":{"north":{"uv":[0.25,10.625,0.5,10.875],"texture":"#0"},"east":{"uv":[0.25,10.625,0,10.875],"texture":"#0"},"south":{"uv":[0.75,10.625,1,10.875],"texture":"#0"},"west":{"uv":[0.75,10.625,0.5,10.875],"texture":"#0"},"up":{"uv":[0.5,10.125,0.25,9.875],"texture":"#0"},"down":{"uv":[0.75,9.875,0.5,10.125],"texture":"#0"}}}]}