{"display":{"thirdperson_righthand":{"rotation":[75,45,0],"translation":[0,2,0],"scale":[0.25,0.25,0.25]},"thirdperson_lefthand":{"rotation":[75,45,0],"translation":[0,2,0],"scale":[0.25,0.25,0.25]},"firstperson_righthand":{"rotation":[0,45,0],"scale":[0.2,0.2,0.2]},"firstperson_lefthand":{"rotation":[0,45,0],"scale":[0.2,0.2,0.2]},"ground":{"translation":[0,3.2,0],"scale":[0.2,0.2,0.2]},"gui":{"rotation":[30,225,0],"scale":[0.45,0.45,0.45]},"head":{"scale":[3,3,3]},"fixed":{"rotation":[-90,0,0],"translation":[0,0,-46],"scale":[4,4,4]}},"texture_size":[256,256],"textures":{"0":"statue/statue"},"elements":[{"from":[3,-4,13],"to":[13,0,18],"rotation":{"angle":-45,"axis":"y","origin":[8,0,8]},"faces":{"north":{"uv":[2.5,14.3125,1.25,13.8125],"texture":"#0"},"east":{"uv":[2,15.75,1.375,15.25],"texture":"#0"},"south":{"uv":[1.25,14.3125,2.5,13.8125],"texture":"#0"},"west":{"uv":[1.375,15.75,2,15.25],"texture":"#0"},"up":{"uv":[4.75,9.5,3.5,8.875],"texture":"#0"},"down":{"uv":[0,13.25,1.25,13.875],"texture":"#0"}}},{"from":[2.75,-1.5,-2.25],"to":[13.25,-1,8.25],"rotation":{"angle":-45,"axis":"y","origin":[8,0,8]},"faces":{"north":{"uv":[2.5,14,1.25,13.9375],"texture":"#0"},"east":{"uv":[0,15.375,1.25,15.4375],"texture":"#0"},"south":{"uv":[1.25,13.9375,2.5,14],"texture":"#0"},"west":{"uv":[0,15.4375,1.25,15.375],"texture":"#0"},"up":{"uv":[0,3.25,0.625,3.875],"texture":"#0"},"down":{"uv":[0,3.25,0.625,3.875],"texture":"#0"}}},{"from":[2.75,-3,-2.25],"to":[13.25,-2.5,8.25],"rotation":{"angle":-45,"axis":"y","origin":[8,0,8]},"faces":{"north":{"uv":[2.5,14.1875,1.25,14.125],"texture":"#0"},"east":{"uv":[0,15.5625,1.25,15.625],"texture":"#0"},"south":{"uv":[1.25,14.125,2.5,14.1875],"texture":"#0"},"west":{"uv":[0,15.625,1.25,15.5625],"texture":"#0"},"up":{"uv":[0,3.25,0.625,3.875],"texture":"#0"},"down":{"uv":[0,3.25,0.625,3.875],"texture":"#0"}}},{"from":[2.75,-1.5,7.75],"to":[13.25,-1,18.25],"rotation":{"angle":-45,"axis":"y","origin":[8,0,8]},"faces":{"north":{"uv":[2.5,14,1.25,13.9375],"texture":"#0"},"east":{"uv":[0,15.375,1.25,15.4375],"texture":"#0"},"south":{"uv":[1.25,13.9375,2.5,14],"texture":"#0"},"west":{"uv":[0,15.4375,1.25,15.375],"texture":"#0"},"up":{"uv":[0,3.25,0.625,3.875],"texture":"#0"},"down":{"uv":[0,3.25,0.625,3.875],"texture":"#0"}}},{"from":[2.75,-3,7.75],"to":[13.25,-2.5,18.25],"rotation":{"angle":-45,"axis":"y","origin":[8,0,8]},"faces":{"north":{"uv":[2.5,14.1875,1.25,14.125],"texture":"#0"},"east":{"uv":[0,15.5625,1.25,15.625],"texture":"#0"},"south":{"uv":[1.25,14.125,2.5,14.1875],"texture":"#0"},"west":{"uv":[0,15.625,1.25,15.5625],"texture":"#0"},"up":{"uv":[0,3.25,0.625,3.875],"texture":"#0"},"down":{"uv":[0,3.25,0.625,3.875],"texture":"#0"}}},{"from":[-2.25,-1.5,2.75],"to":[8.25,-1,13.25],"rotation":{"angle":-45,"axis":"y","origin":[8,0,8]},"faces":{"north":{"uv":[2.5,14,1.25,13.9375],"texture":"#0"},"east":{"uv":[0,15.375,1.25,15.4375],"texture":"#0"},"south":{"uv":[1.25,13.9375,2.5,14],"texture":"#0"},"west":{"uv":[0,15.4375,1.25,15.375],"texture":"#0"},"up":{"uv":[0,3.25,0.625,3.875],"texture":"#0"},"down":{"uv":[0,3.25,0.625,3.875],"texture":"#0"}}},{"from":[-2.25,-3,2.75],"to":[8.25,-2.5,13.25],"rotation":{"angle":-45,"axis":"y","origin":[8,0,8]},"faces":{"north":{"uv":[2.5,14.1875,1.25,14.125],"texture":"#0"},"east":{"uv":[0,15.5625,1.25,15.625],"texture":"#0"},"south":{"uv":[1.25,14.125,2.5,14.1875],"texture":"#0"},"west":{"uv":[0,15.625,1.25,15.5625],"texture":"#0"},"up":{"uv":[0,3.25,0.625,3.875],"texture":"#0"},"down":{"uv":[0,3.25,0.625,3.875],"texture":"#0"}}},{"from":[7.75,-1.5,2.75],"to":[18.25,-1,13.25],"rotation":{"angle":-45,"axis":"y","origin":[8,0,8]},"faces":{"north":{"uv":[2.5,14,1.25,13.9375],"texture":"#0"},"east":{"uv":[0,15.375,1.25,15.4375],"texture":"#0"},"south":{"uv":[1.25,13.9375,2.5,14],"texture":"#0"},"west":{"uv":[0,15.4375,1.25,15.375],"texture":"#0"},"up":{"uv":[0,3.25,0.625,3.875],"texture":"#0"},"down":{"uv":[0,3.25,0.625,3.875],"texture":"#0"}}},{"from":[7.75,-3,2.75],"to":[18.25,-2.5,13.25],"rotation":{"angle":-45,"axis":"y","origin":[8,0,8]},"faces":{"north":{"uv":[2.5,14.1875,1.25,14.125],"texture":"#0"},"east":{"uv":[0,15.5625,1.25,15.625],"texture":"#0"},"south":{"uv":[1.25,14.125,2.5,14.1875],"texture":"#0"},"west":{"uv":[0,15.625,1.25,15.5625],"texture":"#0"},"up":{"uv":[0,3.25,0.625,3.875],"texture":"#0"},"down":{"uv":[0,3.25,0.625,3.875],"texture":"#0"}}},{"from":[3,-4,-2],"to":[13,0,3],"rotation":{"angle":-45,"axis":"y","origin":[8,0,8]},"faces":{"north":{"uv":[2.5,14.3125,1.25,13.8125],"texture":"#0"},"east":{"uv":[0.625,15.75,0,15.25],"texture":"#0"},"south":{"uv":[1.25,14.3125,2.5,13.8125],"texture":"#0"},"west":{"uv":[0,15.75,0.625,15.25],"texture":"#0"},"up":{"uv":[4.75,10.875,3.5,10.25],"texture":"#0"},"down":{"uv":[0,14.625,1.25,15.25],"texture":"#0"}}},{"from":[13,-4,3],"to":[18,0,13],"rotation":{"angle":-45,"axis":"y","origin":[8,0,8]},"faces":{"north":{"uv":[2,15.75,1.375,15.25],"texture":"#0"},"east":{"uv":[2.5,14.3125,1.25,13.8125],"texture":"#0"},"south":{"uv":[1.375,15.75,2,15.25],"texture":"#0"},"west":{"uv":[1.25,14.3125,2.5,13.8125],"texture":"#0"},"up":{"uv":[3.5,8.875,4.75,9.5],"rotation":90,"texture":"#0"},"down":{"uv":[0,13.25,1.25,13.875],"rotation":270,"texture":"#0"}}},{"from":[-2,-4,3],"to":[3,0,13],"rotation":{"angle":-45,"axis":"y","origin":[8,0,8]},"faces":{"north":{"uv":[0.625,15.75,0,15.25],"texture":"#0"},"east":{"uv":[2.5,14.3125,1.25,13.8125],"texture":"#0"},"south":{"uv":[0,15.75,0.625,15.25],"texture":"#0"},"west":{"uv":[1.25,14.3125,2.5,13.8125],"texture":"#0"},"up":{"uv":[3.5,10.25,4.75,10.875],"rotation":90,"texture":"#0"},"down":{"uv":[0,14.625,1.25,15.25],"rotation":270,"texture":"#0"}}},{"from":[3,-4,3],"to":[13,0,13],"rotation":{"angle":-45,"axis":"y","origin":[8,0,8]},"faces":{"north":{"uv":[0,0,1.25,0.5],"texture":"#0"},"east":{"uv":[0,0,1.25,0.5],"texture":"#0"},"south":{"uv":[0,0,1.25,0.5],"texture":"#0"},"west":{"uv":[0,0,1.25,0.5],"texture":"#0"},"up":{"uv":[3.5,9.1875,4.75,10.4375],"texture":"#0"},"down":{"uv":[0,13.5625,1.25,14.8125],"texture":"#0"}}},{"from":[-4,20,3],"to":[4,28,3],"rotation":{"angle":-22.5,"axis":"y","origin":[4,21,3]},"faces":{"north":{"uv":[7.8125,11.375,6.8125,12.375],"texture":"#0"},"east":{"uv":[0,3.25,0.625,3.875],"texture":"#0"},"south":{"uv":[6.8125,11.375,7.8125,12.375],"texture":"#0"},"west":{"uv":[0,3.25,0.625,3.875],"texture":"#0"},"up":{"uv":[0,3.25,0.625,3.875],"texture":"#0"},"down":{"uv":[0,3.25,0.625,3.875],"texture":"#0"}}},{"from":[12,20,3],"to":[20,28,3],"rotation":{"angle":22.5,"axis":"y","origin":[12,21,3]},"faces":{"north":{"uv":[6.8125,11.375,7.8125,12.375],"texture":"#0"},"east":{"uv":[0,3.25,0.625,3.875],"texture":"#0"},"south":{"uv":[7.8125,11.375,6.8125,12.375],"texture":"#0"},"west":{"uv":[0,3.25,0.625,3.875],"texture":"#0"},"up":{"uv":[0,3.25,0.625,3.875],"texture":"#0"},"down":{"uv":[0,3.25,0.625,3.875],"texture":"#0"}}},{"from":[4,15,0],"to":[12,23,5],"faces":{"north":{"uv":[7.8125,11.375,8.8125,12.375],"texture":"#0"},"east":{"uv":[8.8125,11.375,9.4375,12.375],"texture":"#0"},"south":{"uv":[9.4375,11.375,10.4375,12.375],"texture":"#0"},"west":{"uv":[8.8125,11.375,9.4375,12.375],"texture":"#0"},"up":{"uv":[7.8125,13,6.8125,12.375],"texture":"#0"},"down":{"uv":[1,13.3125,0,13.9375],"texture":"#0"}}},{"from":[3.5,6.5,6.25],"to":[12.5,17,11.75],"rotation":{"angle":-22.5,"axis":"x","origin":[8,6,9]},"faces":{"north":{"uv":[6.5625,13.875,7.6875,15.1875],"texture":"#0"},"east":{"uv":[9.5,14.125,8.8125,15.4375],"texture":"#0"},"south":{"uv":[7.6875,14.125,8.8125,15.4375],"texture":"#0"},"west":{"uv":[8.8125,14.125,9.5,15.4375],"texture":"#0"},"up":{"uv":[7.6875,15.875,6.5625,15.1875],"texture":"#0"},"down":{"uv":[1.125,13.25,0,13.9375],"texture":"#0"}}},{"from":[3.5,6.5,6.15],"to":[8,17,6.15],"rotation":{"angle":-22.5,"axis":"x","origin":[8,6,9]},"faces":{"north":{"uv":[10.0625,14.125,9.5,15.4375],"texture":"#0"},"east":{"uv":[0,3.25,0.625,3.875],"texture":"#0"},"south":{"uv":[9.5,14.125,10.0625,15.4375],"texture":"#0"},"west":{"uv":[0,3.25,0.625,3.875],"texture":"#0"},"up":{"uv":[0,3.25,0.625,3.875],"texture":"#0"},"down":{"uv":[0,3.25,0.625,3.875],"texture":"#0"}}},{"from":[8,6.5,6.15],"to":[12.5,17,6.15],"rotation":{"angle":-22.5,"axis":"x","origin":[8,6,9]},"faces":{"north":{"uv":[9.5,14.125,10.0625,15.4375],"texture":"#0"},"east":{"uv":[0,3.25,0.625,3.875],"texture":"#0"},"south":{"uv":[10.0625,14.125,9.5,15.4375],"texture":"#0"},"west":{"uv":[0,3.25,0.625,3.875],"texture":"#0"},"up":{"uv":[0,3.25,0.625,3.875],"texture":"#0"},"down":{"uv":[0,3.25,0.625,3.875],"texture":"#0"}}},{"from":[3.74,0,7],"to":[6.74,6.5,10],"faces":{"north":{"uv":[6.5625,13,6.9375,13.8125],"texture":"#0"},"east":{"uv":[7.3125,13,6.9375,13.8125],"texture":"#0"},"south":{"uv":[6.1875,13,6.5625,13.8125],"texture":"#0"},"west":{"uv":[6.9375,13,7.3125,13.8125],"texture":"#0"},"up":{"uv":[7.6875,13.875,7.3125,13.5],"texture":"#0"},"down":{"uv":[0.375,13.25,0,13.625],"texture":"#0"}}},{"from":[9.49,0,7],"to":[12.49,6.5,10],"faces":{"north":{"uv":[6.5625,13,6.9375,13.8125],"texture":"#0"},"east":{"uv":[7.3125,13,6.9375,13.8125],"texture":"#0"},"south":{"uv":[6.1875,13,6.5625,13.8125],"texture":"#0"},"west":{"uv":[6.9375,13,7.3125,13.8125],"texture":"#0"},"up":{"uv":[7.6875,13.875,7.3125,13.5],"texture":"#0"},"down":{"uv":[0.375,13.25,0,13.625],"texture":"#0"}}},{"from":[12.5,12,4],"to":[16.5,16,18],"rotation":{"angle":22.5,"axis":"y","origin":[12.5,14,5]},"faces":{"north":{"uv":[7.8125,13.5,7.3125,13],"rotation":180,"texture":"#0"},"east":{"uv":[7.8125,12.375,8.3125,14.125],"rotation":90,"texture":"#0"},"south":{"uv":[10.3125,12.375,9.8125,12.875],"texture":"#0"},"west":{"uv":[8.8125,12.375,9.3125,14.125],"rotation":270,"texture":"#0"},"up":{"uv":[9.3125,12.375,9.8125,14.125],"texture":"#0"},"down":{"uv":[8.3125,12.375,8.8125,14.125],"rotation":180,"texture":"#0"}}},{"from":[-0.5,12,4],"to":[3.5,16,18],"rotation":{"angle":-22.5,"axis":"y","origin":[3.5,14,5]},"faces":{"north":{"uv":[7.8125,13.5,7.3125,13],"rotation":180,"texture":"#0"},"east":{"uv":[8.8125,12.375,9.3125,14.125],"rotation":90,"texture":"#0"},"south":{"uv":[10.3125,12.375,9.8125,12.875],"texture":"#0"},"west":{"uv":[8.3125,12.375,7.8125,14.125],"rotation":270,"texture":"#0"},"up":{"uv":[9.8125,12.375,9.3125,14.125],"texture":"#0"},"down":{"uv":[8.8125,12.375,8.3125,14.125],"rotation":180,"texture":"#0"}}}]}