{"display":{"thirdperson_righthand":{"rotation":[75,45,0],"translation":[0,1,0],"scale":[0.15,0.15,0.15]},"thirdperson_lefthand":{"rotation":[75,45,0],"translation":[0,1,0],"scale":[0.15,0.15,0.15]},"firstperson_righthand":{"rotation":[0,45,0],"scale":[0.15,0.15,0.15]},"firstperson_lefthand":{"rotation":[0,45,0],"scale":[0.15,0.15,0.15]},"ground":{"translation":[0,3.2,0],"scale":[0.1,0.1,0.1]},"gui":{"rotation":[30,225,0],"translation":[0,-2.5,0],"scale":[0.25,0.25,0.25]},"head":{"translation":[0.5,0,-0.5],"scale":[2,2,2]},"fixed":{"rotation":[-90,0,0],"translation":[0,0,-65],"scale":[4,4,4]}},"texture_size":[256,256],"textures":{"0":"statue/dark_statue"},"elements":[{"from":[-7,24.5,-6.25],"to":[-2,25,-1.25],"rotation":{"angle":45,"axis":"y","origin":[-1,25,-4]},"faces":{"north":{"uv":[2,1.875,2.625,1.9375],"texture":"#0"},"east":{"uv":[2,1.875,2.625,1.9375],"texture":"#0"},"south":{"uv":[2,1.875,2.625,1.9375],"texture":"#0"},"west":{"uv":[2,1.875,2.625,1.9375],"texture":"#0"},"up":{"uv":[3.875,0.1875,4.1875,0.5],"texture":"#0"},"down":{"uv":[3.875,0.1875,4.1875,0.5],"texture":"#0"}}},{"from":[-0.25,3,6],"to":[15.75,19,22],"rotation":{"angle":-45,"axis":"x","origin":[-0.25,9,0]},"faces":{"north":{"uv":[0,0,2,2],"texture":"#0"},"east":{"uv":[0,0,2,2],"texture":"#0"},"south":{"uv":[0,0,2,2],"texture":"#0"},"west":{"uv":[0,0,2,2],"texture":"#0"},"up":{"uv":[0,0,2,2],"texture":"#0"},"down":{"uv":[0,0,2,2],"texture":"#0"}}},{"from":[-10.75,15,0.5],"to":[5.25,31,16.5],"rotation":{"angle":-45,"axis":"z","origin":[-0.75,9,0]},"faces":{"north":{"uv":[0,0,2,2],"texture":"#0"},"east":{"uv":[0,0,2,2],"texture":"#0"},"south":{"uv":[0,0,2,2],"texture":"#0"},"west":{"uv":[0,0,2,2],"texture":"#0"},"up":{"uv":[0,0,2,2],"texture":"#0"},"down":{"uv":[0,0,2,2],"texture":"#0"}}},{"from":[3.75,5,4.25],"to":[11.75,13,12.25],"rotation":{"angle":0,"axis":"y","origin":[-0.5,9,0]},"faces":{"north":{"uv":[2,0,3,1],"texture":"#0"},"east":{"uv":[2,0,3,1],"texture":"#0"},"south":{"uv":[2,0,3,1],"texture":"#0"},"west":{"uv":[2,0,3,1],"texture":"#0"},"up":{"uv":[2,0,3,1],"texture":"#0"},"down":{"uv":[2,0,3,1],"texture":"#0"}}},{"from":[-1.5,24,-0.75],"to":[6.5,32,7.25],"rotation":{"angle":22.5,"axis":"z","origin":[7.75,27,0]},"faces":{"north":{"uv":[2,0,3,1],"texture":"#0"},"east":{"uv":[2,0,3,1],"texture":"#0"},"south":{"uv":[2,0,3,1],"texture":"#0"},"west":{"uv":[2,0,3,1],"texture":"#0"},"up":{"uv":[2,1,3,0],"texture":"#0"},"down":{"uv":[2,0,3,1],"texture":"#0"}}},{"from":[9,24,-0.75],"to":[17,32,7.25],"rotation":{"angle":-22.5,"axis":"z","origin":[7.75,27,0]},"faces":{"north":{"uv":[2,0,3,1],"texture":"#0"},"east":{"uv":[2,0,3,1],"texture":"#0"},"south":{"uv":[2,0,3,1],"texture":"#0"},"west":{"uv":[2,0,3,1],"texture":"#0"},"up":{"uv":[2,1,3,0],"texture":"#0"},"down":{"uv":[2,0,3,1],"texture":"#0"}}},{"from":[5.25,-6,4],"to":[10.25,4,9],"rotation":{"angle":-22.5,"axis":"x","origin":[-0.5,9,0]},"faces":{"north":{"uv":[3.625,1.25,3,0],"texture":"#0"},"east":{"uv":[3.625,1.25,3,0],"texture":"#0"},"south":{"uv":[3.625,1.25,3,0],"texture":"#0"},"west":{"uv":[3.625,1.25,3,0],"texture":"#0"},"up":{"uv":[2,1,2.625,1.625],"texture":"#0"},"down":{"uv":[2,1,2.625,1.625],"texture":"#0"}}},{"from":[-10.5,17.5,5.5],"to":[-0.5,22.5,10.5],"rotation":{"angle":22.5,"axis":"z","origin":[-3.5,20,8]},"faces":{"north":{"uv":[3,1.25,3.625,0],"rotation":270,"texture":"#0"},"east":{"uv":[2,1,2.625,1.625],"rotation":90,"texture":"#0"},"south":{"uv":[3,1.25,3.625,0],"rotation":90,"texture":"#0"},"west":{"uv":[2,1,2.625,1.625],"rotation":90,"texture":"#0"},"up":{"uv":[3,1.25,3.625,0],"rotation":90,"texture":"#0"},"down":{"uv":[3,1.25,3.625,0],"rotation":90,"texture":"#0"}}},{"from":[-10.25,17.5,14.5],"to":[-0.25,22.5,19.5],"rotation":{"angle":45,"axis":"y","origin":[-1.5,20,17]},"faces":{"north":{"uv":[3,1.25,3.625,0],"rotation":270,"texture":"#0"},"east":{"uv":[2,1,2.625,1.625],"rotation":90,"texture":"#0"},"south":{"uv":[3,1.25,3.625,0],"rotation":90,"texture":"#0"},"west":{"uv":[2,1,2.625,1.625],"rotation":90,"texture":"#0"},"up":{"uv":[3,1.25,3.625,0],"rotation":90,"texture":"#0"},"down":{"uv":[3,1.25,3.625,0],"rotation":90,"texture":"#0"}}},{"from":[17.5,17.5,5.5],"to":[27.5,22.5,10.5],"rotation":{"angle":-22.5,"axis":"z","origin":[19.5,20,8]},"faces":{"north":{"uv":[3,0,3.625,1.25],"rotation":270,"texture":"#0"},"east":{"uv":[2,1,2.625,1.625],"rotation":90,"texture":"#0"},"south":{"uv":[3,0,3.625,1.25],"rotation":90,"texture":"#0"},"west":{"uv":[2,1,2.625,1.625],"rotation":90,"texture":"#0"},"up":{"uv":[3,0,3.625,1.25],"rotation":90,"texture":"#0"},"down":{"uv":[3,0,3.625,1.25],"rotation":90,"texture":"#0"}}},{"from":[15.75,17.5,15.25],"to":[25.75,22.5,20.25],"rotation":{"angle":-45,"axis":"y","origin":[17.5,20,17]},"faces":{"north":{"uv":[3,0,3.625,1.25],"rotation":270,"texture":"#0"},"east":{"uv":[2,1,2.625,1.625],"rotation":90,"texture":"#0"},"south":{"uv":[3,0,3.625,1.25],"rotation":90,"texture":"#0"},"west":{"uv":[2,1,2.625,1.625],"rotation":90,"texture":"#0"},"up":{"uv":[3,0,3.625,1.25],"rotation":90,"texture":"#0"},"down":{"uv":[3,0,3.625,1.25],"rotation":90,"texture":"#0"}}},{"from":[6.75,-16,0],"to":[8.75,-6,2],"rotation":{"angle":-45,"axis":"x","origin":[-0.5,9,0]},"faces":{"north":{"uv":[3.625,0,3.875,1.25],"texture":"#0"},"east":{"uv":[3.625,0,3.875,1.25],"texture":"#0"},"south":{"uv":[3.625,0,3.875,1.25],"texture":"#0"},"west":{"uv":[3.625,0,3.875,1.25],"texture":"#0"},"up":{"uv":[2.625,1,2.875,1.25],"texture":"#0"},"down":{"uv":[2.625,1,2.875,1.25],"texture":"#0"}}},{"from":[24,15,-1],"to":[28,19,7],"rotation":{"angle":-22.5,"axis":"y","origin":[26,17,6]},"faces":{"north":{"uv":[4.25,1.25,4.75,1.75],"texture":"#0"},"east":{"uv":[3.875,1.75,2.875,1.25],"texture":"#0"},"south":{"uv":[4.25,1.25,4.75,1.75],"texture":"#0"},"west":{"uv":[2.875,1.25,3.875,1.75],"texture":"#0"},"up":{"uv":[2.875,1.25,3.875,1.75],"rotation":90,"texture":"#0"},"down":{"uv":[3.875,1.75,2.875,1.25],"rotation":90,"texture":"#0"}}},{"from":[20,20.5,21.25],"to":[24,28.5,25.25],"rotation":{"angle":-45,"axis":"z","origin":[22,21,23]},"faces":{"north":{"uv":[3.875,1.75,2.875,1.25],"rotation":270,"texture":"#0"},"east":{"uv":[3.875,1.75,2.875,1.25],"rotation":270,"texture":"#0"},"south":{"uv":[2.875,1.25,3.875,1.75],"rotation":90,"texture":"#0"},"west":{"uv":[2.875,1.25,3.875,1.75],"rotation":90,"texture":"#0"},"up":{"uv":[4.25,1.25,4.75,1.75],"rotation":180,"texture":"#0"},"down":{"uv":[4.25,1.25,4.75,1.75],"texture":"#0"}}},{"from":[-9,20.5,21],"to":[-5,28.5,25],"rotation":{"angle":45,"axis":"z","origin":[-7,21,23]},"faces":{"north":{"uv":[3.875,1.75,2.875,1.25],"rotation":270,"texture":"#0"},"east":{"uv":[3.875,1.75,2.875,1.25],"rotation":270,"texture":"#0"},"south":{"uv":[2.875,1.25,3.875,1.75],"rotation":90,"texture":"#0"},"west":{"uv":[2.875,1.25,3.875,1.75],"rotation":90,"texture":"#0"},"up":{"uv":[4.25,1.25,4.75,1.75],"rotation":180,"texture":"#0"},"down":{"uv":[4.25,1.25,4.75,1.75],"texture":"#0"}}},{"from":[-11,15,-1],"to":[-7,19,7],"rotation":{"angle":22.5,"axis":"y","origin":[-9,17,6]},"faces":{"north":{"uv":[4.25,1.25,4.75,1.75],"texture":"#0"},"east":{"uv":[3.875,1.25,2.875,1.75],"texture":"#0"},"south":{"uv":[4.25,1.25,4.75,1.75],"texture":"#0"},"west":{"uv":[2.875,1.25,3.875,1.75],"texture":"#0"},"up":{"uv":[2.875,1.25,3.875,1.75],"rotation":90,"texture":"#0"},"down":{"uv":[3.875,1.25,2.875,1.75],"rotation":90,"texture":"#0"}}},{"from":[-13,15.5,-8],"to":[-10,18.5,0],"rotation":{"angle":-22.5,"axis":"x","origin":[-11,17,0]},"faces":{"north":{"uv":[3.875,1.5,4.25,1.875],"texture":"#0"},"east":{"uv":[3.875,0.5,4.25,1.5],"rotation":90,"texture":"#0"},"south":{"uv":[3.875,1.5,4.25,1.875],"texture":"#0"},"west":{"uv":[4.25,1.5,3.875,0.5],"rotation":90,"texture":"#0"},"up":{"uv":[3.875,0.5,4.25,1.5],"texture":"#0"},"down":{"uv":[4.25,1.5,3.875,0.5],"texture":"#0"}}},{"from":[27,15.5,-8],"to":[30,18.5,0],"rotation":{"angle":22.5,"axis":"x","origin":[29,17,0]},"faces":{"north":{"uv":[3.875,1.5,4.25,1.875],"texture":"#0"},"east":{"uv":[3.875,0.5,4.25,1.5],"rotation":90,"texture":"#0"},"south":{"uv":[3.875,1.5,4.25,1.875],"texture":"#0"},"west":{"uv":[4.25,1.5,3.875,0.5],"rotation":90,"texture":"#0"},"up":{"uv":[3.875,0.5,4.25,1.5],"texture":"#0"},"down":{"uv":[4.25,1.5,3.875,0.5],"texture":"#0"}}},{"from":[26,25.5,16],"to":[29,28.5,24],"rotation":{"angle":45,"axis":"x","origin":[27.5,27,23]},"faces":{"north":{"uv":[3.875,1.5,4.25,1.875],"texture":"#0"},"east":{"uv":[3.875,0.5,4.25,1.5],"rotation":90,"texture":"#0"},"south":{"uv":[3.875,1.5,4.25,1.875],"texture":"#0"},"west":{"uv":[4.25,1.5,3.875,0.5],"rotation":90,"texture":"#0"},"up":{"uv":[3.875,0.5,4.25,1.5],"texture":"#0"},"down":{"uv":[4.25,1.5,3.875,0.5],"texture":"#0"}}},{"from":[-14,25.5,16],"to":[-11,28.5,24],"rotation":{"angle":45,"axis":"x","origin":[-12.5,27,23]},"faces":{"north":{"uv":[3.875,1.5,4.25,1.875],"texture":"#0"},"east":{"uv":[3.875,0.5,4.25,1.5],"rotation":90,"texture":"#0"},"south":{"uv":[3.875,1.5,4.25,1.875],"texture":"#0"},"west":{"uv":[4.25,1.5,3.875,0.5],"rotation":90,"texture":"#0"},"up":{"uv":[3.875,0.5,4.25,1.5],"texture":"#0"},"down":{"uv":[4.25,1.5,3.875,0.5],"texture":"#0"}}},{"from":[-12,13.25,-16],"to":[-10,15.25,-6],"rotation":{"angle":-22.5,"axis":"y","origin":[-11.5,14,-8]},"faces":{"north":{"uv":[4.5625,0,4.8125,0.25],"texture":"#0"},"east":{"uv":[4.3125,0,4.5625,1.25],"rotation":90,"texture":"#0"},"south":{"uv":[4.5625,0,4.8125,0.25],"texture":"#0"},"west":{"uv":[4.5625,1.25,4.3125,0],"rotation":90,"texture":"#0"},"up":{"uv":[4.3125,0,4.5625,1.25],"texture":"#0"},"down":{"uv":[4.5625,1.25,4.3125,0],"texture":"#0"}}},{"from":[27.5,18.5,-16],"to":[29.5,20.5,-6],"rotation":{"angle":-22.5,"axis":"x","origin":[28.5,20,-8]},"faces":{"north":{"uv":[4.5625,0,4.8125,0.25],"texture":"#0"},"east":{"uv":[4.3125,0,4.5625,1.25],"rotation":90,"texture":"#0"},"south":{"uv":[4.5625,0,4.8125,0.25],"texture":"#0"},"west":{"uv":[4.5625,1.25,4.3125,0],"rotation":90,"texture":"#0"},"up":{"uv":[4.3125,0,4.5625,1.25],"texture":"#0"},"down":{"uv":[4.5625,1.25,4.3125,0],"texture":"#0"}}},{"from":[26.5,29.5,9],"to":[28.5,31.5,19],"rotation":{"angle":0,"axis":"x","origin":[28.5,27,17]},"faces":{"north":{"uv":[4.5625,0,4.8125,0.25],"texture":"#0"},"east":{"uv":[4.3125,0,4.5625,1.25],"rotation":90,"texture":"#0"},"south":{"uv":[4.5625,0,4.8125,0.25],"texture":"#0"},"west":{"uv":[4.5625,1.25,4.3125,0],"rotation":90,"texture":"#0"},"up":{"uv":[4.3125,0,4.5625,1.25],"texture":"#0"},"down":{"uv":[4.5625,1.25,4.3125,0],"texture":"#0"}}},{"from":[-13.5,29.5,9],"to":[-11.5,31.5,19],"rotation":{"angle":0,"axis":"x","origin":[28.5,27,17]},"faces":{"north":{"uv":[4.5625,0,4.8125,0.25],"texture":"#0"},"east":{"uv":[4.3125,0,4.5625,1.25],"rotation":90,"texture":"#0"},"south":{"uv":[4.5625,0,4.8125,0.25],"texture":"#0"},"west":{"uv":[4.5625,1.25,4.3125,0],"rotation":90,"texture":"#0"},"up":{"uv":[4.3125,0,4.5625,1.25],"texture":"#0"},"down":{"uv":[4.5625,1.25,4.3125,0],"texture":"#0"}}},{"from":[5,25,-7],"to":[11,30,-1],"rotation":{"angle":0,"axis":"y","origin":[0,25,-1]},"faces":{"north":{"uv":[4.8125,1.375,5.5625,2],"texture":"#0"},"east":{"uv":[4.8125,0.75,5.5625,1.375],"texture":"#0"},"south":{"uv":[4.8125,0.75,5.5625,1.375],"texture":"#0"},"west":{"uv":[4.8125,0.75,5.5625,1.375],"texture":"#0"},"up":{"uv":[4.8125,0,5.5625,0.75],"texture":"#0"},"down":{"uv":[4.8125,0,5.5625,0.75],"texture":"#0"}}},{"from":[5,23,-7],"to":[11,25,-1],"rotation":{"angle":-22.5,"axis":"x","origin":[0,25,-1]},"faces":{"north":{"uv":[2,1.625,2.75,1.875],"texture":"#0"},"east":{"uv":[2,1.625,2.75,1.875],"texture":"#0"},"south":{"uv":[2,1.625,2.75,1.875],"texture":"#0"},"west":{"uv":[2,1.625,2.75,1.875],"texture":"#0"},"up":{"uv":[4.8125,0,5.5625,0.75],"texture":"#0"},"down":{"uv":[4.8125,0,5.5625,0.75],"texture":"#0"}}},{"from":[5.5,24.5,-6.5],"to":[10.5,25,-1.5],"rotation":{"angle":0,"axis":"y","origin":[0,25,-1]},"faces":{"north":{"uv":[2,1.875,2.625,1.9375],"texture":"#0"},"east":{"uv":[2,1.875,2.625,1.9375],"texture":"#0"},"south":{"uv":[2,1.875,2.625,1.9375],"texture":"#0"},"west":{"uv":[2,1.875,2.625,1.9375],"texture":"#0"},"up":{"uv":[3.875,0.1875,4.1875,0.5],"texture":"#0"},"down":{"uv":[3.875,0.1875,4.1875,0.5],"texture":"#0"}}},{"from":[17.75,24.5,-6.25],"to":[22.75,25,-1.25],"rotation":{"angle":-45,"axis":"y","origin":[17,25,-4]},"faces":{"north":{"uv":[2,1.875,2.625,1.9375],"texture":"#0"},"east":{"uv":[2,1.875,2.625,1.9375],"texture":"#0"},"south":{"uv":[2,1.875,2.625,1.9375],"texture":"#0"},"west":{"uv":[2,1.875,2.625,1.9375],"texture":"#0"},"up":{"uv":[3.875,0.1875,4.1875,0.5],"texture":"#0"},"down":{"uv":[3.875,0.1875,4.1875,0.5],"texture":"#0"}}},{"from":[17.25,22.5,-6.75],"to":[23.25,24.5,-0.75],"rotation":{"angle":-45,"axis":"y","origin":[17,25,-4]},"faces":{"north":{"uv":[2,1.625,2.75,1.875],"texture":"#0"},"east":{"uv":[2,1.625,2.75,1.875],"texture":"#0"},"south":{"uv":[2,1.625,2.75,1.875],"texture":"#0"},"west":{"uv":[2,1.625,2.75,1.875],"texture":"#0"},"up":{"uv":[4.8125,0,5.5625,0.75],"texture":"#0"},"down":{"uv":[4.8125,0,5.5625,0.75],"texture":"#0"}}},{"from":[17.25,25,-6.75],"to":[23.25,30,-0.75],"rotation":{"angle":-45,"axis":"y","origin":[17,25,-4]},"faces":{"north":{"uv":[4.8125,1.375,5.5625,2],"texture":"#0"},"east":{"uv":[4.8125,0.75,5.5625,1.375],"texture":"#0"},"south":{"uv":[4.8125,0.75,5.5625,1.375],"texture":"#0"},"west":{"uv":[4.8125,0.75,5.5625,1.375],"texture":"#0"},"up":{"uv":[4.8125,0,5.5625,0.75],"texture":"#0"},"down":{"uv":[4.8125,0,5.5625,0.75],"texture":"#0"}}},{"from":[-7.5,25,-6.75],"to":[-1.5,30,-0.75],"rotation":{"angle":45,"axis":"y","origin":[-1,25,-4]},"faces":{"north":{"uv":[4.8125,1.375,5.5625,2],"texture":"#0"},"east":{"uv":[4.8125,0.75,5.5625,1.375],"texture":"#0"},"south":{"uv":[4.8125,0.75,5.5625,1.375],"texture":"#0"},"west":{"uv":[4.8125,0.75,5.5625,1.375],"texture":"#0"},"up":{"uv":[4.8125,0,5.5625,0.75],"texture":"#0"},"down":{"uv":[4.8125,0,5.5625,0.75],"texture":"#0"}}},{"from":[-7.5,22.5,-6.75],"to":[-1.5,24.5,-0.75],"rotation":{"angle":45,"axis":"y","origin":[-1,25,-4]},"faces":{"north":{"uv":[2,1.625,2.75,1.875],"texture":"#0"},"east":{"uv":[2,1.625,2.75,1.875],"texture":"#0"},"south":{"uv":[2,1.625,2.75,1.875],"texture":"#0"},"west":{"uv":[2,1.625,2.75,1.875],"texture":"#0"},"up":{"uv":[4.8125,0,5.5625,0.75],"texture":"#0"},"down":{"uv":[4.8125,0,5.5625,0.75],"texture":"#0"}}}]}