{"display":{"thirdperson_righthand":{"rotation":[75,45,0],"translation":[0,2.5,0],"scale":[0.2,0.2,0.2]},"thirdperson_lefthand":{"rotation":[75,45,0],"translation":[0,2.5,0],"scale":[0.2,0.2,0.2]},"firstperson_righthand":{"rotation":[0,45,0],"scale":[0.4,0.4,0.4]},"firstperson_lefthand":{"rotation":[0,45,0],"scale":[0.4,0.4,0.4]},"ground":{"translation":[0,4,0],"scale":[0.25,0.25,0.25]},"gui":{"rotation":[30,225,0],"scale":[0.325,0.325,0.325]},"head":{"translation":[0,4,0],"scale":[1.5,1.5,1.5]},"fixed":{"scale":[0.5,0.5,0.5]}},"texture_size":[64,64],"textures":{"0":"pets/static/steve_pet","1":"pets/static/alex_pet","2":"entity/allay/allay","3":"entity/cow/cow"},"elements":[{"from":[-10,12,5.25],"to":[-4,18,11.25],"rotation":{"angle":0,"axis":"y","origin":[0,-4,1]},"faces":{"north":{"uv":[2,2,4,4],"texture":"#0"},"east":{"uv":[0,2,2,4],"texture":"#0"},"south":{"uv":[6,2,8,4],"texture":"#0"},"west":{"uv":[4,2,6,4],"texture":"#0"},"up":{"uv":[4,2,2,0],"texture":"#0"},"down":{"uv":[6,0,4,2],"texture":"#0"}}},{"from":[-9,6,7.25],"to":[-5,12,9.25],"rotation":{"angle":0,"axis":"z","origin":[0,-4,1]},"faces":{"north":{"uv":[5,5,7,8],"texture":"#0"},"east":{"uv":[4,5,5,8],"texture":"#0"},"south":{"uv":[8,5,10,8],"texture":"#0"},"west":{"uv":[7,5,8,8],"texture":"#0"},"up":{"uv":[7,5,5,4],"texture":"#0"},"down":{"uv":[9,4,7,5],"texture":"#0"}}},{"from":[-11,6,7.25],"to":[-9,12,9.25],"rotation":{"angle":0,"axis":"z","origin":[0,-7,1]},"faces":{"north":{"uv":[11,5,12,8],"texture":"#0"},"east":{"uv":[10,5,11,8],"texture":"#0"},"south":{"uv":[13,5,14,8],"texture":"#0"},"west":{"uv":[12,5,13,8],"texture":"#0"},"up":{"uv":[12,5,11,4],"texture":"#0"},"down":{"uv":[13,4,12,5],"texture":"#0"}}},{"from":[-11.1,5.9,7.15],"to":[-8.9,12.1,9.35],"rotation":{"angle":0,"axis":"z","origin":[0,-7,1]},"faces":{"north":{"uv":[13,13,14,16],"texture":"#0"},"east":{"uv":[12,13,13,16],"texture":"#0"},"south":{"uv":[15,13,16,16],"texture":"#0"},"west":{"uv":[14,13,15,16],"texture":"#0"},"up":{"uv":[14,13,13,12],"texture":"#0"},"down":{"uv":[15,12,14,13],"texture":"#0"}}},{"from":[-5.1,6.9,-0.35],"to":[-2.9,13.1,1.85],"rotation":{"angle":22.5,"axis":"x","origin":[0,-7,1]},"faces":{"north":{"uv":[13,9,14,12],"texture":"#0"},"east":{"uv":[12,9,13,12],"texture":"#0"},"south":{"uv":[11,9,12,12],"texture":"#0"},"west":{"uv":[10,9,11,12],"texture":"#0"},"up":{"uv":[12,9,11,8],"rotation":180,"texture":"#0"},"down":{"uv":[13,8,12,9],"rotation":180,"texture":"#0"}}},{"from":[-5,7,-0.25],"to":[-3,13,1.75],"rotation":{"angle":22.5,"axis":"x","origin":[0,-7,1]},"faces":{"north":{"uv":[13,5,14,8],"texture":"#0"},"east":{"uv":[12,5,13,8],"texture":"#0"},"south":{"uv":[11,5,12,8],"texture":"#0"},"west":{"uv":[10,5,11,8],"texture":"#0"},"up":{"uv":[12,5,11,4],"rotation":180,"texture":"#0"},"down":{"uv":[13,4,12,5],"rotation":180,"texture":"#0"}}},{"from":[-7,0,7.25],"to":[-5,6,9.25],"faces":{"north":{"uv":[1,5,2,8],"texture":"#0"},"east":{"uv":[0,5,1,8],"texture":"#0"},"south":{"uv":[3,5,4,8],"texture":"#0"},"west":{"uv":[2,5,3,8],"texture":"#0"},"up":{"uv":[2,5,1,4],"texture":"#0"},"down":{"uv":[3,4,2,5],"texture":"#0"}}},{"from":[-9,-3.25,9],"to":[-7,2.75,11],"rotation":{"angle":-22.5,"axis":"x","origin":[0,0,0]},"faces":{"north":{"uv":[1,5,2,8],"texture":"#0"},"east":{"uv":[0,5,1,8],"texture":"#0"},"south":{"uv":[3,5,4,8],"texture":"#0"},"west":{"uv":[2,5,3,8],"texture":"#0"},"up":{"uv":[2,5,1,4],"texture":"#0"},"down":{"uv":[3,4,2,5],"texture":"#0"}}},{"from":[21,12,5.25],"to":[27,18,11.25],"rotation":{"angle":0,"axis":"y","origin":[0,-4,1]},"faces":{"north":{"uv":[2,2,4,4],"texture":"#1"},"east":{"uv":[0,2,2,4],"texture":"#1"},"south":{"uv":[6,2,8,4],"texture":"#1"},"west":{"uv":[4,2,6,4],"texture":"#1"},"up":{"uv":[4,2,2,0],"texture":"#1"},"down":{"uv":[6,0,4,2],"texture":"#1"}}},{"from":[22,6,7.25],"to":[26,12,9.25],"rotation":{"angle":0,"axis":"z","origin":[0,-4,1]},"faces":{"north":{"uv":[5,5,7,8],"texture":"#1"},"east":{"uv":[4,5,5,8],"texture":"#1"},"south":{"uv":[8,5,10,8],"texture":"#1"},"west":{"uv":[7,5,8,8],"texture":"#1"},"up":{"uv":[7,5,5,4],"texture":"#1"},"down":{"uv":[9,4,7,5],"texture":"#1"}}},{"from":[20.5,7,-0.25],"to":[22,13,1.75],"rotation":{"angle":22.5,"axis":"x","origin":[0,-7,1]},"faces":{"north":{"uv":[11.75,5,11,8],"texture":"#1"},"east":{"uv":[10,5,11,8],"texture":"#1"},"south":{"uv":[13.5,5,12.75,8],"texture":"#1"},"west":{"uv":[11.75,5,12.75,8],"texture":"#1"},"up":{"uv":[11.75,5,11,4],"texture":"#1"},"down":{"uv":[12.5,4,11.75,5],"texture":"#1"}}},{"from":[20.4,6.9,-0.35],"to":[22.1,13.1,1.85],"rotation":{"angle":22.5,"axis":"x","origin":[0,-7,1]},"faces":{"north":{"uv":[12.5,13,13.25,16],"texture":"#1"},"east":{"uv":[11.5,13,12.5,16],"texture":"#1"},"south":{"uv":[14.25,13,15,16],"texture":"#1"},"west":{"uv":[13.25,13,14.25,16],"texture":"#1"},"up":{"uv":[13.25,13,12.5,12],"texture":"#1"},"down":{"uv":[14,12,13.25,13],"texture":"#1"}}},{"from":[26,6,7.25],"to":[27.5,12,9.25],"rotation":{"angle":0,"axis":"z","origin":[0,-7,1]},"faces":{"north":{"uv":[13.5,5,12.75,8],"texture":"#1"},"east":{"uv":[11.75,5,12.75,8],"texture":"#1"},"south":{"uv":[11.75,5,11,8],"texture":"#1"},"west":{"uv":[10,5,11,8],"texture":"#1"},"up":{"uv":[11.75,5,11,4],"rotation":180,"texture":"#1"},"down":{"uv":[12.5,4,11.75,5],"rotation":180,"texture":"#1"}}},{"from":[25.9,5.9,7.15],"to":[27.6,12.1,9.35],"rotation":{"angle":0,"axis":"z","origin":[0,-7,1]},"faces":{"north":{"uv":[13.5,9,12.75,12],"texture":"#1"},"east":{"uv":[10,9,11,12],"texture":"#1"},"south":{"uv":[11.75,9,11,12],"texture":"#1"},"west":{"uv":[11.75,9,12.75,12],"texture":"#1"},"up":{"uv":[11.75,9,11,8],"rotation":180,"texture":"#1"},"down":{"uv":[12.5,8,11.75,9],"rotation":180,"texture":"#1"}}},{"from":[23.75,5.5,-10.75],"to":[31.75,11.5,-10.75],"rotation":{"angle":-45,"axis":"y","origin":[0,-1,0.25]},"faces":{"north":{"uv":[8,11,12,13.5],"texture":"#2"},"east":{"uv":[0,0,0.25,0.25],"texture":"#2"},"south":{"uv":[12,11,8,13.5],"texture":"#2"},"west":{"uv":[0,0,0.25,0.25],"texture":"#2"},"up":{"uv":[0,0,0.25,0.25],"texture":"#2"},"down":{"uv":[0,0,0.25,0.25],"texture":"#2"}}},{"from":[1.25,5.5,23.25],"to":[10.25,11.5,23.25],"rotation":{"angle":45,"axis":"y","origin":[0,-1,0.25]},"faces":{"north":{"uv":[12,11,8,13.5],"texture":"#2"},"east":{"uv":[0,0,0.25,0.25],"texture":"#2"},"south":{"uv":[8,11,12,13.5],"texture":"#2"},"west":{"uv":[0,0,0.25,0.25],"texture":"#2"},"up":{"uv":[0,0,0.25,0.25],"texture":"#2"},"down":{"uv":[0,0,0.25,0.25],"texture":"#2"}}},{"from":[22.5,19,6],"to":[25.5,19,6.75],"rotation":{"angle":0,"axis":"y","origin":[0,-4,1]},"faces":{"north":{"uv":[2,2,4,4],"texture":"#2"},"east":{"uv":[0,2,2,4],"texture":"#2"},"south":{"uv":[6,2,8,4],"texture":"#2"},"west":{"uv":[4,2,6,4],"texture":"#2"},"up":{"uv":[5,0.5,2.5,0],"texture":"#2"},"down":{"uv":[5,0,2.5,0.5],"texture":"#2"}}},{"from":[22.5,19,9.75],"to":[25.5,19,10.5],"rotation":{"angle":0,"axis":"y","origin":[0,-4,1]},"faces":{"north":{"uv":[2,2,4,4],"texture":"#2"},"east":{"uv":[0,2,2,4],"texture":"#2"},"south":{"uv":[6,2,8,4],"texture":"#2"},"west":{"uv":[4,2,6,4],"texture":"#2"},"up":{"uv":[5,0.5,2.5,0],"texture":"#2"},"down":{"uv":[5,0,2.5,0.5],"texture":"#2"}}},{"from":[21.75,19,6.75],"to":[22.5,19,9.75],"rotation":{"angle":0,"axis":"y","origin":[0,-4,1]},"faces":{"north":{"uv":[4,2,6,4],"texture":"#2"},"east":{"uv":[2,2,4,4],"texture":"#2"},"south":{"uv":[0,2,2,4],"texture":"#2"},"west":{"uv":[6,2,8,4],"texture":"#2"},"up":{"uv":[5,0.5,2.5,0],"rotation":90,"texture":"#2"},"down":{"uv":[5,0,2.5,0.5],"rotation":270,"texture":"#2"}}},{"from":[25.5,19,6.75],"to":[26.25,19,9.75],"rotation":{"angle":0,"axis":"y","origin":[0,-4,1]},"faces":{"north":{"uv":[4,2,6,4],"texture":"#2"},"east":{"uv":[2,2,4,4],"texture":"#2"},"south":{"uv":[0,2,2,4],"texture":"#2"},"west":{"uv":[6,2,8,4],"texture":"#2"},"up":{"uv":[5,0.5,2.5,0],"rotation":90,"texture":"#2"},"down":{"uv":[5,0,2.5,0.5],"rotation":270,"texture":"#2"}}},{"from":[22,-3,9],"to":[24,3,11],"rotation":{"angle":-22.5,"axis":"x","origin":[0,0,0]},"faces":{"north":{"uv":[1,5,2,8],"texture":"#1"},"east":{"uv":[0,5,1,8],"texture":"#1"},"south":{"uv":[3,5,4,8],"texture":"#1"},"west":{"uv":[2,5,3,8],"texture":"#1"},"up":{"uv":[2,5,1,4],"texture":"#1"},"down":{"uv":[3,4,2,5],"texture":"#1"}}},{"from":[24,-3.75,9.25],"to":[26,2.25,11.25],"rotation":{"angle":-22.5,"axis":"x","origin":[0,0,0]},"faces":{"north":{"uv":[1,5,2,8],"texture":"#1"},"east":{"uv":[0,5,1,8],"texture":"#1"},"south":{"uv":[3,5,4,8],"texture":"#1"},"west":{"uv":[2,5,3,8],"texture":"#1"},"up":{"uv":[2,5,1,4],"texture":"#1"},"down":{"uv":[3,4,2,5],"texture":"#1"}}},{"from":[-11,12.25,12.25],"to":[-10,15.25,13.25],"rotation":{"angle":-22.5,"axis":"x","origin":[0,0,0]},"faces":{"north":{"uv":[5.75,0.5,6,2],"texture":"#3"},"east":{"uv":[5.5,0.5,5.75,2],"texture":"#3"},"south":{"uv":[6.25,0.5,6.5,2],"texture":"#3"},"west":{"uv":[6,0.5,6.25,2],"texture":"#3"},"up":{"uv":[5.75,0,6,0.5],"texture":"#3"},"down":{"uv":[6,0,6.25,0.5],"texture":"#3"}}},{"from":[-4,12.25,12.25],"to":[-3,15.25,13.25],"rotation":{"angle":-22.5,"axis":"x","origin":[0,0,0]},"faces":{"north":{"uv":[5.75,0.5,6,2],"texture":"#3"},"east":{"uv":[5.5,0.5,5.75,2],"texture":"#3"},"south":{"uv":[6.25,0.5,6.5,2],"texture":"#3"},"west":{"uv":[6,0.5,6.25,2],"texture":"#3"},"up":{"uv":[5.75,0,6,0.5],"texture":"#3"},"down":{"uv":[6,0,6.25,0.5],"texture":"#3"}}}]}