{"display":{"thirdperson_righthand":{"rotation":[75,45,0],"translation":[0,1,0],"scale":[0.375,0.375,0.375]},"thirdperson_lefthand":{"rotation":[75,45,0],"translation":[0,1,0],"scale":[0.375,0.375,0.375]},"firstperson_righthand":{"rotation":[0,45,0],"scale":[0.4,0.4,0.4]},"firstperson_lefthand":{"rotation":[0,45,0],"scale":[0.4,0.4,0.4]},"ground":{"translation":[0,3,0],"scale":[0.25,0.25,0.25]},"gui":{"rotation":[30,225,0],"translation":[-3.4,0,0],"scale":[0.625,0.625,0.625]},"head":{"translation":[0,19,-3],"scale":[1.5,1.5,1.5]},"fixed":{"scale":[0.5,0.5,0.5]}},"texture_size":[64,64],"textures":{"0":"pets/animation/llama_anim1_pet","1":"pets/animation/llama_anim2_pet","2":"pets/animation/llama_anim3_pet","3":"pets/animation/llama_anim4_pet","4":"pets/animation/llama_anim5_pet","5":"pets/animation/llama_anim6_pet","6":"pets/animation/llama_anim7_pet","7":"pets/animation/llama_anim8_pet"},"elements":[{"from":[8.75,16,3.75],"to":[11,18.25,5.5],"faces":{"north":{"uv":[5,1.25,5.75,2],"texture":"#0"},"east":{"uv":[4.5,1.25,5,2],"texture":"#0"},"south":{"uv":[6.25,1.25,7,2],"texture":"#0"},"west":{"uv":[5.75,1.25,6.25,2],"texture":"#0"},"up":{"uv":[5.75,1.25,5,0.75],"texture":"#0"},"down":{"uv":[6.5,0.75,5.75,1.25],"texture":"#0"}}},{"from":[5,16,3.75],"to":[7.25,18.25,5.5],"faces":{"north":{"uv":[5,1.25,5.75,2],"texture":"#0"},"east":{"uv":[4.5,1.25,5,2],"texture":"#0"},"south":{"uv":[6.25,1.25,7,2],"texture":"#0"},"west":{"uv":[5.75,1.25,6.25,2],"texture":"#0"},"up":{"uv":[5.75,1.25,5,0.75],"texture":"#0"},"down":{"uv":[6.5,0.75,5.75,1.25],"texture":"#0"}}},{"from":[4.5,3,5.5],"to":[11.5,7.5,14],"faces":{"north":{"uv":[5.5,11.5,2.5,9],"rotation":180,"texture":"#0"},"east":{"uv":[0,11.5,2.5,16],"rotation":90,"texture":"#0"},"south":{"uv":[8.5,9,5.5,11.5],"texture":"#0"},"west":{"uv":[5.5,11.5,8,16],"rotation":270,"texture":"#0"},"up":{"uv":[8,11.5,11,16],"texture":"#0"},"down":{"uv":[2.5,11.5,5.5,16],"rotation":180,"texture":"#0"}}},{"from":[5,4,2],"to":[11,16,7],"faces":{"north":{"uv":[1.5,3.5,3.5,8],"texture":"#0"},"east":{"uv":[0,3.5,1.5,8],"texture":"#0"},"south":{"uv":[5,3.5,7,8],"texture":"#0"},"west":{"uv":[3.5,3.5,5,8],"texture":"#0"},"up":{"uv":[3.5,3.5,1.5,2],"texture":"#0"},"down":{"uv":[5.5,2,3.5,3.5],"texture":"#0"}}},{"from":[6.5,11.4,-1.5],"to":[9.5,14.65,2],"faces":{"north":{"uv":[1.25,1,2.25,2],"texture":"#0"},"east":{"uv":[0,1,1.25,2],"texture":"#0"},"south":{"uv":[3.5,1,4.5,2],"texture":"#0"},"west":{"uv":[2.25,1,3.5,2],"texture":"#0"},"up":{"uv":[2.25,1,1.25,0],"texture":"#0"},"down":{"uv":[3.25,0,2.25,1],"texture":"#0"}}},{"from":[9,0,6],"to":[11,3,8],"faces":{"north":{"uv":[8,5.5,9,9],"texture":"#0"},"east":{"uv":[7,5.5,8,9],"texture":"#0"},"south":{"uv":[10,5.5,11,9],"texture":"#0"},"west":{"uv":[9,5.5,10,9],"texture":"#0"},"up":{"uv":[9,5.5,8,4.5],"texture":"#0"},"down":{"uv":[10,4.5,9,5.5],"texture":"#0"}}},{"from":[5,0,11],"to":[7,3,13],"faces":{"north":{"uv":[8,5.5,9,9],"texture":"#0"},"east":{"uv":[7,5.5,8,9],"texture":"#0"},"south":{"uv":[10,5.5,11,9],"texture":"#0"},"west":{"uv":[9,5.5,10,9],"texture":"#0"},"up":{"uv":[9,5.5,8,4.5],"texture":"#0"},"down":{"uv":[10,4.5,9,5.5],"texture":"#0"}}},{"from":[5,0,6],"to":[7,3,8],"faces":{"north":{"uv":[8,5.5,9,9],"texture":"#0"},"east":{"uv":[7,5.5,8,9],"texture":"#0"},"south":{"uv":[10,5.5,11,9],"texture":"#0"},"west":{"uv":[9,5.5,10,9],"texture":"#0"},"up":{"uv":[9,5.5,8,4.5],"texture":"#0"},"down":{"uv":[10,4.5,9,5.5],"texture":"#0"}}},{"from":[9,0,11],"to":[11,3,13],"faces":{"north":{"uv":[8,5.5,9,9],"texture":"#0"},"east":{"uv":[7,5.5,8,9],"texture":"#0"},"south":{"uv":[10,5.5,11,9],"texture":"#0"},"west":{"uv":[9,5.5,10,9],"texture":"#0"},"up":{"uv":[9,5.5,8,4.5],"texture":"#0"},"down":{"uv":[10,4.5,9,5.5],"texture":"#0"}}},{"from":[8.75,18,0.75],"to":[11,20.25,2.5],"rotation":{"angle":22.5,"axis":"x","origin":[0,0,0]},"faces":{"north":{"uv":[5,1.25,5.75,2],"texture":"#1"},"east":{"uv":[4.5,1.25,5,2],"texture":"#1"},"south":{"uv":[6.25,1.25,7,2],"texture":"#1"},"west":{"uv":[5.75,1.25,6.25,2],"texture":"#1"},"up":{"uv":[5.75,1.25,5,0.75],"texture":"#1"},"down":{"uv":[6.5,0.75,5.75,1.25],"texture":"#1"}}},{"from":[5,18,0.75],"to":[7.25,20.25,2.5],"rotation":{"angle":22.5,"axis":"x","origin":[0,0,0]},"faces":{"north":{"uv":[5,1.25,5.75,2],"texture":"#1"},"east":{"uv":[4.5,1.25,5,2],"texture":"#1"},"south":{"uv":[6.25,1.25,7,2],"texture":"#1"},"west":{"uv":[5.75,1.25,6.25,2],"texture":"#1"},"up":{"uv":[5.75,1.25,5,0.75],"texture":"#1"},"down":{"uv":[6.5,0.75,5.75,1.25],"texture":"#1"}}},{"from":[5,6,-1],"to":[11,18,4],"rotation":{"angle":22.5,"axis":"x","origin":[0,0,0]},"faces":{"north":{"uv":[1.5,3.5,3.5,8],"texture":"#1"},"east":{"uv":[0,3.5,1.5,8],"texture":"#1"},"south":{"uv":[5,3.5,7,8],"texture":"#1"},"west":{"uv":[3.5,3.5,5,8],"texture":"#1"},"up":{"uv":[3.5,3.5,1.5,2],"texture":"#1"},"down":{"uv":[5.5,2,3.5,3.5],"texture":"#1"}}},{"from":[6.5,13.4,-4.5],"to":[9.5,16.65,-1],"rotation":{"angle":22.5,"axis":"x","origin":[0,0,0]},"faces":{"north":{"uv":[1.25,1,2.25,2],"texture":"#1"},"east":{"uv":[0,1,1.25,2],"texture":"#1"},"south":{"uv":[3.5,1,4.5,2],"texture":"#1"},"west":{"uv":[2.25,1,3.5,2],"texture":"#1"},"up":{"uv":[2.25,1,1.25,0],"texture":"#1"},"down":{"uv":[3.25,0,2.25,1],"texture":"#1"}}},{"from":[4.5,3,5.5],"to":[11.5,7.5,14],"faces":{"north":{"uv":[5.5,11.5,2.5,9],"rotation":180,"texture":"#1"},"east":{"uv":[0,11.5,2.5,16],"rotation":90,"texture":"#1"},"south":{"uv":[8.5,9,5.5,11.5],"texture":"#1"},"west":{"uv":[5.5,11.5,8,16],"rotation":270,"texture":"#1"},"up":{"uv":[8,11.5,11,16],"texture":"#1"},"down":{"uv":[2.5,11.5,5.5,16],"rotation":180,"texture":"#1"}}},{"from":[9,0,6],"to":[11,3,8],"faces":{"north":{"uv":[8,5.5,9,9],"texture":"#1"},"east":{"uv":[7,5.5,8,9],"texture":"#1"},"south":{"uv":[10,5.5,11,9],"texture":"#1"},"west":{"uv":[9,5.5,10,9],"texture":"#1"},"up":{"uv":[9,5.5,8,4.5],"texture":"#1"},"down":{"uv":[10,4.5,9,5.5],"texture":"#1"}}},{"from":[5,0,11],"to":[7,3,13],"faces":{"north":{"uv":[8,5.5,9,9],"texture":"#1"},"east":{"uv":[7,5.5,8,9],"texture":"#1"},"south":{"uv":[10,5.5,11,9],"texture":"#1"},"west":{"uv":[9,5.5,10,9],"texture":"#1"},"up":{"uv":[9,5.5,8,4.5],"texture":"#1"},"down":{"uv":[10,4.5,9,5.5],"texture":"#1"}}},{"from":[5,0,6],"to":[7,3,8],"faces":{"north":{"uv":[8,5.5,9,9],"texture":"#1"},"east":{"uv":[7,5.5,8,9],"texture":"#1"},"south":{"uv":[10,5.5,11,9],"texture":"#1"},"west":{"uv":[9,5.5,10,9],"texture":"#1"},"up":{"uv":[9,5.5,8,4.5],"texture":"#1"},"down":{"uv":[10,4.5,9,5.5],"texture":"#1"}}},{"from":[9,0,11],"to":[11,3,13],"faces":{"north":{"uv":[8,5.5,9,9],"texture":"#1"},"east":{"uv":[7,5.5,8,9],"texture":"#1"},"south":{"uv":[10,5.5,11,9],"texture":"#1"},"west":{"uv":[9,5.5,10,9],"texture":"#1"},"up":{"uv":[9,5.5,8,4.5],"texture":"#1"},"down":{"uv":[10,4.5,9,5.5],"texture":"#1"}}},{"from":[8.75,16,3.75],"to":[11,18.25,5.5],"faces":{"north":{"uv":[5,1.25,5.75,2],"texture":"#2"},"east":{"uv":[4.5,1.25,5,2],"texture":"#2"},"south":{"uv":[6.25,1.25,7,2],"texture":"#2"},"west":{"uv":[5.75,1.25,6.25,2],"texture":"#2"},"up":{"uv":[5.75,1.25,5,0.75],"texture":"#2"},"down":{"uv":[6.5,0.75,5.75,1.25],"texture":"#2"}}},{"from":[5,16,3.75],"to":[7.25,18.25,5.5],"faces":{"north":{"uv":[5,1.25,5.75,2],"texture":"#2"},"east":{"uv":[4.5,1.25,5,2],"texture":"#2"},"south":{"uv":[6.25,1.25,7,2],"texture":"#2"},"west":{"uv":[5.75,1.25,6.25,2],"texture":"#2"},"up":{"uv":[5.75,1.25,5,0.75],"texture":"#2"},"down":{"uv":[6.5,0.75,5.75,1.25],"texture":"#2"}}},{"from":[4.5,3,5.5],"to":[11.5,7.5,14],"faces":{"north":{"uv":[5.5,11.5,2.5,9],"rotation":180,"texture":"#2"},"east":{"uv":[0,11.5,2.5,16],"rotation":90,"texture":"#2"},"south":{"uv":[8.5,9,5.5,11.5],"texture":"#2"},"west":{"uv":[5.5,11.5,8,16],"rotation":270,"texture":"#2"},"up":{"uv":[8,11.5,11,16],"texture":"#2"},"down":{"uv":[2.5,11.5,5.5,16],"rotation":180,"texture":"#2"}}},{"from":[5,4,2],"to":[11,16,7],"faces":{"north":{"uv":[1.5,3.5,3.5,8],"texture":"#2"},"east":{"uv":[0,3.5,1.5,8],"texture":"#2"},"south":{"uv":[5,3.5,7,8],"texture":"#2"},"west":{"uv":[3.5,3.5,5,8],"texture":"#2"},"up":{"uv":[3.5,3.5,1.5,2],"texture":"#2"},"down":{"uv":[5.5,2,3.5,3.5],"texture":"#2"}}},{"from":[6.5,11.4,-1.5],"to":[9.5,14.65,2],"faces":{"north":{"uv":[1.25,1,2.25,2],"texture":"#2"},"east":{"uv":[0,1,1.25,2],"texture":"#2"},"south":{"uv":[3.5,1,4.5,2],"texture":"#2"},"west":{"uv":[2.25,1,3.5,2],"texture":"#2"},"up":{"uv":[2.25,1,1.25,0],"texture":"#2"},"down":{"uv":[3.25,0,2.25,1],"texture":"#2"}}},{"from":[9,0,6],"to":[11,3,8],"faces":{"north":{"uv":[8,5.5,9,9],"texture":"#2"},"east":{"uv":[7,5.5,8,9],"texture":"#2"},"south":{"uv":[10,5.5,11,9],"texture":"#2"},"west":{"uv":[9,5.5,10,9],"texture":"#2"},"up":{"uv":[9,5.5,8,4.5],"texture":"#2"},"down":{"uv":[10,4.5,9,5.5],"texture":"#2"}}},{"from":[5,0,11],"to":[7,3,13],"faces":{"north":{"uv":[8,5.5,9,9],"texture":"#2"},"east":{"uv":[7,5.5,8,9],"texture":"#2"},"south":{"uv":[10,5.5,11,9],"texture":"#2"},"west":{"uv":[9,5.5,10,9],"texture":"#2"},"up":{"uv":[9,5.5,8,4.5],"texture":"#2"},"down":{"uv":[10,4.5,9,5.5],"texture":"#2"}}},{"from":[5,0,6],"to":[7,3,8],"faces":{"north":{"uv":[8,5.5,9,9],"texture":"#2"},"east":{"uv":[7,5.5,8,9],"texture":"#2"},"south":{"uv":[10,5.5,11,9],"texture":"#2"},"west":{"uv":[9,5.5,10,9],"texture":"#2"},"up":{"uv":[9,5.5,8,4.5],"texture":"#2"},"down":{"uv":[10,4.5,9,5.5],"texture":"#2"}}},{"from":[9,0,11],"to":[11,3,13],"faces":{"north":{"uv":[8,5.5,9,9],"texture":"#2"},"east":{"uv":[7,5.5,8,9],"texture":"#2"},"south":{"uv":[10,5.5,11,9],"texture":"#2"},"west":{"uv":[9,5.5,10,9],"texture":"#2"},"up":{"uv":[9,5.5,8,4.5],"texture":"#2"},"down":{"uv":[10,4.5,9,5.5],"texture":"#2"}}},{"from":[7,13,-5],"to":[8,14,-4],"faces":{"north":{"uv":[9,0.5,9.5,1],"texture":"#2"},"east":{"uv":[8.5,0.5,9,1],"texture":"#2"},"south":{"uv":[8,0.5,8.5,1],"texture":"#2"},"west":{"uv":[9.5,0.5,10,1],"texture":"#2"},"up":{"uv":[9,0.5,8.5,0],"rotation":90,"texture":"#2"},"down":{"uv":[9.5,0,9,0.5],"rotation":270,"texture":"#2"}}},{"from":[7,12,-5],"to":[8,13,-4],"faces":{"north":{"uv":[9,0.5,9.5,1],"texture":"#2"},"east":{"uv":[8.5,0.5,9,1],"texture":"#2"},"south":{"uv":[8,0.5,8.5,1],"texture":"#2"},"west":{"uv":[9.5,0.5,10,1],"texture":"#2"},"up":{"uv":[9,0.5,8.5,0],"rotation":90,"texture":"#2"},"down":{"uv":[9.5,0,9,0.5],"rotation":270,"texture":"#2"}}},{"from":[7,10,-5],"to":[8,11,-4],"faces":{"north":{"uv":[9,0.5,9.5,1],"texture":"#2"},"east":{"uv":[8.5,0.5,9,1],"texture":"#2"},"south":{"uv":[8,0.5,8.5,1],"texture":"#2"},"west":{"uv":[9.5,0.5,10,1],"texture":"#2"},"up":{"uv":[9,0.5,8.5,0],"rotation":90,"texture":"#2"},"down":{"uv":[9.5,0,9,0.5],"rotation":270,"texture":"#2"}}},{"from":[9,12,-5],"to":[10,13,-4],"faces":{"north":{"uv":[9,0.5,9.5,1],"texture":"#2"},"east":{"uv":[8.5,0.5,9,1],"texture":"#2"},"south":{"uv":[8,0.5,8.5,1],"texture":"#2"},"west":{"uv":[9.5,0.5,10,1],"texture":"#2"},"up":{"uv":[9,0.5,8.5,0],"rotation":90,"texture":"#2"},"down":{"uv":[9.5,0,9,0.5],"rotation":270,"texture":"#2"}}},{"from":[7,12,-3],"to":[8,13,-2],"faces":{"north":{"uv":[9,0.5,9.5,1],"texture":"#2"},"east":{"uv":[8.5,0.5,9,1],"texture":"#2"},"south":{"uv":[8,0.5,8.5,1],"texture":"#2"},"west":{"uv":[9.5,0.5,10,1],"texture":"#2"},"up":{"uv":[9,0.5,8.5,0],"rotation":90,"texture":"#2"},"down":{"uv":[9.5,0,9,0.5],"rotation":270,"texture":"#2"}}},{"from":[7,12,-6],"to":[8,13,-5],"faces":{"north":{"uv":[9,0.5,9.5,1],"texture":"#2"},"east":{"uv":[8.5,0.5,9,1],"texture":"#2"},"south":{"uv":[8,0.5,8.5,1],"texture":"#2"},"west":{"uv":[9.5,0.5,10,1],"texture":"#2"},"up":{"uv":[9,0.5,8.5,0],"rotation":90,"texture":"#2"},"down":{"uv":[9.5,0,9,0.5],"rotation":270,"texture":"#2"}}},{"from":[6,12,-5],"to":[7,13,-4],"faces":{"north":{"uv":[9,0.5,9.5,1],"texture":"#2"},"east":{"uv":[8.5,0.5,9,1],"texture":"#2"},"south":{"uv":[8,0.5,8.5,1],"texture":"#2"},"west":{"uv":[9.5,0.5,10,1],"texture":"#2"},"up":{"uv":[9,0.5,8.5,0],"rotation":90,"texture":"#2"},"down":{"uv":[9.5,0,9,0.5],"rotation":270,"texture":"#2"}}},{"from":[8.75,16,3.75],"to":[11,18.25,5.5],"faces":{"north":{"uv":[5,1.25,5.75,2],"texture":"#3"},"east":{"uv":[4.5,1.25,5,2],"texture":"#3"},"south":{"uv":[6.25,1.25,7,2],"texture":"#3"},"west":{"uv":[5.75,1.25,6.25,2],"texture":"#3"},"up":{"uv":[5.75,1.25,5,0.75],"texture":"#3"},"down":{"uv":[6.5,0.75,5.75,1.25],"texture":"#3"}}},{"from":[5,16,3.75],"to":[7.25,18.25,5.5],"faces":{"north":{"uv":[5,1.25,5.75,2],"texture":"#3"},"east":{"uv":[4.5,1.25,5,2],"texture":"#3"},"south":{"uv":[6.25,1.25,7,2],"texture":"#3"},"west":{"uv":[5.75,1.25,6.25,2],"texture":"#3"},"up":{"uv":[5.75,1.25,5,0.75],"texture":"#3"},"down":{"uv":[6.5,0.75,5.75,1.25],"texture":"#3"}}},{"from":[4.5,3,5.5],"to":[11.5,7.5,14],"faces":{"north":{"uv":[5.5,11.5,2.5,9],"rotation":180,"texture":"#3"},"east":{"uv":[0,11.5,2.5,16],"rotation":90,"texture":"#3"},"south":{"uv":[8.5,9,5.5,11.5],"texture":"#3"},"west":{"uv":[5.5,11.5,8,16],"rotation":270,"texture":"#3"},"up":{"uv":[8,11.5,11,16],"texture":"#3"},"down":{"uv":[2.5,11.5,5.5,16],"rotation":180,"texture":"#3"}}},{"from":[5,4,2],"to":[11,16,7],"faces":{"north":{"uv":[1.5,3.5,3.5,8],"texture":"#3"},"east":{"uv":[0,3.5,1.5,8],"texture":"#3"},"south":{"uv":[5,3.5,7,8],"texture":"#3"},"west":{"uv":[3.5,3.5,5,8],"texture":"#3"},"up":{"uv":[3.5,3.5,1.5,2],"texture":"#3"},"down":{"uv":[5.5,2,3.5,3.5],"texture":"#3"}}},{"from":[6.5,11.4,-1.5],"to":[9.5,14.65,2],"faces":{"north":{"uv":[1.25,1,2.25,2],"texture":"#3"},"east":{"uv":[0,1,1.25,2],"texture":"#3"},"south":{"uv":[3.5,1,4.5,2],"texture":"#3"},"west":{"uv":[2.25,1,3.5,2],"texture":"#3"},"up":{"uv":[2.25,1,1.25,0],"texture":"#3"},"down":{"uv":[3.25,0,2.25,1],"texture":"#3"}}},{"from":[9,0,6],"to":[11,3,8],"faces":{"north":{"uv":[8,5.5,9,9],"texture":"#3"},"east":{"uv":[7,5.5,8,9],"texture":"#3"},"south":{"uv":[10,5.5,11,9],"texture":"#3"},"west":{"uv":[9,5.5,10,9],"texture":"#3"},"up":{"uv":[9,5.5,8,4.5],"texture":"#3"},"down":{"uv":[10,4.5,9,5.5],"texture":"#3"}}},{"from":[5,0,11],"to":[7,3,13],"faces":{"north":{"uv":[8,5.5,9,9],"texture":"#3"},"east":{"uv":[7,5.5,8,9],"texture":"#3"},"south":{"uv":[10,5.5,11,9],"texture":"#3"},"west":{"uv":[9,5.5,10,9],"texture":"#3"},"up":{"uv":[9,5.5,8,4.5],"texture":"#3"},"down":{"uv":[10,4.5,9,5.5],"texture":"#3"}}},{"from":[5,0,6],"to":[7,3,8],"faces":{"north":{"uv":[8,5.5,9,9],"texture":"#3"},"east":{"uv":[7,5.5,8,9],"texture":"#3"},"south":{"uv":[10,5.5,11,9],"texture":"#3"},"west":{"uv":[9,5.5,10,9],"texture":"#3"},"up":{"uv":[9,5.5,8,4.5],"texture":"#3"},"down":{"uv":[10,4.5,9,5.5],"texture":"#3"}}},{"from":[9,0,11],"to":[11,3,13],"faces":{"north":{"uv":[8,5.5,9,9],"texture":"#3"},"east":{"uv":[7,5.5,8,9],"texture":"#3"},"south":{"uv":[10,5.5,11,9],"texture":"#3"},"west":{"uv":[9,5.5,10,9],"texture":"#3"},"up":{"uv":[9,5.5,8,4.5],"texture":"#3"},"down":{"uv":[10,4.5,9,5.5],"texture":"#3"}}},{"from":[7,14,-9],"to":[8,15,-8],"faces":{"north":{"uv":[9,0.5,9.5,1],"texture":"#3"},"east":{"uv":[8.5,0.5,9,1],"texture":"#3"},"south":{"uv":[8,0.5,8.5,1],"texture":"#3"},"west":{"uv":[9.5,0.5,10,1],"texture":"#3"},"up":{"uv":[9,0.5,8.5,0],"rotation":90,"texture":"#3"},"down":{"uv":[9.5,0,9,0.5],"rotation":270,"texture":"#3"}}},{"from":[7,13,-9],"to":[8,14,-8],"faces":{"north":{"uv":[9,0.5,9.5,1],"texture":"#3"},"east":{"uv":[8.5,0.5,9,1],"texture":"#3"},"south":{"uv":[8,0.5,8.5,1],"texture":"#3"},"west":{"uv":[9.5,0.5,10,1],"texture":"#3"},"up":{"uv":[9,0.5,8.5,0],"rotation":90,"texture":"#3"},"down":{"uv":[9.5,0,9,0.5],"rotation":270,"texture":"#3"}}},{"from":[7,11,-9],"to":[8,12,-8],"faces":{"north":{"uv":[9,0.5,9.5,1],"texture":"#3"},"east":{"uv":[8.5,0.5,9,1],"texture":"#3"},"south":{"uv":[8,0.5,8.5,1],"texture":"#3"},"west":{"uv":[9.5,0.5,10,1],"texture":"#3"},"up":{"uv":[9,0.5,8.5,0],"rotation":90,"texture":"#3"},"down":{"uv":[9.5,0,9,0.5],"rotation":270,"texture":"#3"}}},{"from":[9,13,-9],"to":[10,14,-8],"faces":{"north":{"uv":[9,0.5,9.5,1],"texture":"#3"},"east":{"uv":[8.5,0.5,9,1],"texture":"#3"},"south":{"uv":[8,0.5,8.5,1],"texture":"#3"},"west":{"uv":[9.5,0.5,10,1],"texture":"#3"},"up":{"uv":[9,0.5,8.5,0],"rotation":90,"texture":"#3"},"down":{"uv":[9.5,0,9,0.5],"rotation":270,"texture":"#3"}}},{"from":[7,13,-7],"to":[8,14,-6],"faces":{"north":{"uv":[9,0.5,9.5,1],"texture":"#3"},"east":{"uv":[8.5,0.5,9,1],"texture":"#3"},"south":{"uv":[8,0.5,8.5,1],"texture":"#3"},"west":{"uv":[9.5,0.5,10,1],"texture":"#3"},"up":{"uv":[9,0.5,8.5,0],"rotation":90,"texture":"#3"},"down":{"uv":[9.5,0,9,0.5],"rotation":270,"texture":"#3"}}},{"from":[7,13,-10],"to":[8,14,-9],"faces":{"north":{"uv":[9,0.5,9.5,1],"texture":"#3"},"east":{"uv":[8.5,0.5,9,1],"texture":"#3"},"south":{"uv":[8,0.5,8.5,1],"texture":"#3"},"west":{"uv":[9.5,0.5,10,1],"texture":"#3"},"up":{"uv":[9,0.5,8.5,0],"rotation":90,"texture":"#3"},"down":{"uv":[9.5,0,9,0.5],"rotation":270,"texture":"#3"}}},{"from":[6,13,-9],"to":[7,14,-8],"faces":{"north":{"uv":[9,0.5,9.5,1],"texture":"#3"},"east":{"uv":[8.5,0.5,9,1],"texture":"#3"},"south":{"uv":[8,0.5,8.5,1],"texture":"#3"},"west":{"uv":[9.5,0.5,10,1],"texture":"#3"},"up":{"uv":[9,0.5,8.5,0],"rotation":90,"texture":"#3"},"down":{"uv":[9.5,0,9,0.5],"rotation":270,"texture":"#3"}}},{"from":[8.75,16,3.75],"to":[11,18.25,5.5],"faces":{"north":{"uv":[5,1.25,5.75,2],"texture":"#4"},"east":{"uv":[4.5,1.25,5,2],"texture":"#4"},"south":{"uv":[6.25,1.25,7,2],"texture":"#4"},"west":{"uv":[5.75,1.25,6.25,2],"texture":"#4"},"up":{"uv":[5.75,1.25,5,0.75],"texture":"#4"},"down":{"uv":[6.5,0.75,5.75,1.25],"texture":"#4"}}},{"from":[5,16,3.75],"to":[7.25,18.25,5.5],"faces":{"north":{"uv":[5,1.25,5.75,2],"texture":"#4"},"east":{"uv":[4.5,1.25,5,2],"texture":"#4"},"south":{"uv":[6.25,1.25,7,2],"texture":"#4"},"west":{"uv":[5.75,1.25,6.25,2],"texture":"#4"},"up":{"uv":[5.75,1.25,5,0.75],"texture":"#4"},"down":{"uv":[6.5,0.75,5.75,1.25],"texture":"#4"}}},{"from":[4.5,3,5.5],"to":[11.5,7.5,14],"faces":{"north":{"uv":[5.5,11.5,2.5,9],"rotation":180,"texture":"#4"},"east":{"uv":[0,11.5,2.5,16],"rotation":90,"texture":"#4"},"south":{"uv":[8.5,9,5.5,11.5],"texture":"#4"},"west":{"uv":[5.5,11.5,8,16],"rotation":270,"texture":"#4"},"up":{"uv":[8,11.5,11,16],"texture":"#4"},"down":{"uv":[2.5,11.5,5.5,16],"rotation":180,"texture":"#4"}}},{"from":[5,4,2],"to":[11,16,7],"faces":{"north":{"uv":[1.5,3.5,3.5,8],"texture":"#4"},"east":{"uv":[0,3.5,1.5,8],"texture":"#4"},"south":{"uv":[5,3.5,7,8],"texture":"#4"},"west":{"uv":[3.5,3.5,5,8],"texture":"#4"},"up":{"uv":[3.5,3.5,1.5,2],"texture":"#4"},"down":{"uv":[5.5,2,3.5,3.5],"texture":"#4"}}},{"from":[6.5,11.4,-1.5],"to":[9.5,14.65,2],"faces":{"north":{"uv":[1.25,1,2.25,2],"texture":"#4"},"east":{"uv":[0,1,1.25,2],"texture":"#4"},"south":{"uv":[3.5,1,4.5,2],"texture":"#4"},"west":{"uv":[2.25,1,3.5,2],"texture":"#4"},"up":{"uv":[2.25,1,1.25,0],"texture":"#4"},"down":{"uv":[3.25,0,2.25,1],"texture":"#4"}}},{"from":[9,0,6],"to":[11,3,8],"faces":{"north":{"uv":[8,5.5,9,9],"texture":"#4"},"east":{"uv":[7,5.5,8,9],"texture":"#4"},"south":{"uv":[10,5.5,11,9],"texture":"#4"},"west":{"uv":[9,5.5,10,9],"texture":"#4"},"up":{"uv":[9,5.5,8,4.5],"texture":"#4"},"down":{"uv":[10,4.5,9,5.5],"texture":"#4"}}},{"from":[5,0,11],"to":[7,3,13],"faces":{"north":{"uv":[8,5.5,9,9],"texture":"#4"},"east":{"uv":[7,5.5,8,9],"texture":"#4"},"south":{"uv":[10,5.5,11,9],"texture":"#4"},"west":{"uv":[9,5.5,10,9],"texture":"#4"},"up":{"uv":[9,5.5,8,4.5],"texture":"#4"},"down":{"uv":[10,4.5,9,5.5],"texture":"#4"}}},{"from":[5,0,6],"to":[7,3,8],"faces":{"north":{"uv":[8,5.5,9,9],"texture":"#4"},"east":{"uv":[7,5.5,8,9],"texture":"#4"},"south":{"uv":[10,5.5,11,9],"texture":"#4"},"west":{"uv":[9,5.5,10,9],"texture":"#4"},"up":{"uv":[9,5.5,8,4.5],"texture":"#4"},"down":{"uv":[10,4.5,9,5.5],"texture":"#4"}}},{"from":[9,0,11],"to":[11,3,13],"faces":{"north":{"uv":[8,5.5,9,9],"texture":"#4"},"east":{"uv":[7,5.5,8,9],"texture":"#4"},"south":{"uv":[10,5.5,11,9],"texture":"#4"},"west":{"uv":[9,5.5,10,9],"texture":"#4"},"up":{"uv":[9,5.5,8,4.5],"texture":"#4"},"down":{"uv":[10,4.5,9,5.5],"texture":"#4"}}},{"from":[7,13,-15],"to":[8,14,-14],"faces":{"north":{"uv":[9,0.5,9.5,1],"texture":"#4"},"east":{"uv":[8.5,0.5,9,1],"texture":"#4"},"south":{"uv":[8,0.5,8.5,1],"texture":"#4"},"west":{"uv":[9.5,0.5,10,1],"texture":"#4"},"up":{"uv":[9,0.5,8.5,0],"rotation":90,"texture":"#4"},"down":{"uv":[9.5,0,9,0.5],"rotation":270,"texture":"#4"}}},{"from":[7,12,-15],"to":[8,13,-14],"faces":{"north":{"uv":[9,0.5,9.5,1],"texture":"#4"},"east":{"uv":[8.5,0.5,9,1],"texture":"#4"},"south":{"uv":[8,0.5,8.5,1],"texture":"#4"},"west":{"uv":[9.5,0.5,10,1],"texture":"#4"},"up":{"uv":[9,0.5,8.5,0],"rotation":90,"texture":"#4"},"down":{"uv":[9.5,0,9,0.5],"rotation":270,"texture":"#4"}}},{"from":[7,10,-15],"to":[8,11,-14],"faces":{"north":{"uv":[9,0.5,9.5,1],"texture":"#4"},"east":{"uv":[8.5,0.5,9,1],"texture":"#4"},"south":{"uv":[8,0.5,8.5,1],"texture":"#4"},"west":{"uv":[9.5,0.5,10,1],"texture":"#4"},"up":{"uv":[9,0.5,8.5,0],"rotation":90,"texture":"#4"},"down":{"uv":[9.5,0,9,0.5],"rotation":270,"texture":"#4"}}},{"from":[9,12,-15],"to":[10,13,-14],"faces":{"north":{"uv":[9,0.5,9.5,1],"texture":"#4"},"east":{"uv":[8.5,0.5,9,1],"texture":"#4"},"south":{"uv":[8,0.5,8.5,1],"texture":"#4"},"west":{"uv":[9.5,0.5,10,1],"texture":"#4"},"up":{"uv":[9,0.5,8.5,0],"rotation":90,"texture":"#4"},"down":{"uv":[9.5,0,9,0.5],"rotation":270,"texture":"#4"}}},{"from":[7,12,-13],"to":[8,13,-12],"faces":{"north":{"uv":[9,0.5,9.5,1],"texture":"#4"},"east":{"uv":[8.5,0.5,9,1],"texture":"#4"},"south":{"uv":[8,0.5,8.5,1],"texture":"#4"},"west":{"uv":[9.5,0.5,10,1],"texture":"#4"},"up":{"uv":[9,0.5,8.5,0],"rotation":90,"texture":"#4"},"down":{"uv":[9.5,0,9,0.5],"rotation":270,"texture":"#4"}}},{"from":[7,12,-16],"to":[8,13,-15],"faces":{"north":{"uv":[9,0.5,9.5,1],"texture":"#4"},"east":{"uv":[8.5,0.5,9,1],"texture":"#4"},"south":{"uv":[8,0.5,8.5,1],"texture":"#4"},"west":{"uv":[9.5,0.5,10,1],"texture":"#4"},"up":{"uv":[9,0.5,8.5,0],"rotation":90,"texture":"#4"},"down":{"uv":[9.5,0,9,0.5],"rotation":270,"texture":"#4"}}},{"from":[6,12,-15],"to":[7,13,-14],"faces":{"north":{"uv":[9,0.5,9.5,1],"texture":"#4"},"east":{"uv":[8.5,0.5,9,1],"texture":"#4"},"south":{"uv":[8,0.5,8.5,1],"texture":"#4"},"west":{"uv":[9.5,0.5,10,1],"texture":"#4"},"up":{"uv":[9,0.5,8.5,0],"rotation":90,"texture":"#4"},"down":{"uv":[9.5,0,9,0.5],"rotation":270,"texture":"#4"}}},{"from":[8.75,16,3.75],"to":[11,18.25,5.5],"faces":{"north":{"uv":[5,1.25,5.75,2],"texture":"#5"},"east":{"uv":[4.5,1.25,5,2],"texture":"#5"},"south":{"uv":[6.25,1.25,7,2],"texture":"#5"},"west":{"uv":[5.75,1.25,6.25,2],"texture":"#5"},"up":{"uv":[5.75,1.25,5,0.75],"texture":"#5"},"down":{"uv":[6.5,0.75,5.75,1.25],"texture":"#5"}}},{"from":[5,16,3.75],"to":[7.25,18.25,5.5],"faces":{"north":{"uv":[5,1.25,5.75,2],"texture":"#5"},"east":{"uv":[4.5,1.25,5,2],"texture":"#5"},"south":{"uv":[6.25,1.25,7,2],"texture":"#5"},"west":{"uv":[5.75,1.25,6.25,2],"texture":"#5"},"up":{"uv":[5.75,1.25,5,0.75],"texture":"#5"},"down":{"uv":[6.5,0.75,5.75,1.25],"texture":"#5"}}},{"from":[4.5,3,5.5],"to":[11.5,7.5,14],"faces":{"north":{"uv":[5.5,11.5,2.5,9],"rotation":180,"texture":"#5"},"east":{"uv":[0,11.5,2.5,16],"rotation":90,"texture":"#5"},"south":{"uv":[8.5,9,5.5,11.5],"texture":"#5"},"west":{"uv":[5.5,11.5,8,16],"rotation":270,"texture":"#5"},"up":{"uv":[8,11.5,11,16],"texture":"#5"},"down":{"uv":[2.5,11.5,5.5,16],"rotation":180,"texture":"#5"}}},{"from":[5,4,2],"to":[11,16,7],"faces":{"north":{"uv":[1.5,3.5,3.5,8],"texture":"#5"},"east":{"uv":[0,3.5,1.5,8],"texture":"#5"},"south":{"uv":[5,3.5,7,8],"texture":"#5"},"west":{"uv":[3.5,3.5,5,8],"texture":"#5"},"up":{"uv":[3.5,3.5,1.5,2],"texture":"#5"},"down":{"uv":[5.5,2,3.5,3.5],"texture":"#5"}}},{"from":[6.5,11.4,-1.5],"to":[9.5,14.65,2],"faces":{"north":{"uv":[1.25,1,2.25,2],"texture":"#5"},"east":{"uv":[0,1,1.25,2],"texture":"#5"},"south":{"uv":[3.5,1,4.5,2],"texture":"#5"},"west":{"uv":[2.25,1,3.5,2],"texture":"#5"},"up":{"uv":[2.25,1,1.25,0],"texture":"#5"},"down":{"uv":[3.25,0,2.25,1],"texture":"#5"}}},{"from":[9,0,6],"to":[11,3,8],"faces":{"north":{"uv":[8,5.5,9,9],"texture":"#5"},"east":{"uv":[7,5.5,8,9],"texture":"#5"},"south":{"uv":[10,5.5,11,9],"texture":"#5"},"west":{"uv":[9,5.5,10,9],"texture":"#5"},"up":{"uv":[9,5.5,8,4.5],"texture":"#5"},"down":{"uv":[10,4.5,9,5.5],"texture":"#5"}}},{"from":[5,0,11],"to":[7,3,13],"faces":{"north":{"uv":[8,5.5,9,9],"texture":"#5"},"east":{"uv":[7,5.5,8,9],"texture":"#5"},"south":{"uv":[10,5.5,11,9],"texture":"#5"},"west":{"uv":[9,5.5,10,9],"texture":"#5"},"up":{"uv":[9,5.5,8,4.5],"texture":"#5"},"down":{"uv":[10,4.5,9,5.5],"texture":"#5"}}},{"from":[5,0,6],"to":[7,3,8],"faces":{"north":{"uv":[8,5.5,9,9],"texture":"#5"},"east":{"uv":[7,5.5,8,9],"texture":"#5"},"south":{"uv":[10,5.5,11,9],"texture":"#5"},"west":{"uv":[9,5.5,10,9],"texture":"#5"},"up":{"uv":[9,5.5,8,4.5],"texture":"#5"},"down":{"uv":[10,4.5,9,5.5],"texture":"#5"}}},{"from":[9,0,11],"to":[11,3,13],"faces":{"north":{"uv":[8,5.5,9,9],"texture":"#5"},"east":{"uv":[7,5.5,8,9],"texture":"#5"},"south":{"uv":[10,5.5,11,9],"texture":"#5"},"west":{"uv":[9,5.5,10,9],"texture":"#5"},"up":{"uv":[9,5.5,8,4.5],"texture":"#5"},"down":{"uv":[10,4.5,9,5.5],"texture":"#5"}}},{"from":[8.75,16,3.75],"to":[11,18.25,5.5],"faces":{"north":{"uv":[5,1.25,5.75,2],"texture":"#6"},"east":{"uv":[4.5,1.25,5,2],"texture":"#6"},"south":{"uv":[6.25,1.25,7,2],"texture":"#6"},"west":{"uv":[5.75,1.25,6.25,2],"texture":"#6"},"up":{"uv":[5.75,1.25,5,0.75],"texture":"#6"},"down":{"uv":[6.5,0.75,5.75,1.25],"texture":"#6"}}},{"from":[5,16,3.75],"to":[7.25,18.25,5.5],"faces":{"north":{"uv":[5,1.25,5.75,2],"texture":"#6"},"east":{"uv":[4.5,1.25,5,2],"texture":"#6"},"south":{"uv":[6.25,1.25,7,2],"texture":"#6"},"west":{"uv":[5.75,1.25,6.25,2],"texture":"#6"},"up":{"uv":[5.75,1.25,5,0.75],"texture":"#6"},"down":{"uv":[6.5,0.75,5.75,1.25],"texture":"#6"}}},{"from":[4.5,3,5.5],"to":[11.5,7.5,14],"faces":{"north":{"uv":[5.5,11.5,2.5,9],"rotation":180,"texture":"#6"},"east":{"uv":[0,11.5,2.5,16],"rotation":90,"texture":"#6"},"south":{"uv":[8.5,9,5.5,11.5],"texture":"#6"},"west":{"uv":[5.5,11.5,8,16],"rotation":270,"texture":"#6"},"up":{"uv":[8,11.5,11,16],"texture":"#6"},"down":{"uv":[2.5,11.5,5.5,16],"rotation":180,"texture":"#6"}}},{"from":[5,4,2],"to":[11,16,7],"faces":{"north":{"uv":[1.5,3.5,3.5,8],"texture":"#6"},"east":{"uv":[0,3.5,1.5,8],"texture":"#6"},"south":{"uv":[5,3.5,7,8],"texture":"#6"},"west":{"uv":[3.5,3.5,5,8],"texture":"#6"},"up":{"uv":[3.5,3.5,1.5,2],"texture":"#6"},"down":{"uv":[5.5,2,3.5,3.5],"texture":"#6"}}},{"from":[6.5,11.4,-1.5],"to":[9.5,14.65,2],"faces":{"north":{"uv":[1.25,1,2.25,2],"texture":"#6"},"east":{"uv":[0,1,1.25,2],"texture":"#6"},"south":{"uv":[3.5,1,4.5,2],"texture":"#6"},"west":{"uv":[2.25,1,3.5,2],"texture":"#6"},"up":{"uv":[2.25,1,1.25,0],"texture":"#6"},"down":{"uv":[3.25,0,2.25,1],"texture":"#6"}}},{"from":[9,0,6],"to":[11,3,8],"faces":{"north":{"uv":[8,5.5,9,9],"texture":"#6"},"east":{"uv":[7,5.5,8,9],"texture":"#6"},"south":{"uv":[10,5.5,11,9],"texture":"#6"},"west":{"uv":[9,5.5,10,9],"texture":"#6"},"up":{"uv":[9,5.5,8,4.5],"texture":"#6"},"down":{"uv":[10,4.5,9,5.5],"texture":"#6"}}},{"from":[5,0,11],"to":[7,3,13],"faces":{"north":{"uv":[8,5.5,9,9],"texture":"#6"},"east":{"uv":[7,5.5,8,9],"texture":"#6"},"south":{"uv":[10,5.5,11,9],"texture":"#6"},"west":{"uv":[9,5.5,10,9],"texture":"#6"},"up":{"uv":[9,5.5,8,4.5],"texture":"#6"},"down":{"uv":[10,4.5,9,5.5],"texture":"#6"}}},{"from":[5,0,6],"to":[7,3,8],"faces":{"north":{"uv":[8,5.5,9,9],"texture":"#6"},"east":{"uv":[7,5.5,8,9],"texture":"#6"},"south":{"uv":[10,5.5,11,9],"texture":"#6"},"west":{"uv":[9,5.5,10,9],"texture":"#6"},"up":{"uv":[9,5.5,8,4.5],"texture":"#6"},"down":{"uv":[10,4.5,9,5.5],"texture":"#6"}}},{"from":[9,0,11],"to":[11,3,13],"faces":{"north":{"uv":[8,5.5,9,9],"texture":"#6"},"east":{"uv":[7,5.5,8,9],"texture":"#6"},"south":{"uv":[10,5.5,11,9],"texture":"#6"},"west":{"uv":[9,5.5,10,9],"texture":"#6"},"up":{"uv":[9,5.5,8,4.5],"texture":"#6"},"down":{"uv":[10,4.5,9,5.5],"texture":"#6"}}},{"from":[8.75,16,3.75],"to":[11,18.25,5.5],"faces":{"north":{"uv":[5,1.25,5.75,2],"texture":"#7"},"east":{"uv":[4.5,1.25,5,2],"texture":"#7"},"south":{"uv":[6.25,1.25,7,2],"texture":"#7"},"west":{"uv":[5.75,1.25,6.25,2],"texture":"#7"},"up":{"uv":[5.75,1.25,5,0.75],"texture":"#7"},"down":{"uv":[6.5,0.75,5.75,1.25],"texture":"#7"}}},{"from":[5,16,3.75],"to":[7.25,18.25,5.5],"faces":{"north":{"uv":[5,1.25,5.75,2],"texture":"#7"},"east":{"uv":[4.5,1.25,5,2],"texture":"#7"},"south":{"uv":[6.25,1.25,7,2],"texture":"#7"},"west":{"uv":[5.75,1.25,6.25,2],"texture":"#7"},"up":{"uv":[5.75,1.25,5,0.75],"texture":"#7"},"down":{"uv":[6.5,0.75,5.75,1.25],"texture":"#7"}}},{"from":[4.5,3,5.5],"to":[11.5,7.5,14],"faces":{"north":{"uv":[5.5,11.5,2.5,9],"rotation":180,"texture":"#7"},"east":{"uv":[0,11.5,2.5,16],"rotation":90,"texture":"#7"},"south":{"uv":[8.5,9,5.5,11.5],"texture":"#7"},"west":{"uv":[5.5,11.5,8,16],"rotation":270,"texture":"#7"},"up":{"uv":[8,11.5,11,16],"texture":"#7"},"down":{"uv":[2.5,11.5,5.5,16],"rotation":180,"texture":"#7"}}},{"from":[5,4,2],"to":[11,16,7],"faces":{"north":{"uv":[1.5,3.5,3.5,8],"texture":"#7"},"east":{"uv":[0,3.5,1.5,8],"texture":"#7"},"south":{"uv":[5,3.5,7,8],"texture":"#7"},"west":{"uv":[3.5,3.5,5,8],"texture":"#7"},"up":{"uv":[3.5,3.5,1.5,2],"texture":"#7"},"down":{"uv":[5.5,2,3.5,3.5],"texture":"#7"}}},{"from":[6.5,11.4,-1.5],"to":[9.5,14.65,2],"faces":{"north":{"uv":[1.25,1,2.25,2],"texture":"#7"},"east":{"uv":[0,1,1.25,2],"texture":"#7"},"south":{"uv":[3.5,1,4.5,2],"texture":"#7"},"west":{"uv":[2.25,1,3.5,2],"texture":"#7"},"up":{"uv":[2.25,1,1.25,0],"texture":"#7"},"down":{"uv":[3.25,0,2.25,1],"texture":"#7"}}},{"from":[9,0,6],"to":[11,3,8],"faces":{"north":{"uv":[8,5.5,9,9],"texture":"#7"},"east":{"uv":[7,5.5,8,9],"texture":"#7"},"south":{"uv":[10,5.5,11,9],"texture":"#7"},"west":{"uv":[9,5.5,10,9],"texture":"#7"},"up":{"uv":[9,5.5,8,4.5],"texture":"#7"},"down":{"uv":[10,4.5,9,5.5],"texture":"#7"}}},{"from":[5,0,11],"to":[7,3,13],"faces":{"north":{"uv":[8,5.5,9,9],"texture":"#7"},"east":{"uv":[7,5.5,8,9],"texture":"#7"},"south":{"uv":[10,5.5,11,9],"texture":"#7"},"west":{"uv":[9,5.5,10,9],"texture":"#7"},"up":{"uv":[9,5.5,8,4.5],"texture":"#7"},"down":{"uv":[10,4.5,9,5.5],"texture":"#7"}}},{"from":[5,0,6],"to":[7,3,8],"faces":{"north":{"uv":[8,5.5,9,9],"texture":"#7"},"east":{"uv":[7,5.5,8,9],"texture":"#7"},"south":{"uv":[10,5.5,11,9],"texture":"#7"},"west":{"uv":[9,5.5,10,9],"texture":"#7"},"up":{"uv":[9,5.5,8,4.5],"texture":"#7"},"down":{"uv":[10,4.5,9,5.5],"texture":"#7"}}},{"from":[9,0,11],"to":[11,3,13],"faces":{"north":{"uv":[8,5.5,9,9],"texture":"#7"},"east":{"uv":[7,5.5,8,9],"texture":"#7"},"south":{"uv":[10,5.5,11,9],"texture":"#7"},"west":{"uv":[9,5.5,10,9],"texture":"#7"},"up":{"uv":[9,5.5,8,4.5],"texture":"#7"},"down":{"uv":[10,4.5,9,5.5],"texture":"#7"}}}]}