{"display":{"thirdperson_righthand":{"rotation":[75,45,0],"translation":[0,2.5,0],"scale":[0.375,0.375,0.375]},"thirdperson_lefthand":{"rotation":[75,45,0],"translation":[0,2.5,0],"scale":[0.375,0.375,0.375]},"firstperson_righthand":{"rotation":[0,45,0],"translation":[0,2,0],"scale":[0.4,0.4,0.4]},"firstperson_lefthand":{"rotation":[0,45,0],"translation":[0,2,0],"scale":[0.4,0.4,0.4]},"ground":{"translation":[0,3,0],"scale":[0.25,0.25,0.25]},"gui":{"rotation":[30,225,0],"translation":[0,-0.5,0],"scale":[0.625,0.625,0.625]},"head":{"translation":[0,18.5,0.5],"scale":[1.5,1.5,1.5]},"fixed":{"scale":[0.5,0.5,0.5]}},"texture_size":[48,48],"textures":{"0":"pets/static/oxidised_copper_golem","1":"block/cobblestone","2":"block/lever"},"elements":[{"from":[7.5,4,7],"to":[15.5,9,15],"rotation":{"angle":22.5,"axis":"z","origin":[0,-1,3]},"faces":{"north":{"uv":[2.66667,2.66667,5.33333,4.33333],"texture":"#0"},"east":{"uv":[0,2.66667,2.66667,4.33333],"texture":"#0"},"south":{"uv":[8,2.66667,10.66667,4.33333],"texture":"#0"},"west":{"uv":[5.33333,2.66667,8,4.33333],"texture":"#0"},"up":{"uv":[2.66667,0,5.33333,2.66667],"texture":"#0"},"down":{"uv":[5.33333,0,8,2.66667],"texture":"#0"}}},{"from":[10.5,8,10],"to":[12.5,11,12],"rotation":{"angle":22.5,"axis":"z","origin":[0,-1,3]},"faces":{"north":{"uv":[8,1.33333,8.66667,2.33333],"texture":"#0"},"east":{"uv":[8,1.33333,8.66667,2.33333],"texture":"#0"},"south":{"uv":[8,1.33333,8.66667,2.33333],"texture":"#0"},"west":{"uv":[8,1.33333,8.66667,2.33333],"texture":"#0"},"up":{"uv":[8,1.33333,8.66667,2],"texture":"#0"},"down":{"uv":[8,1.33333,8.66667,2],"texture":"#0"}}},{"from":[9.5,11,9],"to":[13.5,15,13],"rotation":{"angle":22.5,"axis":"z","origin":[0,-1,3]},"faces":{"north":{"uv":[8,0,9.33333,1.33333],"texture":"#0"},"east":{"uv":[8,0,9.33333,1.33333],"texture":"#0"},"south":{"uv":[8,0,9.33333,1.33333],"texture":"#0"},"west":{"uv":[8,0,9.33333,1.33333],"texture":"#0"},"up":{"uv":[8,0,9.33333,1.33333],"texture":"#0"},"down":{"uv":[8,0,9.33333,1.33333],"texture":"#0"}}},{"from":[10.5,3,5],"to":[12.5,7,7],"rotation":{"angle":22.5,"axis":"z","origin":[0,-1,3]},"faces":{"north":{"uv":[0.66667,1.33333,1.33333,2.66667],"texture":"#0"},"east":{"uv":[0,1.33333,0.66667,2.66667],"texture":"#0"},"south":{"uv":[2,1.33333,2.66667,2.66667],"texture":"#0"},"west":{"uv":[1.33333,1.33333,2,2.66667],"texture":"#0"},"up":{"uv":[0.66667,0.66667,1.33333,1.33333],"texture":"#0"},"down":{"uv":[1.33333,0.66667,2,1.33333],"texture":"#0"}}},{"from":[4,4,9],"to":[12,9,13],"rotation":{"angle":0,"axis":"y","origin":[0,-1,3]},"faces":{"north":{"uv":[1.33333,5.66667,4,7.33333],"texture":"#0"},"east":{"uv":[0,5.66667,1.33333,7.33333],"texture":"#0"},"south":{"uv":[5.33333,5.66667,8,7.33333],"texture":"#0"},"west":{"uv":[4,5.66667,5.33333,7.33333],"texture":"#0"},"up":{"uv":[1.33333,4.33333,4,5.66667],"texture":"#0"},"down":{"uv":[4,4.33333,6.66667,5.66667],"texture":"#0"}}},{"from":[2,2,6],"to":[4,11,8],"rotation":{"angle":22.5,"axis":"x","origin":[0,-1,3]},"faces":{"north":{"uv":[0.66667,8,1.33333,11],"texture":"#0"},"east":{"uv":[0,8,0.66667,11],"texture":"#0"},"south":{"uv":[2,8,2.66667,11],"texture":"#0"},"west":{"uv":[1.33333,8,2,11],"texture":"#0"},"up":{"uv":[0.66667,7.33333,1.33333,8],"texture":"#0"},"down":{"uv":[1.33333,7.33333,2,8],"texture":"#0"}}},{"from":[12,0,10],"to":[14,9,12],"rotation":{"angle":0,"axis":"y","origin":[0,-1,3]},"faces":{"north":{"uv":[3.66667,8,4.33333,11],"texture":"#0"},"east":{"uv":[3,8,3.66667,11],"texture":"#0"},"south":{"uv":[5,8,5.66667,11],"texture":"#0"},"west":{"uv":[4.33333,8,5,11],"texture":"#0"},"up":{"uv":[3.66667,7.33333,4.33333,8],"texture":"#0"},"down":{"uv":[4.33333,7.33333,5,8],"texture":"#0"}}},{"from":[4.75,0,10],"to":[7.75,4,12],"rotation":{"angle":0,"axis":"y","origin":[0,-1,3]},"faces":{"north":{"uv":[6.33333,8,7.33333,9.33333],"texture":"#0"},"east":{"uv":[5.66667,8,6.33333,9.33333],"texture":"#0"},"south":{"uv":[8,8,9,9.33333],"texture":"#0"},"west":{"uv":[7.33333,8,8,9.33333],"texture":"#0"},"up":{"uv":[6.33333,7.33333,7.33333,8],"texture":"#0"},"down":{"uv":[7.33333,7.33333,8.33333,8],"texture":"#0"}}},{"from":[8.25,-3,11],"to":[11.25,1,13],"rotation":{"angle":-22.5,"axis":"x","origin":[0,-1,3]},"faces":{"north":{"uv":[10,8,11,9.33333],"texture":"#0"},"east":{"uv":[9.33333,8,10,9.33333],"texture":"#0"},"south":{"uv":[11.66667,8,12.66667,9.33333],"texture":"#0"},"west":{"uv":[11,8,11.66667,9.33333],"texture":"#0"},"up":{"uv":[10,7.33333,11,8],"texture":"#0"},"down":{"uv":[11,7.33333,12,8],"texture":"#0"}}},{"from":[3,0,3],"to":[6,1,7],"rotation":{"angle":0,"axis":"y","origin":[2,0,3]},"faces":{"north":{"uv":[5,12,11,15],"texture":"#1"},"east":{"uv":[0,9,8,12],"texture":"#1"},"south":{"uv":[5,1,11,4],"texture":"#1"},"west":{"uv":[8,4,16,7],"texture":"#1"},"up":{"uv":[5,4,11,12],"texture":"#1"},"down":{"uv":[5,4,11,12],"texture":"#1"}}},{"from":[10,0,3],"to":[13,1,7],"rotation":{"angle":0,"axis":"y","origin":[2,0,3]},"faces":{"north":{"uv":[5,12,11,15],"texture":"#1"},"east":{"uv":[0,9,8,12],"texture":"#1"},"south":{"uv":[5,1,11,4],"texture":"#1"},"west":{"uv":[8,4,16,7],"texture":"#1"},"up":{"uv":[5,4,11,12],"texture":"#1"},"down":{"uv":[5,4,11,12],"texture":"#1"}}},{"from":[11,1,4],"to":[12,6,5],"rotation":{"angle":45,"axis":"x","origin":[2,0,3]},"faces":{"north":{"uv":[7,6,9,16],"texture":"#2"},"east":{"uv":[7,6,9,16],"texture":"#2"},"south":{"uv":[7,6,9,16],"texture":"#2"},"west":{"uv":[7,6,9,16],"texture":"#2"},"up":{"uv":[7,6,9,8],"texture":"#2"},"down":{"uv":[7,14,9,16],"texture":"#2"}}},{"from":[4,-2,4],"to":[5,3,5],"rotation":{"angle":-45,"axis":"x","origin":[9,0,3]},"faces":{"north":{"uv":[7,6,9,16],"texture":"#2"},"east":{"uv":[7,6,9,16],"texture":"#2"},"south":{"uv":[7,6,9,16],"texture":"#2"},"west":{"uv":[7,6,9,16],"texture":"#2"},"up":{"uv":[7,6,9,8],"texture":"#2"},"down":{"uv":[7,14,9,16],"texture":"#2"}}}]}