{"display":{"thirdperson_righthand":{"rotation":[75,45,0],"translation":[0,1,1],"scale":[0.375,0.375,0.375]},"thirdperson_lefthand":{"rotation":[75,45,0],"translation":[0,1,1],"scale":[0.375,0.375,0.375]},"firstperson_righthand":{"rotation":[0,45,0],"translation":[0,1.5,0],"scale":[0.4,0.4,0.4]},"firstperson_lefthand":{"rotation":[0,45,0],"translation":[0,1.5,0],"scale":[0.4,0.4,0.4]},"ground":{"translation":[0,3,0],"scale":[0.25,0.25,0.25]},"gui":{"rotation":[30,135,0],"translation":[0,1,0],"scale":[0.725,0.725,0.725]},"head":{"translation":[-0.25,11.25,10],"scale":[1.5,1.5,1.5]},"fixed":{"scale":[0.5,0.5,0.5]}},"texture_size":[64,64],"textures":{"0":"entity/panda/brown_panda"},"elements":[{"from":[5.5,0,6],"to":[11,6,10],"rotation":{"angle":0,"axis":"y","origin":[-2,-26,-9]},"faces":{"north":{"uv":[3.25,9.5,8,16],"texture":"#0"},"east":{"uv":[0,9.5,3.25,16],"texture":"#0"},"south":{"uv":[11.25,9.5,16,16],"texture":"#0"},"west":{"uv":[8,9.5,11.25,16],"texture":"#0"},"up":{"uv":[8,9.5,3.25,6.25],"texture":"#0"},"down":{"uv":[8,6.25,12.75,9.5],"texture":"#0"}}},{"from":[10.5,0,5.5],"to":[12.75,1.5,7],"rotation":{"angle":0,"axis":"y","origin":[-2,-12,-4]},"faces":{"north":{"uv":[13,1.5,14.5,3.75],"rotation":90,"texture":"#0"},"east":{"uv":[13,0,14.5,1.5],"rotation":180,"texture":"#0"},"south":{"uv":[10,1.5,11.5,3.75],"rotation":270,"texture":"#0"},"west":{"uv":[11.5,0,13,1.5],"texture":"#0"},"up":{"uv":[11.5,1.5,13,3.75],"rotation":270,"texture":"#0"},"down":{"uv":[14.5,1.5,16,3.75],"rotation":270,"texture":"#0"}}},{"from":[3.75,0,5.5],"to":[6,1.5,7],"rotation":{"angle":0,"axis":"y","origin":[-2,-12,-4]},"faces":{"north":{"uv":[10,1.5,11.5,3.75],"rotation":270,"texture":"#0"},"east":{"uv":[11.5,0,13,1.5],"texture":"#0"},"south":{"uv":[13,1.5,14.5,3.75],"rotation":90,"texture":"#0"},"west":{"uv":[13,0,14.5,1.5],"rotation":180,"texture":"#0"},"up":{"uv":[11.5,1.5,13,3.75],"rotation":90,"texture":"#0"},"down":{"uv":[14.5,1.5,16,3.75],"rotation":90,"texture":"#0"}}},{"from":[1,4.5,6.25],"to":[2.5,6,8.5],"rotation":{"angle":22.5,"axis":"y","origin":[-2,-7.5,-4]},"faces":{"north":{"uv":[13,0,14.5,1.5],"rotation":180,"texture":"#0"},"east":{"uv":[10,1.5,11.5,3.75],"rotation":270,"texture":"#0"},"south":{"uv":[11.5,0,13,1.5],"texture":"#0"},"west":{"uv":[13,1.5,14.5,3.75],"rotation":90,"texture":"#0"},"up":{"uv":[11.5,1.5,13,3.75],"rotation":180,"texture":"#0"},"down":{"uv":[14.5,1.5,16,3.75],"texture":"#0"}}},{"from":[12.5,4.5,-1.25],"to":[14,6,1],"rotation":{"angle":-22.5,"axis":"y","origin":[-2,-7.5,-4]},"faces":{"north":{"uv":[13,0,14.5,1.5],"rotation":180,"texture":"#0"},"east":{"uv":[10,1.5,11.5,3.75],"rotation":270,"texture":"#0"},"south":{"uv":[11.5,0,13,1.5],"texture":"#0"},"west":{"uv":[13,1.5,14.5,3.75],"rotation":90,"texture":"#0"},"up":{"uv":[11.5,1.5,13,3.75],"rotation":180,"texture":"#0"},"down":{"uv":[14.5,1.5,16,3.75],"texture":"#0"}}},{"from":[-3,6,11.25],"to":[3.5,11,15.75],"rotation":{"angle":45,"axis":"y","origin":[-2,-12,1]},"faces":{"north":{"uv":[2.25,3.75,5.5,6.25],"texture":"#0"},"east":{"uv":[0,3.75,2.25,6.25],"texture":"#0"},"south":{"uv":[7.75,3.75,11,6.25],"texture":"#0"},"west":{"uv":[5.5,3.75,7.75,6.25],"texture":"#0"},"up":{"uv":[2.25,3.75,5.5,1.5],"texture":"#0"},"down":{"uv":[5.5,1.5,8.75,3.75],"texture":"#0"}}},{"from":[-1.5,6,10.25],"to":[2,8.5,11.25],"rotation":{"angle":45,"axis":"y","origin":[-2,-12,1]},"faces":{"north":{"uv":[11.75,4.5,13.5,5.75],"texture":"#0"},"east":{"uv":[11.25,4.5,11.75,5.75],"texture":"#0"},"south":{"uv":[14,4.5,15.75,5.75],"texture":"#0"},"west":{"uv":[13.5,4.5,14,5.75],"texture":"#0"},"up":{"uv":[11.75,4,13.5,4.5],"texture":"#0"},"down":{"uv":[13.5,4,15.25,4.5],"texture":"#0"}}},{"from":[-4,10.5,13.25],"to":[-1.5,12.5,13.75],"rotation":{"angle":45,"axis":"y","origin":[-2,-12,1]},"faces":{"north":{"uv":[13.25,6.5,14.5,7.5],"texture":"#0"},"east":{"uv":[13,6.5,13.25,7.5],"texture":"#0"},"south":{"uv":[16,6.5,14.75,7.5],"texture":"#0"},"west":{"uv":[14.5,6.5,14.75,7.5],"texture":"#0"},"up":{"uv":[13.25,6.25,14.5,6.5],"texture":"#0"},"down":{"uv":[14.5,6.25,15.75,6.5],"texture":"#0"}}},{"from":[2,10.5,12.75],"to":[4.5,12.5,13.25],"rotation":{"angle":45,"axis":"y","origin":[-2,-12,1]},"faces":{"north":{"uv":[14.5,6.5,13.25,7.5],"texture":"#0"},"east":{"uv":[13,6.5,13.25,7.5],"texture":"#0"},"south":{"uv":[14.75,6.5,16,7.5],"texture":"#0"},"west":{"uv":[14.5,6.5,14.75,7.5],"texture":"#0"},"up":{"uv":[14.5,6.25,13.25,6.5],"texture":"#0"},"down":{"uv":[15.75,6.25,14.5,6.5],"texture":"#0"}}}]}