{"display":{"thirdperson_righthand":{"rotation":[75,45,0],"translation":[0,2,0],"scale":[0.375,0.375,0.375]},"thirdperson_lefthand":{"rotation":[75,45,0],"translation":[0,2,0],"scale":[0.375,0.375,0.375]},"firstperson_righthand":{"rotation":[0,45,0],"scale":[0.4,0.4,0.4]},"firstperson_lefthand":{"rotation":[0,45,0],"scale":[0.4,0.4,0.4]},"ground":{"translation":[0,4,0],"scale":[0.25,0.25,0.25]},"gui":{"rotation":[30,225,0],"translation":[-0.5,0,0],"scale":[0.625,0.625,0.625]},"head":{"translation":[0,19,0],"scale":[1.5,1.5,1.5]},"fixed":{"scale":[0.5,0.5,0.5]}},"texture_size":[128,64],"textures":{"0":"entity/bear/polarbear","1":"item/salmon"},"elements":[{"from":[9.5,5.75,1],"to":[11.5,9,6.75],"rotation":{"angle":-22.5,"axis":"x","origin":[0,0,-4]},"faces":{"north":{"uv":[8,10,7.5,11.5],"rotation":180,"texture":"#0"},"east":{"uv":[6.25,11.5,7,14],"rotation":270,"texture":"#0"},"south":{"uv":[7.5,11.5,7,10],"texture":"#0"},"west":{"uv":[7.5,11.5,8.25,14],"rotation":90,"texture":"#0"},"up":{"uv":[7,11.5,7.5,14],"rotation":180,"texture":"#0"},"down":{"uv":[8.25,11.5,8.75,14],"texture":"#0"}}},{"from":[4.75,5.75,1],"to":[6.75,9,6.75],"rotation":{"angle":-22.5,"axis":"x","origin":[0,0,-4]},"faces":{"north":{"uv":[8,10,7.5,11.5],"rotation":180,"texture":"#0"},"east":{"uv":[6.25,11.5,7,14],"rotation":270,"texture":"#0"},"south":{"uv":[7.5,11.5,7,10],"texture":"#0"},"west":{"uv":[7.5,11.5,8.25,14],"rotation":90,"texture":"#0"},"up":{"uv":[7,11.5,7.5,14],"rotation":180,"texture":"#0"},"down":{"uv":[8.25,11.5,8.75,14],"texture":"#0"}}},{"from":[4.25,4,8.5],"to":[12,10.75,14],"rotation":{"angle":-45,"axis":"x","origin":[0,2.5,3]},"faces":{"north":{"uv":[6.125,2.5,7.625,5.5],"texture":"#0"},"east":{"uv":[4.875,2.5,6.125,5.5],"texture":"#0"},"south":{"uv":[8.875,2.5,10.375,5.5],"texture":"#0"},"west":{"uv":[7.625,2.5,8.875,5.5],"texture":"#0"},"up":{"uv":[7.625,2.5,6.125,0],"texture":"#0"},"down":{"uv":[9.125,0,7.625,2.5],"texture":"#0"}}},{"from":[3.75,-2,7.5],"to":[12.5,7,13.5],"rotation":{"angle":-22.5,"axis":"x","origin":[0,2.5,3]},"faces":{"north":{"uv":[1.375,7.5,3.125,11],"texture":"#0"},"east":{"uv":[0,7.5,1.375,11],"texture":"#0"},"south":{"uv":[4.5,7.5,6.25,11],"texture":"#0"},"west":{"uv":[3.125,7.5,4.5,11],"texture":"#0"},"up":{"uv":[3.125,7.5,1.375,4.75],"texture":"#0"},"down":{"uv":[4.875,4.75,3.125,7.5],"texture":"#0"}}},{"from":[9.5,0,3],"to":[12,5,10],"rotation":{"angle":0,"axis":"x","origin":[0,0,-4]},"faces":{"north":{"uv":[8.25,5.5,7.75,7.5],"rotation":180,"texture":"#0"},"east":{"uv":[6.25,7.5,7.25,10],"rotation":270,"texture":"#0"},"south":{"uv":[7.75,7.5,7.25,5.5],"texture":"#0"},"west":{"uv":[7.75,7.5,8.75,10],"rotation":90,"texture":"#0"},"up":{"uv":[7.25,7.5,7.75,10],"rotation":180,"texture":"#0"},"down":{"uv":[8.75,7.5,9.25,10],"texture":"#0"}}},{"from":[4,0,3],"to":[6.5,5,10],"rotation":{"angle":0,"axis":"x","origin":[0,0,-4]},"faces":{"north":{"uv":[8.25,5.5,7.75,7.5],"rotation":180,"texture":"#0"},"east":{"uv":[6.25,7.5,7.25,10],"rotation":270,"texture":"#0"},"south":{"uv":[7.75,7.5,7.25,5.5],"texture":"#0"},"west":{"uv":[7.75,7.5,8.75,10],"rotation":90,"texture":"#0"},"up":{"uv":[7.25,7.5,7.75,10],"rotation":180,"texture":"#0"},"down":{"uv":[8.75,7.5,9.25,10],"texture":"#0"}}},{"from":[10.25,17.25,0.5],"to":[11.75,18.75,1.2],"rotation":{"angle":0,"axis":"y","origin":[0,0,-4]},"faces":{"north":{"uv":[3.375,0.25,3.625,0.75],"texture":"#0"},"east":{"uv":[3.25,0.25,3.375,0.75],"texture":"#0"},"south":{"uv":[3.75,0.25,4,0.75],"texture":"#0"},"west":{"uv":[3.625,0.25,3.75,0.75],"texture":"#0"},"up":{"uv":[3.625,0.25,3.375,0],"texture":"#0"},"down":{"uv":[3.875,0,3.625,0.25],"texture":"#0"}}},{"from":[4.5,17.25,0.5],"to":[6,18.75,1.2],"rotation":{"angle":0,"axis":"y","origin":[0,0,-4]},"faces":{"north":{"uv":[3.625,0.25,3.375,0.75],"texture":"#0"},"east":{"uv":[3.25,0.25,3.375,0.75],"texture":"#0"},"south":{"uv":[3.75,0.25,4,0.75],"texture":"#0"},"west":{"uv":[3.625,0.25,3.75,0.75],"texture":"#0"},"up":{"uv":[3.625,0.25,3.375,0],"texture":"#0"},"down":{"uv":[3.875,0,3.625,0.25],"texture":"#0"}}},{"from":[5.25,12.25,-1],"to":[11,18,4.25],"rotation":{"angle":0,"axis":"y","origin":[0,0,-4]},"faces":{"north":{"uv":[0.875,1.75,1.75,3.5],"texture":"#0"},"east":{"uv":[0,1.75,0.875,3.5],"texture":"#0"},"south":{"uv":[2.625,1.75,3.5,3.5],"texture":"#0"},"west":{"uv":[1.75,1.75,2.625,3.5],"texture":"#0"},"up":{"uv":[1.75,1.75,0.875,0],"texture":"#0"},"down":{"uv":[2.625,0,1.75,1.75],"texture":"#0"}}},{"from":[6,12.25,-3],"to":[10.25,14.75,-1],"rotation":{"angle":0,"axis":"y","origin":[0,0,-4]},"faces":{"north":{"uv":[0.375,11.75,1,12.5],"texture":"#0"},"east":{"uv":[0,11.75,0.375,12.5],"texture":"#0"},"south":{"uv":[1.375,11.75,2,12.5],"texture":"#0"},"west":{"uv":[1,11.75,1.375,12.5],"texture":"#0"},"up":{"uv":[1,11.75,0.375,11],"texture":"#0"},"down":{"uv":[1.625,11,1,11.75],"texture":"#0"}}},{"from":[9.5,-1.5,-2.85],"to":[15.5,4.5,-2.85],"rotation":{"angle":45,"axis":"z","origin":[0,0,0]},"faces":{"north":{"uv":[0,0,16,16],"texture":"#1"},"east":{"uv":[0,0,0.125,4],"texture":"#1"},"south":{"uv":[16,0,0,16],"texture":"#1"},"west":{"uv":[0,0,0.125,4],"texture":"#1"},"up":{"uv":[0,0,2,0.25],"texture":"#1"},"down":{"uv":[0,0,2,0.25],"texture":"#1"}}}]}