{"display":{"thirdperson_righthand":{"rotation":[75,45,0],"translation":[-1.5,2.5,0],"scale":[0.275,0.275,0.275]},"thirdperson_lefthand":{"rotation":[75,45,0],"translation":[-1.5,2.5,0],"scale":[0.275,0.275,0.275]},"firstperson_righthand":{"rotation":[0,45,0],"translation":[0,1.5,0],"scale":[0.25,0.25,0.25]},"firstperson_lefthand":{"rotation":[0,45,0],"translation":[0,1.5,0],"scale":[0.25,0.25,0.25]},"ground":{"translation":[0,3,0],"scale":[0.15,0.15,0.15]},"gui":{"rotation":[30,225,0],"translation":[1.5,0.25,0],"scale":[0.35,0.35,0.35]},"head":{"translation":[0,13.5,0],"scale":[1.5,1.5,1.5]},"fixed":{"translation":[0,1.25,-4.5],"scale":[0.5,0.5,0.5]}},"texture_size":[128,128],"textures":{"0":"pets/static/sniffer_pet","1":"block/dandelion"},"elements":[{"from":[2,-2,8],"to":[6,4,12],"rotation":{"angle":22.5,"axis":"x","origin":[0,-1,0]},"faces":{"north":{"uv":[2.625,8,3.125,8.75],"texture":"#0"},"east":{"uv":[2.125,8,2.625,8.75],"texture":"#0"},"south":{"uv":[3.625,8,4.125,8.75],"texture":"#0"},"west":{"uv":[3.125,8,3.625,8.75],"texture":"#0"},"up":{"uv":[3.125,8,2.625,7.5],"texture":"#0"},"down":{"uv":[3.625,7.5,3.125,8],"texture":"#0"}}},{"from":[10,-2,8],"to":[14,4,12],"rotation":{"angle":22.5,"axis":"x","origin":[0,-1,0]},"faces":{"north":{"uv":[0.5,8,1,8.75],"texture":"#0"},"east":{"uv":[0,8,0.5,8.75],"texture":"#0"},"south":{"uv":[1.5,8,2,8.75],"texture":"#0"},"west":{"uv":[1,8,1.5,8.75],"texture":"#0"},"up":{"uv":[1,8,0.5,7.5],"texture":"#0"},"down":{"uv":[1.5,7.5,1,8],"texture":"#0"}}},{"from":[2,2,3],"to":[6,6,9],"rotation":{"angle":0,"axis":"x","origin":[0,-1,0]},"faces":{"north":{"uv":[3.625,7.5,3.125,8],"rotation":180,"texture":"#0"},"east":{"uv":[2.125,8,2.625,8.75],"rotation":270,"texture":"#0"},"south":{"uv":[3.125,8,2.625,7.5],"texture":"#0"},"west":{"uv":[3.125,8,3.625,8.75],"rotation":90,"texture":"#0"},"up":{"uv":[2.625,8,3.125,8.75],"rotation":180,"texture":"#0"},"down":{"uv":[3.625,8,4.125,8.75],"texture":"#0"}}},{"from":[10,2,3],"to":[14,6,9],"rotation":{"angle":0,"axis":"x","origin":[0,-1,0]},"faces":{"north":{"uv":[1.5,7.5,1,8],"rotation":180,"texture":"#0"},"east":{"uv":[0,8,0.5,8.75],"rotation":270,"texture":"#0"},"south":{"uv":[1,8,0.5,7.5],"texture":"#0"},"west":{"uv":[1,8,1.5,8.75],"rotation":90,"texture":"#0"},"up":{"uv":[0.5,8,1,8.75],"rotation":180,"texture":"#0"},"down":{"uv":[1.5,8,2,8.75],"texture":"#0"}}},{"from":[2,-7,13],"to":[6,-1,17],"rotation":{"angle":22.5,"axis":"x","origin":[0,-1,0]},"faces":{"north":{"uv":[2.625,8,3.125,8.75],"texture":"#0"},"east":{"uv":[2.125,8,2.625,8.75],"texture":"#0"},"south":{"uv":[3.625,8,4.125,8.75],"texture":"#0"},"west":{"uv":[3.125,8,3.625,8.75],"texture":"#0"},"up":{"uv":[3.125,8,2.625,7.5],"texture":"#0"},"down":{"uv":[3.625,7.5,3.125,8],"texture":"#0"}}},{"from":[10,-7,13],"to":[14,-1,17],"rotation":{"angle":22.5,"axis":"x","origin":[0,-1,0]},"faces":{"north":{"uv":[0.5,8,1,8.75],"texture":"#0"},"east":{"uv":[0,8,0.5,8.75],"texture":"#0"},"south":{"uv":[1.5,8,2,8.75],"texture":"#0"},"west":{"uv":[1,8,1.5,8.75],"texture":"#0"},"up":{"uv":[1,8,0.5,7.5],"texture":"#0"},"down":{"uv":[1.5,7.5,1,8],"texture":"#0"}}},{"from":[4.5,11.5,2],"to":[11.5,16.5,12],"rotation":{"angle":0,"axis":"x","origin":[0,0,18]},"faces":{"north":{"uv":[6.5,3.75,7.25,4.25],"texture":"#0"},"east":{"uv":[5.375,3.75,6.5,4.25],"texture":"#0"},"south":{"uv":[8.375,3.75,9.125,4.25],"texture":"#0"},"west":{"uv":[7.25,3.75,8.375,4.25],"texture":"#0"},"up":{"uv":[7.25,3.75,6.5,2.625],"texture":"#0"},"down":{"uv":[8,2.625,7.25,3.75],"texture":"#0"}}},{"from":[5,8.5,2.25],"to":[11,11.5,11.25],"rotation":{"angle":0,"axis":"x","origin":[0,0,18]},"faces":{"north":{"uv":[9.125,3.25,9.875,3.625],"texture":"#0"},"east":{"uv":[8,3.25,9.125,3.625],"texture":"#0"},"south":{"uv":[11,3.25,11.75,3.625],"texture":"#0"},"west":{"uv":[9.875,3.25,11,3.625],"texture":"#0"},"up":{"uv":[9.875,3.25,9.125,2.125],"texture":"#0"},"down":{"uv":[10.625,2.125,9.875,3.25],"texture":"#0"}}},{"from":[-2.5,10.25,7.5],"to":[-1.5,16.25,11.5],"rotation":{"angle":-22.5,"axis":"z","origin":[0,0,18]},"faces":{"north":{"uv":[0.5,0.5,0.625,1.25],"texture":"#0"},"east":{"uv":[0,0.5,0.5,1.25],"texture":"#0"},"south":{"uv":[1.125,0.5,1.25,1.25],"texture":"#0"},"west":{"uv":[0.625,0.5,1.125,1.25],"texture":"#0"},"up":{"uv":[0.625,0.5,0.5,0],"texture":"#0"},"down":{"uv":[0.75,0,0.625,0.5],"texture":"#0"}}},{"from":[16.25,4,7.5],"to":[17.25,10,11.5],"rotation":{"angle":22.5,"axis":"z","origin":[0,0,18]},"faces":{"north":{"uv":[5.75,0.5,5.875,1.25],"texture":"#0"},"east":{"uv":[5.25,0.5,5.75,1.25],"texture":"#0"},"south":{"uv":[6.375,0.5,6.5,1.25],"texture":"#0"},"west":{"uv":[5.875,0.5,6.375,1.25],"texture":"#0"},"up":{"uv":[5.875,0.5,5.75,0],"texture":"#0"},"down":{"uv":[6,0,5.875,0.5],"texture":"#0"}}},{"from":[2.75,2,0],"to":[2.75,18,16],"rotation":{"angle":45,"axis":"y","origin":[-3.25,2,6]},"faces":{"north":{"uv":[0,0,0,2],"texture":"#1"},"east":{"uv":[0,0,16,16],"texture":"#1"},"south":{"uv":[0,0,0,2],"texture":"#1"},"west":{"uv":[0,0,16,16],"texture":"#1"},"up":{"uv":[0,0,0,2],"texture":"#1"},"down":{"uv":[0,0,0,2],"texture":"#1"}}},{"from":[-1.25,2,-8],"to":[-1.25,18,8],"rotation":{"angle":-45,"axis":"y","origin":[-3.25,2,6]},"faces":{"north":{"uv":[0,0,0,2],"texture":"#1"},"east":{"uv":[0,0,16,16],"texture":"#1"},"south":{"uv":[0,0,0,2],"texture":"#1"},"west":{"uv":[0,0,16,16],"texture":"#1"},"up":{"uv":[0,0,0,2],"texture":"#1"},"down":{"uv":[0,0,0,2],"texture":"#1"}}},{"from":[-0.75,-15.75,10.25],"to":[16.75,5.75,25.75],"rotation":{"angle":-22.5,"axis":"x","origin":[0,0,0]},"faces":{"north":{"uv":[1.5,1.5,3.25,3.75],"texture":"#0"},"east":{"uv":[0,1.5,1.5,3.75],"texture":"#0"},"south":{"uv":[4.75,1.5,6.5,3.75],"texture":"#0"},"west":{"uv":[3.25,1.5,4.75,3.75],"texture":"#0"},"up":{"uv":[3.25,1.5,1.5,0],"texture":"#0"},"down":{"uv":[5,0,3.25,1.5],"texture":"#0"}}},{"from":[0,-15,10],"to":[16,5,24],"rotation":{"angle":-22.5,"axis":"x","origin":[0,0,0]},"faces":{"north":{"uv":[1.5,5.25,3.25,7.5],"texture":"#0"},"east":{"uv":[0,5.25,1.5,7.5],"texture":"#0"},"south":{"uv":[4.75,5.25,6.5,7.5],"texture":"#0"},"west":{"uv":[3.25,5.25,4.75,7.5],"texture":"#0"},"up":{"uv":[3.25,5.25,1.5,3.75],"texture":"#0"},"down":{"uv":[5,3.75,3.25,5.25],"texture":"#0"}}},{"from":[-0.5,-15.5,14.5],"to":[16.5,5.5,25.5],"rotation":{"angle":-22.5,"axis":"x","origin":[0,0,0]},"faces":{"north":{"uv":[1,9.75,2.75,12],"texture":"#0"},"east":{"uv":[0,9.75,1,12],"texture":"#0"},"south":{"uv":[3.75,9.75,5.5,12],"texture":"#0"},"west":{"uv":[2.75,9.75,3.75,12],"texture":"#0"},"up":{"uv":[2.75,9.75,1,8.75],"texture":"#0"},"down":{"uv":[4.5,8.75,2.75,9.75],"texture":"#0"}}},{"from":[0.5,-14.5,8],"to":[15.5,4.5,10],"rotation":{"angle":-22.5,"axis":"x","origin":[0,0,0]},"faces":{"north":{"uv":[7,5.375,9,7.875],"texture":"#0"},"east":{"uv":[6.625,5.375,7,7.875],"texture":"#0"},"south":{"uv":[9.375,5.375,11.375,7.875],"texture":"#0"},"west":{"uv":[9,5.375,9.375,7.875],"texture":"#0"},"up":{"uv":[9,5.375,7,5],"texture":"#0"},"down":{"uv":[11,5,9,5.375],"texture":"#0"}}}]}