{"display":{"thirdperson_righthand":{"rotation":[75,45,0],"translation":[0,2,0],"scale":[0.2,0.2,0.2]},"thirdperson_lefthand":{"rotation":[75,45,0],"translation":[0,2,0],"scale":[0.2,0.2,0.2]},"firstperson_righthand":{"rotation":[0,45,0],"translation":[0,1,0],"scale":[0.3,0.3,0.3]},"firstperson_lefthand":{"rotation":[0,45,0],"translation":[0,1,0],"scale":[0.3,0.3,0.3]},"ground":{"translation":[0,5,0],"scale":[0.2,0.2,0.2]},"gui":{"rotation":[30,225,0],"translation":[0,2.5,0],"scale":[0.425,0.425,0.425]},"head":{"rotation":[0,15,0],"translation":[0,33.75,0],"scale":[1.1,1.1,1.1]},"fixed":{"translation":[0,3.5,0],"scale":[0.5,0.5,0.5]}},"texture_size":[64,128],"textures":{"0":"entity/strider/strider"},"elements":[{"from":[0,-1,0],"to":[16,13,16],"faces":{"north":{"uv":[4,2,8,3.75],"texture":"#0"},"east":{"uv":[0,2,4,3.75],"texture":"#0"},"south":{"uv":[12,2,16,3.75],"texture":"#0"},"west":{"uv":[8,2,12,3.75],"texture":"#0"},"up":{"uv":[8,2,4,0],"texture":"#0"},"down":{"uv":[12,0,8,2],"texture":"#0"}}},{"from":[10,-16,6],"to":[14,1,10],"faces":{"north":{"uv":[1,7.375,2,9.5],"texture":"#0"},"east":{"uv":[0,7.375,1,9.5],"texture":"#0"},"south":{"uv":[3,7.375,4,9.5],"texture":"#0"},"west":{"uv":[2,7.375,3,9.5],"texture":"#0"},"up":{"uv":[2,7.375,1,6.875],"texture":"#0"},"down":{"uv":[3,6.875,2,7.375],"texture":"#0"}}},{"from":[2,-16,6],"to":[6,1,10],"faces":{"north":{"uv":[1,4.5,2,6.625],"texture":"#0"},"east":{"uv":[0,4.5,1,6.625],"texture":"#0"},"south":{"uv":[3,4.5,4,6.625],"texture":"#0"},"west":{"uv":[2,4.5,3,6.625],"texture":"#0"},"up":{"uv":[2,4.5,1,4],"texture":"#0"},"down":{"uv":[3,4,2,4.5],"texture":"#0"}}},{"from":[16,0,0],"to":[16,12,16],"rotation":{"angle":22.5,"axis":"z","origin":[16,12,9]},"faces":{"north":{"uv":[8,6.125,5,6.125],"rotation":270,"texture":"#0"},"east":{"uv":[8,6.125,11,4.125],"rotation":90,"texture":"#0"},"south":{"uv":[15,6.125,12,6.125],"rotation":90,"texture":"#0"},"west":{"uv":[8,4.125,11,6.125],"rotation":90,"texture":"#0"},"up":{"uv":[5,6.125,1,6.125],"rotation":90,"texture":"#0"},"down":{"uv":[12,6.125,8,6.125],"rotation":90,"texture":"#0"}}},{"from":[16,-4,0],"to":[16,8,16],"rotation":{"angle":22.5,"axis":"z","origin":[16,8,10]},"faces":{"north":{"uv":[8,8.125,5,8.125],"rotation":270,"texture":"#0"},"east":{"uv":[8,8.125,11,6.125],"rotation":90,"texture":"#0"},"south":{"uv":[15,8.125,12,8.125],"rotation":90,"texture":"#0"},"west":{"uv":[8,6.125,11,8.125],"rotation":90,"texture":"#0"},"up":{"uv":[5,8.125,1,8.125],"rotation":90,"texture":"#0"},"down":{"uv":[12,8.125,8,8.125],"rotation":90,"texture":"#0"}}},{"from":[16,-9,0],"to":[16,3,16],"rotation":{"angle":22.5,"axis":"z","origin":[16,3,8]},"faces":{"north":{"uv":[8,10.125,5,10.125],"rotation":270,"texture":"#0"},"east":{"uv":[8,10.125,11,8.125],"rotation":90,"texture":"#0"},"south":{"uv":[15,10.125,12,10.125],"rotation":90,"texture":"#0"},"west":{"uv":[8,8.125,11,10.125],"rotation":90,"texture":"#0"},"up":{"uv":[5,10.125,1,10.125],"rotation":90,"texture":"#0"},"down":{"uv":[12,10.125,8,10.125],"rotation":90,"texture":"#0"}}},{"from":[0,1,0],"to":[0,13,16],"rotation":{"angle":-22.5,"axis":"z","origin":[0,13,8]},"faces":{"north":{"uv":[5,6.125,8,6.125],"rotation":90,"texture":"#0"},"east":{"uv":[11,4.125,8,6.125],"rotation":270,"texture":"#0"},"south":{"uv":[12,6.125,15,6.125],"rotation":270,"texture":"#0"},"west":{"uv":[11,6.125,8,4.125],"rotation":270,"texture":"#0"},"up":{"uv":[1,6.125,5,6.125],"rotation":270,"texture":"#0"},"down":{"uv":[8,6.125,12,6.125],"rotation":270,"texture":"#0"}}},{"from":[0,-3,0],"to":[0,9,16],"rotation":{"angle":-22.5,"axis":"z","origin":[0,9,9]},"faces":{"north":{"uv":[5,8.125,8,8.125],"rotation":90,"texture":"#0"},"east":{"uv":[11,6.125,8,8.125],"rotation":270,"texture":"#0"},"south":{"uv":[12,8.125,15,8.125],"rotation":270,"texture":"#0"},"west":{"uv":[11,8.125,8,6.125],"rotation":270,"texture":"#0"},"up":{"uv":[1,8.125,5,8.125],"rotation":270,"texture":"#0"},"down":{"uv":[8,8.125,12,8.125],"rotation":270,"texture":"#0"}}},{"from":[0,-8,0],"to":[0,4,16],"rotation":{"angle":-22.5,"axis":"z","origin":[0,4,10]},"faces":{"north":{"uv":[5,10.125,8,10.125],"rotation":90,"texture":"#0"},"east":{"uv":[11,8.125,8,10.125],"rotation":270,"texture":"#0"},"south":{"uv":[12,10.125,15,10.125],"rotation":270,"texture":"#0"},"west":{"uv":[11,10.125,8,8.125],"rotation":270,"texture":"#0"},"up":{"uv":[1,10.125,5,10.125],"rotation":270,"texture":"#0"},"down":{"uv":[8,10.125,12,10.125],"rotation":270,"texture":"#0"}}}]}