{"display":{"thirdperson_righthand":{"rotation":[77,2,2],"translation":[0,1.5,0],"scale":[0.3,0.3,0.3]},"thirdperson_lefthand":{"rotation":[77,2,2],"translation":[0,1.5,0],"scale":[0.3,0.3,0.3]},"firstperson_righthand":{"rotation":[-147,0,0],"translation":[1.13,3.2,1.13],"scale":[0.51,0.51,0.51]},"firstperson_lefthand":{"rotation":[-147,0,0],"translation":[1.13,3.2,1.13],"scale":[0.51,0.51,0.51]},"ground":{"rotation":[-180,0,0],"scale":[0.45,0.45,0.45]},"gui":{"rotation":[13,-22,0],"scale":[0.4,0.4,0.4]},"head":{"rotation":[3,0,0],"translation":[1.25,-3.5,-5],"scale":[1.6,1.6,1.6]},"fixed":{"rotation":[4,0,0]}},"textures":{"1":"item/balladeer_hat","2":"item/balladeer_hat","3":"item/hat_cape","particle":"item/balladeer_hat"},"elements":[{"name":"hat_model","from":[-4.5,13.5,3.5],"to":[-2.5,15.5,4.5],"faces":{"north":{"uv":[8.25,3,9,3.75],"texture":"#1"},"east":{"uv":[7.75,2.5,8.75,4.25],"texture":"#1"},"south":{"uv":[8.25,3,9,3.75],"texture":"#1"},"west":{"uv":[7.75,2.5,8.75,4.25],"texture":"#1"},"up":{"uv":[7.75,2.5,9.5,3.25],"texture":"#1"},"down":{"uv":[7.75,2.5,9.5,3.5],"texture":"#1"}}},{"name":"hat_model","from":[17.5,13.5,3.5],"to":[19.5,15.5,4.5],"faces":{"north":{"uv":[8.25,3,9,3.75],"texture":"#1"},"east":{"uv":[7.75,2.5,8.75,4.25],"texture":"#1"},"south":{"uv":[8.25,3,9,3.75],"texture":"#1"},"west":{"uv":[7.75,2.5,8.75,4.25],"texture":"#1"},"up":{"uv":[7.75,2.5,9.5,3.25],"texture":"#1"},"down":{"uv":[7.75,2.5,9.5,3.5],"texture":"#1"}}},{"name":"hat_model","from":[15.5,-16,3.5],"to":[21.5,13.5,3.5],"faces":{"north":{"uv":[10,5,12.5,15.5],"texture":"#1"},"east":{"uv":[0,0,12,12],"texture":"#2"},"south":{"uv":[10,5,12.5,15.5],"texture":"#1"},"west":{"uv":[0,0,12,12],"texture":"#2"},"up":{"uv":[0,0,12,12],"texture":"#2"},"down":{"uv":[0,2,10,12],"texture":"#2"}}},{"name":"hat_model","from":[-6.5,-16,3.5],"to":[-0.5,13.5,3.5],"faces":{"north":{"uv":[10,5,12.5,15.5],"texture":"#1"},"east":{"uv":[0,0,12,12],"texture":"#2"},"south":{"uv":[10,5,12.5,15.5],"texture":"#1"},"west":{"uv":[0,0,12,12],"texture":"#2"},"up":{"uv":[0,0,12,12],"texture":"#2"},"down":{"uv":[0,2,10,12],"texture":"#2"}}},{"name":"hat_model","from":[-4.5,13.5,8.5],"to":[-1.5,15.5,16.5],"faces":{"north":{"uv":[10.75,3.75,13,4.5],"texture":"#1"},"east":{"uv":[10.75,1.75,13,2.5],"texture":"#1"},"south":{"uv":[10.75,3.75,13,4.5],"texture":"#1"},"west":{"uv":[10.75,1.75,13,2.5],"texture":"#1"},"up":{"uv":[10.25,2.25,10.75,4.25],"texture":"#1"},"down":{"uv":[10.25,1.75,10.75,5],"texture":"#1"}}},{"name":"hat_model","from":[16.5,13.5,8.5],"to":[19.5,15.5,16.5],"faces":{"north":{"uv":[10.75,3.75,13,4.5],"texture":"#1"},"east":{"uv":[10.75,1.75,13,2.5],"texture":"#1"},"south":{"uv":[10.75,3.75,13,4.5],"texture":"#1"},"west":{"uv":[10.75,1.75,13,2.5],"texture":"#1"},"up":{"uv":[10.25,2.25,10.75,4.25],"texture":"#1"},"down":{"uv":[10.25,1.75,10.75,5],"texture":"#1"}}},{"name":"hat_model","from":[-4.5,15.5,9.5],"to":[-1.5,17.5,15.5],"faces":{"north":{"uv":[10.25,2.5,10.75,2.75],"texture":"#1"},"east":{"uv":[10.75,1.75,13,2.5],"texture":"#1"},"south":{"uv":[10.25,3,10.75,3.25],"texture":"#1"},"west":{"uv":[10.75,1.75,13,2.5],"texture":"#1"},"up":{"uv":[10.75,3.5,12,4.75],"texture":"#1"},"down":{"uv":[0,2,10,12],"texture":"#2"}}},{"name":"hat_model","from":[16.5,15.5,9.5],"to":[19.5,17.5,15.5],"faces":{"north":{"uv":[10.25,2.5,10.75,2.75],"texture":"#1"},"east":{"uv":[10.75,1.75,13,2.5],"texture":"#1"},"south":{"uv":[10.25,3,10.75,3.25],"texture":"#1"},"west":{"uv":[10.75,1.75,13,2.5],"texture":"#1"},"up":{"uv":[11.75,3.5,13,4.75],"texture":"#1"},"down":{"uv":[0,2,10,12],"texture":"#2"}}},{"name":"hat_model","from":[15.5,13.5,3.5],"to":[16.5,20.5,6.5],"rotation":{"angle":22.5,"axis":"y","origin":[0,0,0]},"faces":{"north":{"uv":[8.75,0.5,9,1.75],"rotation":180,"texture":"#1"},"east":{"uv":[8,1,9.25,2],"rotation":270,"texture":"#1"},"south":{"uv":[8.25,0.5,8.5,2],"texture":"#1"},"west":{"uv":[8,1.25,9,2],"rotation":90,"texture":"#1"},"up":{"uv":[8,0.75,8.25,2],"rotation":180,"texture":"#1"},"down":{"uv":[8.5,1,8.75,2],"texture":"#1"}}},{"name":"hat_model","from":[5.5,13.5,18.5],"to":[9.5,20.5,19.5],"faces":{"north":{"uv":[8,1.25,9,2],"rotation":90,"texture":"#1"},"east":{"uv":[8.75,0.5,9,1.75],"rotation":180,"texture":"#1"},"south":{"uv":[8,1,9.25,2],"rotation":270,"texture":"#1"},"west":{"uv":[8.25,0.5,8.5,2],"texture":"#1"},"up":{"uv":[8,0.75,8.25,2],"rotation":270,"texture":"#1"},"down":{"uv":[8.5,1,8.75,2],"rotation":270,"texture":"#1"}}},{"name":"hat_model","from":[-2.5,13.5,-2.5],"to":[-1.5,20.5,0.5],"rotation":{"angle":-22.5,"axis":"y","origin":[0,0,0]},"faces":{"north":{"uv":[8.75,0.5,9,1.75],"rotation":180,"texture":"#1"},"east":{"uv":[8,1,9.25,2],"rotation":270,"texture":"#1"},"south":{"uv":[8.25,0.5,8.5,2],"texture":"#1"},"west":{"uv":[8,1.25,9,2],"rotation":90,"texture":"#1"},"up":{"uv":[8,0.75,8.25,2],"rotation":180,"texture":"#1"},"down":{"uv":[8.5,1,8.75,2],"texture":"#1"}}},{"name":"hat_model","from":[16.5,-5.5,1.5],"to":[19.5,-2.5,4.5],"faces":{"north":{"uv":[8.75,0.5,9,1.75],"rotation":180,"texture":"#1"},"east":{"uv":[8,1,9.25,2],"rotation":270,"texture":"#1"},"south":{"uv":[8.25,0.5,8.5,2],"texture":"#1"},"west":{"uv":[8,1.25,9,2],"rotation":90,"texture":"#1"},"up":{"uv":[8,0.75,8.25,2],"rotation":180,"texture":"#1"},"down":{"uv":[8.5,1,8.75,2],"texture":"#1"}}},{"name":"hat_model","from":[-4.5,-5.5,1.5],"to":[-1.5,-2.5,4.5],"faces":{"north":{"uv":[8.75,0.5,9,1.75],"rotation":180,"texture":"#1"},"east":{"uv":[8,1,9.25,2],"rotation":270,"texture":"#1"},"south":{"uv":[8.25,0.5,8.5,2],"texture":"#1"},"west":{"uv":[8,1.25,9,2],"rotation":90,"texture":"#1"},"up":{"uv":[8,0.75,8.25,2],"rotation":180,"texture":"#1"},"down":{"uv":[8.5,1,8.75,2],"texture":"#1"}}},{"name":"hat_model","from":[11.5,18.5,3.5],"to":[15.5,19.5,6.5],"rotation":{"angle":22.5,"axis":"y","origin":[0,0,0]},"faces":{"north":{"uv":[7.75,0.75,8.75,1],"rotation":180,"texture":"#1"},"east":{"uv":[0,0,12,12],"rotation":270,"texture":"#2"},"south":{"uv":[7.75,1.75,9,2],"texture":"#1"},"west":{"uv":[8,1,8.25,2],"rotation":90,"texture":"#1"},"up":{"uv":[8,1,9,1.75],"rotation":180,"texture":"#1"},"down":{"uv":[8,1.5,8.75,2],"texture":"#1"}}},{"name":"hat_model","from":[5.5,18.5,14.5],"to":[9.5,19.5,18.5],"faces":{"north":{"uv":[8,1,8.25,2],"rotation":90,"texture":"#1"},"east":{"uv":[7.75,0.75,8.75,1],"rotation":180,"texture":"#1"},"south":{"uv":[0,0,12,12],"rotation":270,"texture":"#2"},"west":{"uv":[7.75,1.75,9,2],"texture":"#1"},"up":{"uv":[8,1,9,1.75],"rotation":270,"texture":"#1"},"down":{"uv":[8,1.5,8.75,2],"rotation":270,"texture":"#1"}}},{"name":"hat_model","from":[-1.5,18.5,-2.5],"to":[2.5,19.5,0.5],"rotation":{"angle":-22.5,"axis":"y","origin":[0,0,0]},"faces":{"north":{"uv":[7.75,0.75,8.75,1],"rotation":180,"texture":"#1"},"east":{"uv":[9,0.5,9.25,2],"rotation":270,"texture":"#1"},"south":{"uv":[7.75,1.75,9,2],"texture":"#1"},"west":{"uv":[8,1,8.25,2],"rotation":90,"texture":"#1"},"up":{"uv":[8,1,9,1.75],"rotation":180,"texture":"#1"},"down":{"uv":[8,1.5,8.75,2],"texture":"#1"}}},{"name":"hat_model","from":[11.5,16.5,3.5],"to":[12.5,18.5,6.5],"rotation":{"angle":22.5,"axis":"y","origin":[0,0,0]},"faces":{"north":{"uv":[8.5,0.75,9,1.75],"rotation":180,"texture":"#1"},"east":{"uv":[8.25,1,8.75,1.75],"rotation":270,"texture":"#1"},"south":{"uv":[7.75,1,8,1.75],"texture":"#1"},"west":{"uv":[8,1,8.75,2],"rotation":90,"texture":"#1"},"up":{"uv":[0,0,12,12],"rotation":180,"texture":"#2"},"down":{"uv":[8.75,1,9,2],"texture":"#1"}}},{"name":"hat_model","from":[5.5,16.5,14.5],"to":[9.5,18.5,15.5],"faces":{"north":{"uv":[8,1,8.75,2],"rotation":90,"texture":"#1"},"east":{"uv":[8.5,0.75,9,1.75],"rotation":180,"texture":"#1"},"south":{"uv":[8.25,1,8.75,1.75],"rotation":270,"texture":"#1"},"west":{"uv":[7.75,1,8,1.75],"texture":"#1"},"up":{"uv":[0,0,12,12],"rotation":270,"texture":"#2"},"down":{"uv":[8.75,1,9,2],"rotation":270,"texture":"#1"}}},{"name":"hat_model","from":[1.5,16.5,-2.5],"to":[2.5,18.5,0.5],"rotation":{"angle":-22.5,"axis":"y","origin":[0,0,0]},"faces":{"north":{"uv":[8.5,0.75,9,1.75],"rotation":180,"texture":"#1"},"east":{"uv":[8.25,1,8.75,1.75],"rotation":270,"texture":"#1"},"south":{"uv":[7.75,1,8,1.75],"texture":"#1"},"west":{"uv":[8,1,8.75,2],"rotation":90,"texture":"#1"},"up":{"uv":[0,0,12,12],"rotation":180,"texture":"#2"},"down":{"uv":[8.75,1,9,2],"texture":"#1"}}},{"name":"hat_model","from":[12.5,19.5,3.5],"to":[13.5,20.5,6.5],"rotation":{"angle":22.5,"axis":"y","origin":[0,0,0]},"faces":{"north":{"uv":[8.75,1.5,9.25,2],"rotation":180,"texture":"#1"},"east":{"uv":[8,1.25,8.5,1.75],"rotation":270,"texture":"#1"},"south":{"uv":[8.25,1,8.75,1.5],"texture":"#1"},"west":{"uv":[8.25,1,8.5,2],"rotation":90,"texture":"#1"},"up":{"uv":[8,1,8.25,1.75],"rotation":180,"texture":"#1"},"down":{"uv":[9.25,0,12,2.75],"texture":"#2"}}},{"name":"hat_model","from":[5.5,19.5,15.5],"to":[9.5,20.5,16.5],"faces":{"north":{"uv":[8,1.25,8.5,1.75],"rotation":270,"texture":"#1"},"east":{"uv":[8.25,1,8.75,1.5],"texture":"#1"},"south":{"uv":[8.25,1,8.5,2],"rotation":90,"texture":"#1"},"west":{"uv":[8.75,1.5,9.25,2],"rotation":180,"texture":"#1"},"up":{"uv":[8,1,8.25,1.75],"rotation":90,"texture":"#1"},"down":{"uv":[9.25,0,12,2.75],"rotation":90,"texture":"#2"}}},{"name":"hat_model","from":[0.5,19.5,-2.5],"to":[1.5,20.5,0.5],"rotation":{"angle":-22.5,"axis":"y","origin":[0,0,0]},"faces":{"north":{"uv":[8.75,1.5,9.25,2],"rotation":180,"texture":"#1"},"east":{"uv":[8,1.25,8.5,1.75],"rotation":270,"texture":"#1"},"south":{"uv":[8.25,1,8.75,1.5],"texture":"#1"},"west":{"uv":[8.25,1,8.5,2],"rotation":90,"texture":"#1"},"up":{"uv":[8,1,8.25,1.75],"rotation":180,"texture":"#1"},"down":{"uv":[9.25,0,12,2.75],"texture":"#2"}}},{"name":"hat_model","from":[3.5,15.5,4.5],"to":[11.5,17.5,12.5],"rotation":{"angle":0,"axis":"y","origin":[7.5,14.5,8.5]},"faces":{"north":{"uv":[7.75,2.5,9.5,2.75],"texture":"#1"},"east":{"uv":[7.75,2.5,9.5,2.75],"texture":"#1"},"south":{"uv":[7.75,2.5,9.5,2.75],"texture":"#1"},"west":{"uv":[7.75,2.5,9.5,2.75],"texture":"#1"},"up":{"uv":[7.75,2.5,9.5,4.25],"texture":"#1"},"down":{"uv":[0,2,10,12],"texture":"#2"}}},{"name":"hat_model","from":[-2,14,-1],"to":[17,15,18],"rotation":{"angle":0,"axis":"y","origin":[8,8,8]},"faces":{"north":{"uv":[0,6.25,6.5,6.5],"texture":"#1"},"east":{"uv":[0,6.25,6.5,6.5],"texture":"#1"},"south":{"uv":[0,0,6.5,0.25],"texture":"#1"},"west":{"uv":[0,0,6.5,0.25],"rotation":180,"texture":"#1"},"up":{"uv":[0,0,6.5,6.5],"texture":"#1"},"down":{"uv":[0.25,7.5,6.25,13.5],"texture":"#1"}}},{"name":"hat_model","from":[0,15,1],"to":[15,16,16],"rotation":{"angle":0,"axis":"y","origin":[8,8,8]},"faces":{"north":{"uv":[0,5.5,6.25,6],"texture":"#1"},"east":{"uv":[0,5.75,6.5,6.25],"texture":"#1"},"south":{"uv":[0,5.75,6.5,6.25],"texture":"#1"},"west":{"uv":[0,6,6.5,6.5],"texture":"#1"},"up":{"uv":[0,0,6.5,6.5],"texture":"#1"},"down":{"uv":[0,0,12,12],"texture":"#2"}}},{"name":"hat_model","from":[-4,14,-2],"to":[-3,15,19],"rotation":{"angle":0,"axis":"y","origin":[8,8,8]},"faces":{"north":{"uv":[0,0,12,12],"texture":"#2"},"east":{"uv":[6.5,1,12,1.25],"texture":"#1"},"south":{"uv":[0,0,12,12],"texture":"#2"},"west":{"uv":[11,1,14.75,1.25],"texture":"#1"},"up":{"uv":[8.25,0.5,8.5,2],"texture":"#1"},"down":{"uv":[8.5,0.5,8.75,2],"texture":"#1"}}},{"name":"hat_model","from":[18,14,-2],"to":[19,15,19],"rotation":{"angle":0,"axis":"y","origin":[8,8,8]},"faces":{"north":{"uv":[0,0,12,12],"texture":"#2"},"east":{"uv":[6.5,1,12,1.25],"texture":"#1"},"south":{"uv":[0,0,12,12],"texture":"#2"},"west":{"uv":[11,1,14.75,1.25],"texture":"#1"},"up":{"uv":[8.25,0.5,8.5,2],"texture":"#1"},"down":{"uv":[8.5,0.5,8.75,2],"texture":"#1"}}},{"name":"hat_model","from":[-4,-9,20],"to":[8,15,20],"rotation":{"angle":-22.5,"axis":"y","origin":[8.5,14.5,19.5]},"faces":{"north":{"uv":[7.75,0,11.25,7.5],"texture":"#3"},"east":{"uv":[0,0,12,12],"texture":"#2"},"south":{"uv":[1.25,0,4.75,7.5],"texture":"#3"},"west":{"uv":[0,0,12,12],"texture":"#2"},"up":{"uv":[0,0,12,12],"rotation":90,"texture":"#2"},"down":{"uv":[0,0,12,12],"rotation":270,"texture":"#2"}}},{"name":"hat_model","from":[7,-9,19],"to":[19,15,19],"rotation":{"angle":22.5,"axis":"y","origin":[8.5,14.5,19.5]},"faces":{"north":{"uv":[1.25,0,4.75,7.5],"texture":"#3"},"east":{"uv":[0,0,12,12],"texture":"#2"},"south":{"uv":[7.75,0,11.25,7.5],"texture":"#3"},"west":{"uv":[0,0,12,12],"texture":"#2"},"up":{"uv":[0,0,12,12],"rotation":90,"texture":"#2"},"down":{"uv":[0,0,12,12],"rotation":270,"texture":"#2"}}},{"name":"hat_model","from":[-4,14,19],"to":[19,15,20],"rotation":{"angle":0,"axis":"y","origin":[8.5,14.5,19.5]},"faces":{"north":{"uv":[8.25,1,13.25,1.25],"texture":"#1"},"east":{"uv":[8.5,1.25,9,1.75],"texture":"#1"},"south":{"uv":[9,1,16,1.25],"texture":"#1"},"west":{"uv":[8.25,1,8.75,1.5],"texture":"#1"},"up":{"uv":[7.75,0.5,8,2],"rotation":90,"texture":"#1"},"down":{"uv":[8,0.5,8.25,2],"rotation":270,"texture":"#1"}}},{"name":"hat_model","from":[-4,14,-3],"to":[19,15,-2],"rotation":{"angle":0,"axis":"y","origin":[8.5,14.5,19.5]},"faces":{"north":{"uv":[8.25,1,13.25,1.25],"texture":"#1"},"east":{"uv":[8.5,1.25,9,1.75],"texture":"#1"},"south":{"uv":[9,1,16,1.25],"texture":"#1"},"west":{"uv":[8.25,1,8.75,1.5],"texture":"#1"},"up":{"uv":[7.75,0.5,8,2],"rotation":90,"texture":"#1"},"down":{"uv":[8,0.5,8.25,2],"rotation":270,"texture":"#1"}}}],"gui_light":"front"}