{
    "display": {
        "thirdperson_righthand": {
            "rotation": [
                75,
                45,
                0
            ],
            "translation": [
                0,
                2.5,
                0
            ],
            "scale": [
                0.375,
                0.375,
                0.375
            ]
        },
        "thirdperson_lefthand": {
            "rotation": [
                75,
                45,
                0
            ],
            "translation": [
                0,
                2.5,
                0
            ],
            "scale": [
                0.375,
                0.375,
                0.375
            ]
        },
        "firstperson_righthand": {
            "rotation": [
                0,
                45,
                0
            ],
            "scale": [
                0.4,
                0.4,
                0.4
            ]
        },
        "firstperson_lefthand": {
            "rotation": [
                0,
                45,
                0
            ],
            "scale": [
                0.4,
                0.4,
                0.4
            ]
        },
        "ground": {
            "translation": [
                0,
                3,
                0
            ],
            "scale": [
                0.25,
                0.25,
                0.25
            ]
        },
        "gui": {
            "rotation": [
                30,
                225,
                0
            ],
            "scale": [
                0.625,
                0.625,
                0.625
            ]
        },
        "head": {
            "translation": [
                0,
                4.25,
                0
            ],
            "scale": [
                1.5,
                1.5,
                1.5
            ]
        },
        "fixed": {
            "rotation": [
                -90,
                0,
                0
            ],
            "translation": [
                0,
                0,
                -15
            ],
            "scale": [
                2,
                2,
                2
            ]
        }
    },
    "texture_size": [
        64,
        64
    ],
    "textures": {
        "0": "christmas/gold_big_present"
    },
    "elements": [
        {
            "from": [
                2,
                0,
                2
            ],
            "to": [
                14,
                8,
                14
            ],
            "faces": {
                "north": {
                    "uv": [
                        3.5,
                        6,
                        6.5,
                        8
                    ],
                    "texture": "#0",
                    "tintindex": 0
                },
                "east": {
                    "uv": [
                        6.5,
                        0,
                        9.5,
                        2
                    ],
                    "texture": "#0",
                    "tintindex": 0
                },
                "south": {
                    "uv": [
                        6.5,
                        2,
                        9.5,
                        4
                    ],
                    "texture": "#0",
                    "tintindex": 0
                },
                "west": {
                    "uv": [
                        6.5,
                        4,
                        9.5,
                        6
                    ],
                    "texture": "#0",
                    "tintindex": 0
                },
                "up": {
                    "uv": [
                        6.5,
                        3,
                        3.5,
                        0
                    ],
                    "texture": "#0",
                    "tintindex": 0
                },
                "down": {
                    "uv": [
                        6.5,
                        3,
                        3.5,
                        6
                    ],
                    "texture": "#0",
                    "tintindex": 0
                }
            }
        },
        {
            "from": [
                1,
                8,
                1
            ],
            "to": [
                15,
                12,
                15
            ],
            "faces": {
                "north": {
                    "uv": [
                        0,
                        7,
                        3.5,
                        8
                    ],
                    "texture": "#0",
                    "tintindex": 0
                },
                "east": {
                    "uv": [
                        0,
                        8,
                        3.5,
                        9
                    ],
                    "texture": "#0",
                    "tintindex": 0
                },
                "south": {
                    "uv": [
                        3.5,
                        8,
                        7,
                        9
                    ],
                    "texture": "#0",
                    "tintindex": 0
                },
                "west": {
                    "uv": [
                        7,
                        8,
                        10.5,
                        9
                    ],
                    "texture": "#0",
                    "tintindex": 0
                },
                "up": {
                    "uv": [
                        3.5,
                        3.5,
                        0,
                        0
                    ],
                    "texture": "#0",
                    "tintindex": 0
                },
                "down": {
                    "uv": [
                        3.5,
                        3.5,
                        0,
                        7
                    ],
                    "texture": "#0",
                    "tintindex": 0
                }
            }
        },
        {
            "from": [
                0.75,
                7.75,
                6
            ],
            "to": [
                1.75,
                7.75,
                10
            ],
            "faces": {
                "north": {
                    "uv": [
                        0,
                        0,
                        0.25,
                        0
                    ],
                    "texture": "#0"
                },
                "east": {
                    "uv": [
                        0,
                        0,
                        1,
                        0
                    ],
                    "texture": "#0"
                },
                "south": {
                    "uv": [
                        0,
                        0,
                        0.25,
                        0
                    ],
                    "texture": "#0"
                },
                "west": {
                    "uv": [
                        0,
                        0,
                        1,
                        0
                    ],
                    "texture": "#0"
                },
                "up": {
                    "uv": [
                        4.5,
                        10,
                        4.25,
                        9
                    ],
                    "texture": "#0"
                },
                "down": {
                    "uv": [
                        4.5,
                        9,
                        4.25,
                        10
                    ],
                    "texture": "#0"
                }
            }
        },
        {
            "from": [
                14.25,
                7.75,
                6
            ],
            "to": [
                15.25,
                7.75,
                10
            ],
            "faces": {
                "north": {
                    "uv": [
                        0,
                        0,
                        0.25,
                        0
                    ],
                    "texture": "#0"
                },
                "east": {
                    "uv": [
                        0,
                        0,
                        1,
                        0
                    ],
                    "texture": "#0"
                },
                "south": {
                    "uv": [
                        0,
                        0,
                        0.25,
                        0
                    ],
                    "texture": "#0"
                },
                "west": {
                    "uv": [
                        0,
                        0,
                        1,
                        0
                    ],
                    "texture": "#0"
                },
                "up": {
                    "uv": [
                        4.5,
                        10,
                        4.25,
                        9
                    ],
                    "texture": "#0"
                },
                "down": {
                    "uv": [
                        4.5,
                        9,
                        4.25,
                        10
                    ],
                    "texture": "#0"
                }
            }
        },
        {
            "from": [
                0.75,
                7.75,
                6
            ],
            "to": [
                0.75,
                12.25,
                10
            ],
            "faces": {
                "north": {
                    "uv": [
                        0,
                        0,
                        0,
                        1.25
                    ],
                    "texture": "#0"
                },
                "east": {
                    "uv": [
                        2,
                        9,
                        3,
                        10.25
                    ],
                    "texture": "#0"
                },
                "south": {
                    "uv": [
                        0,
                        0,
                        0,
                        1.25
                    ],
                    "texture": "#0"
                },
                "west": {
                    "uv": [
                        2,
                        9,
                        3,
                        10.25
                    ],
                    "texture": "#0"
                },
                "up": {
                    "uv": [
                        0,
                        1,
                        0,
                        0
                    ],
                    "texture": "#0"
                },
                "down": {
                    "uv": [
                        0,
                        0,
                        0,
                        1
                    ],
                    "texture": "#0"
                }
            }
        },
        {
            "from": [
                15.25,
                7.75,
                6
            ],
            "to": [
                15.25,
                12.25,
                10
            ],
            "faces": {
                "north": {
                    "uv": [
                        0,
                        0,
                        0,
                        1.25
                    ],
                    "texture": "#0"
                },
                "east": {
                    "uv": [
                        2,
                        9,
                        3,
                        10.25
                    ],
                    "texture": "#0"
                },
                "south": {
                    "uv": [
                        0,
                        0,
                        0,
                        1.25
                    ],
                    "texture": "#0"
                },
                "west": {
                    "uv": [
                        2,
                        9,
                        3,
                        10.25
                    ],
                    "texture": "#0"
                },
                "up": {
                    "uv": [
                        0,
                        1,
                        0,
                        0
                    ],
                    "texture": "#0"
                },
                "down": {
                    "uv": [
                        0,
                        0,
                        0,
                        1
                    ],
                    "texture": "#0"
                }
            }
        },
        {
            "from": [
                6,
                0,
                1.75
            ],
            "to": [
                10,
                7.75,
                1.75
            ],
            "faces": {
                "north": {
                    "uv": [
                        0,
                        9,
                        1,
                        11
                    ],
                    "texture": "#0"
                },
                "east": {
                    "uv": [
                        0,
                        0,
                        0,
                        2
                    ],
                    "texture": "#0"
                },
                "south": {
                    "uv": [
                        0,
                        9,
                        1,
                        11
                    ],
                    "texture": "#0"
                },
                "west": {
                    "uv": [
                        0,
                        0,
                        0,
                        2
                    ],
                    "texture": "#0"
                },
                "up": {
                    "uv": [
                        0,
                        1,
                        0,
                        0
                    ],
                    "rotation": 90,
                    "texture": "#0"
                },
                "down": {
                    "uv": [
                        0,
                        0,
                        0,
                        1
                    ],
                    "rotation": 270,
                    "texture": "#0"
                }
            }
        },
        {
            "from": [
                6,
                7.75,
                0.75
            ],
            "to": [
                10,
                12.25,
                0.75
            ],
            "faces": {
                "north": {
                    "uv": [
                        2,
                        9,
                        3,
                        10.25
                    ],
                    "texture": "#0"
                },
                "east": {
                    "uv": [
                        0,
                        0,
                        0,
                        1.25
                    ],
                    "texture": "#0"
                },
                "south": {
                    "uv": [
                        2,
                        9,
                        3,
                        10.25
                    ],
                    "texture": "#0"
                },
                "west": {
                    "uv": [
                        0,
                        0,
                        0,
                        1.25
                    ],
                    "texture": "#0"
                },
                "up": {
                    "uv": [
                        0,
                        1,
                        0,
                        0
                    ],
                    "rotation": 90,
                    "texture": "#0"
                },
                "down": {
                    "uv": [
                        0,
                        0,
                        0,
                        1
                    ],
                    "rotation": 270,
                    "texture": "#0"
                }
            }
        },
        {
            "from": [
                6,
                7.75,
                0.75
            ],
            "to": [
                10,
                7.75,
                1.75
            ],
            "faces": {
                "north": {
                    "uv": [
                        0,
                        0,
                        1,
                        0
                    ],
                    "texture": "#0"
                },
                "east": {
                    "uv": [
                        0,
                        0,
                        0.25,
                        0
                    ],
                    "texture": "#0"
                },
                "south": {
                    "uv": [
                        0,
                        0,
                        1,
                        0
                    ],
                    "texture": "#0"
                },
                "west": {
                    "uv": [
                        0,
                        0,
                        0.25,
                        0
                    ],
                    "texture": "#0"
                },
                "up": {
                    "uv": [
                        4.5,
                        10,
                        4.25,
                        9
                    ],
                    "rotation": 90,
                    "texture": "#0"
                },
                "down": {
                    "uv": [
                        4.5,
                        9,
                        4.25,
                        10
                    ],
                    "rotation": 270,
                    "texture": "#0"
                }
            }
        },
        {
            "from": [
                0.75,
                12.26,
                6
            ],
            "to": [
                15.25,
                12.26,
                10
            ],
            "faces": {
                "north": {
                    "uv": [
                        0,
                        0,
                        3.75,
                        0
                    ],
                    "texture": "#0"
                },
                "east": {
                    "uv": [
                        0,
                        0,
                        1,
                        0
                    ],
                    "texture": "#0"
                },
                "south": {
                    "uv": [
                        0,
                        0,
                        3.75,
                        0
                    ],
                    "texture": "#0"
                },
                "west": {
                    "uv": [
                        0,
                        0,
                        1,
                        0
                    ],
                    "texture": "#0"
                },
                "up": {
                    "uv": [
                        10.25,
                        7,
                        6.5,
                        6
                    ],
                    "texture": "#0"
                },
                "down": {
                    "uv": [
                        10.25,
                        6,
                        6.5,
                        7
                    ],
                    "texture": "#0"
                }
            }
        },
        {
            "from": [
                6,
                12.25,
                0.75
            ],
            "to": [
                10,
                12.25,
                15.25
            ],
            "faces": {
                "north": {
                    "uv": [
                        0,
                        0,
                        1,
                        0
                    ],
                    "texture": "#0"
                },
                "east": {
                    "uv": [
                        0,
                        0,
                        3.75,
                        0
                    ],
                    "texture": "#0"
                },
                "south": {
                    "uv": [
                        0,
                        0,
                        1,
                        0
                    ],
                    "texture": "#0"
                },
                "west": {
                    "uv": [
                        0,
                        0,
                        3.75,
                        0
                    ],
                    "texture": "#0"
                },
                "up": {
                    "uv": [
                        10.25,
                        7,
                        6.5,
                        6
                    ],
                    "rotation": 90,
                    "texture": "#0"
                },
                "down": {
                    "uv": [
                        10.25,
                        6,
                        6.5,
                        7
                    ],
                    "rotation": 270,
                    "texture": "#0"
                }
            }
        },
        {
            "from": [
                6,
                7.75,
                15.25
            ],
            "to": [
                10,
                12.25,
                15.25
            ],
            "faces": {
                "north": {
                    "uv": [
                        2,
                        9,
                        3,
                        10.25
                    ],
                    "texture": "#0"
                },
                "east": {
                    "uv": [
                        0,
                        0,
                        0,
                        1.25
                    ],
                    "texture": "#0"
                },
                "south": {
                    "uv": [
                        2,
                        9,
                        3,
                        10.25
                    ],
                    "texture": "#0"
                },
                "west": {
                    "uv": [
                        0,
                        0,
                        0,
                        1.25
                    ],
                    "texture": "#0"
                },
                "up": {
                    "uv": [
                        0,
                        1,
                        0,
                        0
                    ],
                    "rotation": 90,
                    "texture": "#0"
                },
                "down": {
                    "uv": [
                        0,
                        0,
                        0,
                        1
                    ],
                    "rotation": 270,
                    "texture": "#0"
                }
            }
        },
        {
            "from": [
                6,
                7.75,
                14.25
            ],
            "to": [
                10,
                7.75,
                15.25
            ],
            "faces": {
                "north": {
                    "uv": [
                        0,
                        0,
                        1,
                        0
                    ],
                    "texture": "#0"
                },
                "east": {
                    "uv": [
                        0,
                        0,
                        0.25,
                        0
                    ],
                    "texture": "#0"
                },
                "south": {
                    "uv": [
                        0,
                        0,
                        1,
                        0
                    ],
                    "texture": "#0"
                },
                "west": {
                    "uv": [
                        0,
                        0,
                        0.25,
                        0
                    ],
                    "texture": "#0"
                },
                "up": {
                    "uv": [
                        4.5,
                        10,
                        4.25,
                        9
                    ],
                    "rotation": 90,
                    "texture": "#0"
                },
                "down": {
                    "uv": [
                        4.5,
                        9,
                        4.25,
                        10
                    ],
                    "rotation": 270,
                    "texture": "#0"
                }
            }
        },
        {
            "from": [
                6,
                0,
                14.25
            ],
            "to": [
                10,
                7.75,
                14.25
            ],
            "faces": {
                "north": {
                    "uv": [
                        0,
                        9,
                        1,
                        11
                    ],
                    "texture": "#0"
                },
                "east": {
                    "uv": [
                        0,
                        0,
                        0,
                        2
                    ],
                    "texture": "#0"
                },
                "south": {
                    "uv": [
                        0,
                        9,
                        1,
                        11
                    ],
                    "texture": "#0"
                },
                "west": {
                    "uv": [
                        0,
                        0,
                        0,
                        2
                    ],
                    "texture": "#0"
                },
                "up": {
                    "uv": [
                        0,
                        1,
                        0,
                        0
                    ],
                    "rotation": 90,
                    "texture": "#0"
                },
                "down": {
                    "uv": [
                        0,
                        0,
                        0,
                        1
                    ],
                    "rotation": 270,
                    "texture": "#0"
                }
            }
        },
        {
            "from": [
                1.75,
                0,
                6
            ],
            "to": [
                1.75,
                7.75,
                10
            ],
            "faces": {
                "north": {
                    "uv": [
                        0,
                        0,
                        0,
                        2
                    ],
                    "texture": "#0"
                },
                "east": {
                    "uv": [
                        0,
                        9,
                        1,
                        11
                    ],
                    "texture": "#0"
                },
                "south": {
                    "uv": [
                        0,
                        0,
                        0,
                        2
                    ],
                    "texture": "#0"
                },
                "west": {
                    "uv": [
                        0,
                        9,
                        1,
                        11
                    ],
                    "texture": "#0"
                },
                "up": {
                    "uv": [
                        0,
                        1,
                        0,
                        0
                    ],
                    "texture": "#0"
                },
                "down": {
                    "uv": [
                        0,
                        0,
                        0,
                        1
                    ],
                    "texture": "#0"
                }
            }
        },
        {
            "from": [
                14.25,
                0,
                6
            ],
            "to": [
                14.25,
                7.75,
                10
            ],
            "faces": {
                "north": {
                    "uv": [
                        0,
                        0,
                        0,
                        2
                    ],
                    "texture": "#0"
                },
                "east": {
                    "uv": [
                        0,
                        9,
                        1,
                        11
                    ],
                    "texture": "#0"
                },
                "south": {
                    "uv": [
                        0,
                        0,
                        0,
                        2
                    ],
                    "texture": "#0"
                },
                "west": {
                    "uv": [
                        0,
                        9,
                        1,
                        11
                    ],
                    "texture": "#0"
                },
                "up": {
                    "uv": [
                        0,
                        1,
                        0,
                        0
                    ],
                    "texture": "#0"
                },
                "down": {
                    "uv": [
                        0,
                        0,
                        0,
                        1
                    ],
                    "texture": "#0"
                }
            }
        },
        {
            "from": [
                8,
                12,
                0
            ],
            "to": [
                8,
                28,
                16
            ],
            "rotation": {
                "angle": -45,
                "axis": "y",
                "origin": [
                    8,
                    12,
                    8
                ]
            },
            "faces": {
                "north": {
                    "uv": [
                        0,
                        0,
                        0,
                        4
                    ],
                    "texture": "#0"
                },
                "east": {
                    "uv": [
                        12,
                        0,
                        16,
                        4
                    ],
                    "texture": "#0"
                },
                "south": {
                    "uv": [
                        0,
                        0,
                        0,
                        4
                    ],
                    "texture": "#0"
                },
                "west": {
                    "uv": [
                        12,
                        0,
                        16,
                        4
                    ],
                    "texture": "#0"
                },
                "up": {
                    "uv": [
                        0,
                        0,
                        4,
                        0
                    ],
                    "rotation": 90,
                    "texture": "#0"
                },
                "down": {
                    "uv": [
                        0,
                        0,
                        4,
                        0
                    ],
                    "rotation": 270,
                    "texture": "#0"
                }
            }
        },
        {
            "from": [
                0,
                12,
                8
            ],
            "to": [
                16,
                28,
                8
            ],
            "rotation": {
                "angle": -45,
                "axis": "y",
                "origin": [
                    8,
                    12,
                    8
                ]
            },
            "faces": {
                "north": {
                    "uv": [
                        12,
                        0,
                        16,
                        4
                    ],
                    "texture": "#0"
                },
                "east": {
                    "uv": [
                        0,
                        0,
                        0,
                        4
                    ],
                    "texture": "#0"
                },
                "south": {
                    "uv": [
                        12,
                        0,
                        16,
                        4
                    ],
                    "texture": "#0"
                },
                "west": {
                    "uv": [
                        0,
                        0,
                        0,
                        4
                    ],
                    "texture": "#0"
                },
                "up": {
                    "uv": [
                        0,
                        0,
                        4,
                        0
                    ],
                    "texture": "#0"
                },
                "down": {
                    "uv": [
                        0,
                        0,
                        4,
                        0
                    ],
                    "texture": "#0"
                }
            }
        }
    ]
}