{
    "parent": "minecraft:item/generated",
    "textures": {
        "layer0": "minecraft:item/carved_pumpkin"
    },
    "overrides": [
        {
            "predicate": {
                "custom_model_data": 5000
            },
            "model": "requlogia:cosmetics/hats/hanega"
        },
        {
            "predicate": {
                "custom_model_data": 5001
            },
            "model": "requlogia:cosmetics/hats/hanega_charged"
        },
        {
            "predicate": {
                "custom_model_data": 5002
            },
            "model": "requlogia:cosmetics/hats/wanderer_hat"
        },
        {
            "predicate": {
                "custom_model_data": 5003
            },
            "model": "requlogia:cosmetics/hats/wanderer_hat2"
        },
        {
            "predicate": {
                "custom_model_data": 5004
            },
            "model": "requlogia:cosmetics/hats/wanderer_hat3"
        },
        {
            "predicate": {
                "custom_model_data": 5005
            },
            "model": "requlogia:cosmetics/hats/wanderer_hat4"
        },
        {
            "predicate": {
                "custom_model_data": 5006
            },
            "model": "requlogia:cosmetics/hats/wanderer_hat5"
        },
        {
            "predicate": {
                "custom_model_data": 5007
            },
            "model": "requlogia:cosmetics/hats/scaramouche_hat"
        },
        {
            "predicate": {
                "custom_model_data": 5008
            },
            "model": "requlogia:cosmetics/hats/scaramouche_hat2"
        },
        {
            "predicate": {
                "custom_model_data": 5009
            },
            "model": "requlogia:cosmetics/wings/allay_wings"
        },
        {
            "predicate": {
                "custom_model_data": 5010
            },
            "model": "requlogia:cosmetics/wings/angel_wings"
        },
        {
            "predicate": {
                "custom_model_data": 5011
            },
            "model": "requlogia:cosmetics/wings/azalea_wings"
        },
        {
            "predicate": {
                "custom_model_data": 5012
            },
            "model": "requlogia:cosmetics/wings/bat_wings"
        },
        {
            "predicate": {
                "custom_model_data": 5013
            },
            "model": "requlogia:cosmetics/wings/bee_wings"
        },
        {
            "predicate": {
                "custom_model_data": 5014
            },
            "model": "requlogia:cosmetics/wings/bone_wings"
        },
        {
            "predicate": {
                "custom_model_data": 5015
            },
            "model": "requlogia:cosmetics/wings/butterfly_wings"
        },
        {
            "predicate": {
                "custom_model_data": 5016
            },
            "model": "requlogia:cosmetics/wings/death_wings"
        },
        {
            "predicate": {
                "custom_model_data": 5017
            },
            "model": "requlogia:cosmetics/wings/devil_wings"
        },
        {
            "predicate": {
                "custom_model_data": 5018
            },
            "model": "requlogia:cosmetics/wings/ender_dragon_wings"
        },
        {
            "predicate": {
                "custom_model_data": 5019
            },
            "model": "requlogia:cosmetics/wings/icy_wings"
        },
        {
            "predicate": {
                "custom_model_data": 5020
            },
            "model": "requlogia:cosmetics/wings/magic_wings"
        },
        {
            "predicate": {
                "custom_model_data": 5021
            },
            "model": "requlogia:cosmetics/wings/mecha_wings"
        },
        {
            "predicate": {
                "custom_model_data": 5022
            },
            "model": "requlogia:cosmetics/wings/night_wings"
        },
        {
            "predicate": {
                "custom_model_data": 5023
            },
            "model": "requlogia:cosmetics/wings/phantom_wings"
        },
        {
            "predicate": {
                "custom_model_data": 5024
            },
            "model": "requlogia:cosmetics/wings/rainbow_power_wings"
        },
        {
            "predicate": {
                "custom_model_data": 5025
            },
            "model": "requlogia:cosmetics/wings/sculk_wings"
        },
        {
            "predicate": {
                "custom_model_data": 5026
            },
            "model": "requlogia:cosmetics/wings/searing_wings"
        },
        {
            "predicate": {
                "custom_model_data": 5027
            },
            "model": "requlogia:cosmetics/wings/shell_wings"
        },
        {
            "predicate": {
                "custom_model_data": 5028
            },
            "model": "requlogia:cosmetics/wings/shulker_wings"
        },
        {
            "predicate": {
                "custom_model_data": 5029
            },
            "model": "requlogia:cosmetics/wings/slime_wings"
        },
        {
            "predicate": {
                "custom_model_data": 5030
            },
            "model": "requlogia:cosmetics/wings/soul_wings"
        },
        {
            "predicate": {
                "custom_model_data": 5031
            },
            "model": "requlogia:cosmetics/wings/sparkly_wings"
        },
        {
            "predicate": {
                "custom_model_data": 5032
            },
            "model": "requlogia:cosmetics/wings/vex_wings"
        },
        {
            "predicate": {
                "custom_model_data": 5033
            },
            "model": "requlogia:cosmetics/wings/wild_wings"
        },
        {
            "predicate": {
                "custom_model_data": 5034
            },
            "model": "requlogia:cosmetics/pets/allay_pet"
        },
        {
            "predicate": {
                "custom_model_data": 5035
            },
            "model": "requlogia:cosmetics/pets/angel_and_devil_1_pet"
        },
        {
            "predicate": {
                "custom_model_data": 5036
            },
            "model": "requlogia:cosmetics/pets/angel_and_devil_2_pet"
        },
        {
            "predicate": {
                "custom_model_data": 5037
            },
            "model": "requlogia:cosmetics/pets/arch_illager_pet"
        },
        {
            "predicate": {
                "custom_model_data": 5038
            },
            "model": "requlogia:cosmetics/pets/arrow_golem_pet"
        },
        {
            "predicate": {
                "custom_model_data": 5039
            },
            "model": "requlogia:cosmetics/pets/badger_pet"
        },
        {
            "predicate": {
                "custom_model_data": 5040
            },
            "model": "requlogia:cosmetics/pets/bat_pet"
        },
        {
            "predicate": {
                "custom_model_data": 5041
            },
            "model": "requlogia:cosmetics/pets/bee_1_pet"
        },
        {
            "predicate": {
                "custom_model_data": 5042
            },
            "model": "requlogia:cosmetics/pets/blaze_pet"
        },
        {
            "predicate": {
                "custom_model_data": 5043
            },
            "model": "requlogia:cosmetics/pets/camel_pet"
        },
        {
            "predicate": {
                "custom_model_data": 5044
            },
            "model": "requlogia:cosmetics/pets/cave_spider_pet"
        },
        {
            "predicate": {
                "custom_model_data": 5045
            },
            "model": "requlogia:cosmetics/pets/chicken_pet"
        },
        {
            "predicate": {
                "custom_model_data": 5046
            },
            "model": "requlogia:cosmetics/pets/copper_golem_pet"
        },
        {
            "predicate": {
                "custom_model_data": 5047
            },
            "model": "requlogia:cosmetics/pets/creeper_pet"
        },
        {
            "predicate": {
                "custom_model_data": 5048
            },
            "model": "requlogia:cosmetics/pets/dolphin_pet"
        },
        {
            "predicate": {
                "custom_model_data": 5049
            },
            "model": "requlogia:cosmetics/pets/dragon_pet"
        },
        {
            "predicate": {
                "custom_model_data": 5050
            },
            "model": "requlogia:cosmetics/pets/drowned_pet"
        },
        {
            "predicate": {
                "custom_model_data": 5051
            },
            "model": "requlogia:cosmetics/pets/enderman_pet"
        },
        {
            "predicate": {
                "custom_model_data": 5052
            },
            "model": "requlogia:cosmetics/pets/endermite_pet"
        },
        {
            "predicate": {
                "custom_model_data": 5053
            },
            "model": "requlogia:cosmetics/pets/flowering_glare_pet"
        },
        {
            "predicate": {
                "custom_model_data": 5054
            },
            "model": "requlogia:cosmetics/pets/fox_1_pet"
        },
        {
            "predicate": {
                "custom_model_data": 5055
            },
            "model": "requlogia:cosmetics/pets/fox_2_pet"
        },
        {
            "predicate": {
                "custom_model_data": 5056
            },
            "model": "requlogia:cosmetics/pets/fox_sleeping_1_pet"
        },
        {
            "predicate": {
                "custom_model_data": 5057
            },
            "model": "requlogia:cosmetics/pets/fox_sleeping_2_pet"
        },
        {
            "predicate": {
                "custom_model_data": 5058
            },
            "model": "requlogia:cosmetics/pets/ghast_pet"
        },
        {
            "predicate": {
                "custom_model_data": 5059
            },
            "model": "requlogia:cosmetics/pets/glare_pet"
        },
        {
            "predicate": {
                "custom_model_data": 5060
            },
            "model": "requlogia:cosmetics/pets/guardian_pet"
        },
        {
            "predicate": {
                "custom_model_data": 5061
            },
            "model": "requlogia:cosmetics/pets/hedgehog_pet"
        },
        {
            "predicate": {
                "custom_model_data": 5062
            },
            "model": "requlogia:cosmetics/pets/hoglin_pet"
        },
        {
            "predicate": {
                "custom_model_data": 5063
            },
            "model": "requlogia:cosmetics/pets/husk_pet"
        },
        {
            "predicate": {
                "custom_model_data": 5064
            },
            "model": "requlogia:cosmetics/pets/iceologer_pet"
        },
        {
            "predicate": {
                "custom_model_data": 5065
            },
            "model": "requlogia:cosmetics/pets/inferno_pet"
        },
        {
            "predicate": {
                "custom_model_data": 5066
            },
            "model": "requlogia:cosmetics/pets/llama_pet"
        },
        {
            "predicate": {
                "custom_model_data": 5067
            },
            "model": "requlogia:cosmetics/pets/magma_cube_pet"
        },
        {
            "predicate": {
                "custom_model_data": 5068
            },
            "model": "requlogia:cosmetics/pets/meerkat_pet"
        },
        {
            "predicate": {
                "custom_model_data": 5069
            },
            "model": "requlogia:cosmetics/pets/moobloom_pet"
        },
        {
            "predicate": {
                "custom_model_data": 5070
            },
            "model": "requlogia:cosmetics/pets/mooshroom_pet"
        },
        {
            "predicate": {
                "custom_model_data": 5071
            },
            "model": "requlogia:cosmetics/pets/oxidised_copper_golem_pet"
        },
        {
            "predicate": {
                "custom_model_data": 5072
            },
            "model": "requlogia:cosmetics/pets/panda_1_pet"
        },
        {
            "predicate": {
                "custom_model_data": 5073
            },
            "model": "requlogia:cosmetics/pets/parrot_1_pet"
        },
        {
            "predicate": {
                "custom_model_data": 5074
            },
            "model": "requlogia:cosmetics/pets/panda_2_pet"
        },
        {
            "predicate": {
                "custom_model_data": 5074
            },
            "model": "requlogia:cosmetics/pets/parrot_2_pet"
        },
        {
            "predicate": {
                "custom_model_data": 5075
            },
            "model": "requlogia:cosmetics/pets/parrot_3_pet"
        },
        {
            "predicate": {
                "custom_model_data": 5076
            },
            "model": "requlogia:cosmetics/pets/phantom_pet"
        },
        {
            "predicate": {
                "custom_model_data": 5077
            },
            "model": "requlogia:cosmetics/pets/pig_pet"
        },
        {
            "predicate": {
                "custom_model_data": 5078
            },
            "model": "requlogia:cosmetics/pets/piglin_brute_pet"
        },
        {
            "predicate": {
                "custom_model_data": 5079
            },
            "model": "requlogia:cosmetics/pets/piglin_pet"
        },
        {
            "predicate": {
                "custom_model_data": 5080
            },
            "model": "requlogia:cosmetics/pets/polar_bear_pet"
        },
        {
            "predicate": {
                "custom_model_data": 5081
            },
            "model": "requlogia:cosmetics/pets/pufferfish_pet"
        },
        {
            "predicate": {
                "custom_model_data": 5082
            },
            "model": "requlogia:cosmetics/pets/rabbit_1_pet"
        },
        {
            "predicate": {
                "custom_model_data": 5083
            },
            "model": "requlogia:cosmetics/pets/rabbit_2_pet"
        },
        {
            "predicate": {
                "custom_model_data": 5084
            },
            "model": "requlogia:cosmetics/pets/rabbit_3_pet"
        },
        {
            "predicate": {
                "custom_model_data": 5085
            },
            "model": "requlogia:cosmetics/pets/rabbit_4_pet"
        },
        {
            "predicate": {
                "custom_model_data": 5086
            },
            "model": "requlogia:cosmetics/pets/rabbit_5_pet"
        },
        {
            "predicate": {
                "custom_model_data": 5087
            },
            "model": "requlogia:cosmetics/pets/rascal_pet"
        },
        {
            "predicate": {
                "custom_model_data": 5088
            },
            "model": "requlogia:cosmetics/pets/sea_horror_pet"
        },
        {
            "predicate": {
                "custom_model_data": 5089
            },
            "model": "requlogia:cosmetics/pets/sheep_pet"
        },
        {
            "predicate": {
                "custom_model_data": 5090
            },
            "model": "requlogia:cosmetics/pets/silverfish_pet"
        },
        {
            "predicate": {
                "custom_model_data": 5091
            },
            "model": "requlogia:cosmetics/pets/slime_pet"
        },
        {
            "predicate": {
                "custom_model_data": 5092
            },
            "model": "requlogia:cosmetics/pets/sniffer_pet"
        },
        {
            "predicate": {
                "custom_model_data": 5093
            },
            "model": "requlogia:cosmetics/pets/snowman_pet"
        },
        {
            "predicate": {
                "custom_model_data": 5094
            },
            "model": "requlogia:cosmetics/pets/snowman_pumpkin_pet"
        },
        {
            "predicate": {
                "custom_model_data": 5095
            },
            "model": "requlogia:cosmetics/pets/spider_pet"
        },
        {
            "predicate": {
                "custom_model_data": 5096
            },
            "model": "requlogia:cosmetics/pets/strider_cold_pet"
        },
        {
            "predicate": {
                "custom_model_data": 5097
            },
            "model": "requlogia:cosmetics/pets/strider_pet"
        },
        {
            "predicate": {
                "custom_model_data": 5098
            },
            "model": "requlogia:cosmetics/pets/tuff_golem_pet"
        },
        {
            "predicate": {
                "custom_model_data": 5099
            },
            "model": "requlogia:cosmetics/pets/turtle_pet"
        },
        {
            "predicate": {
                "custom_model_data": 5100
            },
            "model": "requlogia:cosmetics/pets/vex_pet"
        },
        {
            "predicate": {
                "custom_model_data": 5101
            },
            "model": "requlogia:cosmetics/pets/warden_pet"
        },
        {
            "predicate": {
                "custom_model_data": 5102
            },
            "model": "requlogia:cosmetics/pets/wither_pet"
        },
        {
            "predicate": {
                "custom_model_data": 5103
            },
            "model": "requlogia:cosmetics/pets/wolf_pet"
        },
        {
            "predicate": {
                "custom_model_data": 5104
            },
            "model": "requlogia:cosmetics/pets/zombie_villager_pet"
        },
        {
            "predicate": {
                "custom_model_data": 5105
            },
            "model": "requlogia:cosmetics/pets/zombified_piglin_pet"
        },
        {
            "predicate": {
                "custom_model_data": 5106
            },
            "model": "item/carved_pumpkin"
        }
    ]
}