{
    "parent": "minecraft:item/handheld",
    "textures": {
        "layer0": "minecraft:item/netherite_axe"
    },
    "overrides": [
        {
            "predicate": {
                "custom_model_data": 1003
            },
            "model": "requlogia:items/armors/ice/ice_axe"
        },
        {
            "predicate": {
                "custom_model_data": 2003
            },
            "model": "requlogia:items/armors/flame/flame_axe"
        },
        {
            "predicate": {
                "custom_model_data": 3003
            },
            "model": "requlogia:items/armors/nightmare/nightmare_axe"
        },
        {
            "predicate": {
                "custom_model_data": 3004
            },
            "model": "item/netherite_axe"
        }
    ]
}