{
    "parent": "minecraft:item/handheld",
    "textures": {
        "layer0": "minecraft:item/netherite_pickaxe"
    },
    "overrides": [
        {
            "predicate": {
                "custom_model_data": 1002
            },
            "model": "requlogia:items/armors/ice/ice_pickaxe"
        },
        {
            "predicate": {
                "custom_model_data": 2002
            },
            "model": "requlogia:items/armors/flame/flame_pickaxe"
        },
        {
            "predicate": {
                "custom_model_data": 3002
            },
            "model": "requlogia:items/armors/nightmare/nightmare_pickaxe"
        },
        {
            "predicate": {
                "custom_model_data": 3003
            },
            "model": "item/netherite_pickaxe"
        }
    ]
}