{
    "parent": "minecraft:item/handheld",
    "textures": {
        "layer0": "minecraft:item/netherite_sword"
    },
    "overrides": [
        {
            "predicate": {
                "custom_model_data": 1000
            },
            "model": "requlogia:items/armors/ice/ice_sword"
        },
        {
            "predicate": {
                "custom_model_data": 2000
            },
            "model": "requlogia:items/armors/flame/flame_sword"
        },
        {
            "predicate": {
                "custom_model_data": 3000
            },
            "model": "requlogia:items/armors/nightmare/nightmare_sword"
        },
        {
            "predicate": {
                "custom_model_data": 3001
            },
            "model": "item/netherite_sword"
        }
    ]
}