{
    "parent": "minecraft:item/handheld",
    "textures": {
        "layer0": "minecraft:item/netherite_hoe"
    },
    "overrides": [
        {
            "predicate": {
                "custom_model_data": 1005
            },
            "model": "requlogia:items/armors/ice/ice_hoe"
        },
        {
            "predicate": {
                "custom_model_data": 2005
            },
            "model": "requlogia:items/armors/flame/flame_hoe"
        },
        {
            "predicate": {
                "custom_model_data": 3005
            },
            "model": "requlogia:items/armors/nightmare/nightmare_hoe"
        },
        {
            "predicate": {
                "custom_model_data": 3006
            },
            "model": "item/netherite_hoe"
        }
    ]
}