{
    "parent": "minecraft:item/handheld",
    "textures": {
        "layer0": "minecraft:item/netherite_shovel"
    },
    "overrides": [
        {
            "predicate": {
                "custom_model_data": 1004
            },
            "model": "requlogia:items/armors/ice/ice_shovel"
        },
        {
            "predicate": {
                "custom_model_data": 2004
            },
            "model": "requlogia:items/armors/flame/flame_shovel"
        },
        {
            "predicate": {
                "custom_model_data": 3004
            },
            "model": "requlogia:items/armors/nightmare/nightmare_shovel"
        },
        {
            "predicate": {
                "custom_model_data": 3005
            },
            "model": "item/netherite_shovel"
        }
    ]
}