{"display":{"thirdperson_righthand":{"rotation":[75,45,0],"translation":[0,2.5,0],"scale":[0.25,0.25,0.25]},"thirdperson_lefthand":{"rotation":[75,45,0],"translation":[0,2.5,0],"scale":[0.25,0.25,0.25]},"firstperson_righthand":{"rotation":[0,45,0],"scale":[0.2,0.2,0.2]},"firstperson_lefthand":{"rotation":[0,45,0],"scale":[0.2,0.2,0.2]},"ground":{"translation":[0,3,0],"scale":[0.2,0.2,0.2]},"gui":{"rotation":[30,225,0],"translation":[0,-0.75,0],"scale":[0.625,0.625,0.625]},"fixed":{"rotation":[-90,10,0],"translation":[0,0,-14],"scale":[2,2,2]}},"texture_size":[128,128],"textures":{"0":"block/plants/various"},"elements":[{"from":[6,0,6],"to":[10,4,10],"faces":{"north":{"uv":[13.75,8.5,14.25,9],"texture":"#0"},"east":{"uv":[13.75,8.5,14.25,9],"texture":"#0"},"south":{"uv":[13.75,8.5,14.25,9],"texture":"#0"},"west":{"uv":[13.75,8.5,14.25,9],"texture":"#0"},"up":{"uv":[13.75,8.5,14.25,9],"texture":"#0"},"down":{"uv":[13.75,8.5,14.25,9],"texture":"#0"}}},{"from":[1,4,1],"to":[15,10,15],"faces":{"north":{"uv":[14.25,8.5,16,9.25],"texture":"#0"},"east":{"uv":[14.25,8.5,16,9.25],"texture":"#0"},"south":{"uv":[14.25,8.5,16,9.25],"texture":"#0"},"west":{"uv":[14.25,8.5,16,9.25],"texture":"#0"},"up":{"uv":[12.5,6.75,14.25,8.5],"texture":"#0"},"down":{"uv":[14.25,6.75,16,8.5],"texture":"#0"}}},{"from":[3,10,3],"to":[13,16,13],"faces":{"north":{"uv":[13.5,9.25,14.75,10],"texture":"#0"},"east":{"uv":[13.5,9.25,14.75,10],"texture":"#0"},"south":{"uv":[13.5,9.25,14.75,10],"texture":"#0"},"west":{"uv":[13.5,9.25,14.75,10],"texture":"#0"},"up":{"uv":[14.75,9.25,16,10.5],"texture":"#0"},"down":{"uv":[14.75,9.25,16,10.5],"texture":"#0"}}}]}