{"display":{"thirdperson_righthand":{"rotation":[75,45,0],"translation":[0,1.5,0],"scale":[0.15,0.15,0.15]},"thirdperson_lefthand":{"rotation":[75,45,0],"translation":[0,1.5,0],"scale":[0.15,0.15,0.15]},"firstperson_righthand":{"rotation":[0,45,0],"scale":[0.15,0.15,0.15]},"firstperson_lefthand":{"rotation":[0,45,0],"scale":[0.15,0.15,0.15]},"ground":{"translation":[0,3.2,0],"scale":[0.15,0.15,0.15]},"gui":{"rotation":[30,0,0],"translation":[0,-3,0],"scale":[0.5,0.5,0.5]},"fixed":{"rotation":[-90,0,0],"translation":[0,0,-14],"scale":[2,2,2]}},"texture_size":[128,128],"textures":{"0":"block/plants/various"},"elements":[{"from":[8,0,-3],"to":[8,32,19],"rotation":{"angle":45,"axis":"y","origin":[8,0,8]},"faces":{"north":{"uv":[0,0,0,7.875],"texture":"#0"},"east":{"uv":[10.5,12,12.5,16],"texture":"#0"},"south":{"uv":[0,0,0,7.875],"texture":"#0"},"west":{"uv":[10.5,12,12.5,16],"texture":"#0"},"up":{"uv":[0,0,0,7.33333],"texture":"#0"},"down":{"uv":[0,0,0,7.33333],"texture":"#0"}}},{"from":[-3,0,8],"to":[19,32,8],"rotation":{"angle":45,"axis":"y","origin":[8,0,8]},"faces":{"north":{"uv":[10.5,12,12.5,16],"texture":"#0"},"east":{"uv":[0,0,0,7.875],"texture":"#0"},"south":{"uv":[10.5,12,12.5,16],"texture":"#0"},"west":{"uv":[0,0,0,7.875],"texture":"#0"},"up":{"uv":[0,0,0,7.33333],"rotation":90,"texture":"#0"},"down":{"uv":[0,0,0,7.33333],"rotation":270,"texture":"#0"}}},{"from":[0.75,5,0.75],"to":[2.25,9,2.25],"faces":{"north":{"uv":[13,14.75,13.125,15.125],"texture":"#0"},"east":{"uv":[13,14.75,13.125,15.125],"texture":"#0"},"south":{"uv":[13,14.75,13.125,15.125],"texture":"#0"},"west":{"uv":[13,14.75,13.125,15.125],"texture":"#0"},"up":{"uv":[13,14.75,13.125,14.875],"texture":"#0"},"down":{"uv":[13,14.75,13.125,14.875],"texture":"#0"}}},{"from":[13.75,19,0.75],"to":[15.25,23,2.25],"faces":{"north":{"uv":[13,14.75,13.125,15.125],"texture":"#0"},"east":{"uv":[13,14.75,13.125,15.125],"texture":"#0"},"south":{"uv":[13,14.75,13.125,15.125],"texture":"#0"},"west":{"uv":[13,14.75,13.125,15.125],"texture":"#0"},"up":{"uv":[13,14.75,13.125,14.875],"texture":"#0"},"down":{"uv":[13,14.75,13.125,14.875],"texture":"#0"}}},{"from":[1.75,12.5,12.75],"to":[3.25,16.5,14.25],"faces":{"north":{"uv":[12.625,15,12.75,15.375],"texture":"#0"},"east":{"uv":[12.625,15,12.75,15.375],"texture":"#0"},"south":{"uv":[12.625,15,12.75,15.375],"texture":"#0"},"west":{"uv":[12.625,15,12.75,15.375],"texture":"#0"},"up":{"uv":[12.625,15,12.75,15.125],"texture":"#0"},"down":{"uv":[12.625,15,12.75,15.125],"texture":"#0"}}},{"from":[13.75,19,13.75],"to":[15.25,23,15.25],"faces":{"north":{"uv":[12.75,14.875,12.875,15.25],"texture":"#0"},"east":{"uv":[12.75,14.875,12.875,15.25],"texture":"#0"},"south":{"uv":[12.75,14.875,12.875,15.25],"texture":"#0"},"west":{"uv":[12.75,14.875,12.875,15.25],"texture":"#0"},"up":{"uv":[12.75,14.875,12.875,15],"texture":"#0"},"down":{"uv":[12.75,14.875,12.875,15],"texture":"#0"}}},{"from":[0.75,19,13.75],"to":[2.25,23,15.25],"faces":{"north":{"uv":[12.875,15,13,15.375],"texture":"#0"},"east":{"uv":[12.875,15,13,15.375],"texture":"#0"},"south":{"uv":[12.875,15,13,15.375],"texture":"#0"},"west":{"uv":[12.875,15,13,15.375],"texture":"#0"},"up":{"uv":[12.875,15,13,15.125],"texture":"#0"},"down":{"uv":[12.875,15,13,15.125],"texture":"#0"}}},{"from":[0.75,13.5,0.75],"to":[3.25,16,3.25],"faces":{"north":{"uv":[12.5,14.75,12.75,15],"texture":"#0"},"east":{"uv":[12.5,14.75,12.75,15],"texture":"#0"},"south":{"uv":[12.5,14.75,12.75,15],"texture":"#0"},"west":{"uv":[12.5,14.75,12.75,15],"texture":"#0"},"up":{"uv":[12.5,14.75,12.75,15],"texture":"#0"},"down":{"uv":[12.5,14.75,12.75,15],"texture":"#0"}}},{"from":[-0.25,21,-0.25],"to":[2.25,23.5,2.25],"faces":{"north":{"uv":[12.875,14.75,13.125,15],"texture":"#0"},"east":{"uv":[12.875,14.75,13.125,15],"texture":"#0"},"south":{"uv":[12.875,14.75,13.125,15],"texture":"#0"},"west":{"uv":[12.875,14.75,13.125,15],"texture":"#0"},"up":{"uv":[12.875,14.75,13.125,15],"texture":"#0"},"down":{"uv":[12.875,14.75,13.125,15],"texture":"#0"}}},{"from":[12.75,13.5,0.75],"to":[15.25,16,3.25],"faces":{"north":{"uv":[12.5,14.875,12.75,15.125],"texture":"#0"},"east":{"uv":[12.5,14.875,12.75,15.125],"texture":"#0"},"south":{"uv":[12.5,14.875,12.75,15.125],"texture":"#0"},"west":{"uv":[12.5,14.875,12.75,15.125],"texture":"#0"},"up":{"uv":[12.5,14.875,12.75,15.125],"texture":"#0"},"down":{"uv":[12.5,14.875,12.75,15.125],"texture":"#0"}}},{"from":[13.75,7.25,13.75],"to":[16.25,9.75,16.25],"faces":{"north":{"uv":[12.625,14.875,12.875,15.125],"texture":"#0"},"east":{"uv":[12.625,14.875,12.875,15.125],"texture":"#0"},"south":{"uv":[12.625,14.875,12.875,15.125],"texture":"#0"},"west":{"uv":[12.625,14.875,12.875,15.125],"texture":"#0"},"up":{"uv":[12.625,14.875,12.875,15.125],"texture":"#0"},"down":{"uv":[12.625,14.875,12.875,15.125],"texture":"#0"}}}]}