{"display":{"thirdperson_righthand":{"rotation":[75,45,0],"translation":[0,1,1],"scale":[0.15,0.15,0.15]},"thirdperson_lefthand":{"rotation":[75,45,0],"translation":[0,1,1],"scale":[0.15,0.15,0.15]},"firstperson_righthand":{"rotation":[0,45,0],"translation":[2,0,0],"scale":[0.2,0.2,0.2]},"firstperson_lefthand":{"rotation":[0,45,0],"translation":[2,0,0],"scale":[0.2,0.2,0.2]},"ground":{"translation":[0,3,0],"scale":[0.15,0.15,0.15]},"gui":{"rotation":[30,-135,0],"scale":[0.35,0.35,0.35]},"fixed":{"rotation":[-90,45,0],"translation":[0,0,-22],"scale":[2,2,2]}},"texture_size":[128,128],"textures":{"0":"block/plants/various"},"elements":[{"from":[8,-4,2],"to":[8,28,18],"rotation":{"angle":0,"axis":"y","origin":[0,-4,2]},"faces":{"north":{"uv":[0,0,0,4],"texture":"#0"},"east":{"uv":[12.5,3,10.5,7],"texture":"#0"},"south":{"uv":[0,0,0,4],"texture":"#0"},"west":{"uv":[10.5,3,12.5,7],"texture":"#0"},"up":{"uv":[0,0,0,2],"texture":"#0"},"down":{"uv":[0,0,0,2],"texture":"#0"}}},{"from":[8,28,-8],"to":[8,32,4],"rotation":{"angle":-22.5,"axis":"x","origin":[8,20,3]},"faces":{"north":{"uv":[0,0,1.25,0],"texture":"#0"},"east":{"uv":[8,4,6.5,4.5],"texture":"#0"},"south":{"uv":[0,0,1.25,0],"texture":"#0"},"west":{"uv":[6.5,4,8,4.5],"texture":"#0"},"up":{"uv":[0,0,1.25,0],"texture":"#0"},"down":{"uv":[0,0,1.25,0],"texture":"#0"}}},{"from":[3,20,-9],"to":[13,28,3],"rotation":{"angle":-22.5,"axis":"x","origin":[8,20,3]},"faces":{"north":{"uv":[9.25,4.5,10.5,5.5],"texture":"#0"},"east":{"uv":[9.25,3,7.75,4],"texture":"#0"},"south":{"uv":[9.25,5.875,10.5,6.875],"texture":"#0"},"west":{"uv":[7.75,3,9.25,4],"texture":"#0"},"up":{"uv":[9.25,3,10.5,4.5],"texture":"#0"},"down":{"uv":[8,4,9.25,5.5],"texture":"#0"}}},{"from":[3,18,-8.75],"to":[13,21,3.25],"rotation":{"angle":-45,"axis":"x","origin":[8,20,3]},"faces":{"north":{"uv":[7.75,5.5,9,5.875],"texture":"#0"},"east":{"uv":[10.5,5.5,9,5.875],"texture":"#0"},"south":{"uv":[7.75,5.5,9,5.875],"texture":"#0"},"west":{"uv":[9,5.5,10.5,5.875],"texture":"#0"},"up":{"uv":[8,5.5,9.25,4],"texture":"#0"},"down":{"uv":[9.25,3,10.5,4.5],"texture":"#0"}}},{"from":[4,-4,-10],"to":[12,-4,8],"rotation":{"angle":22.5,"axis":"x","origin":[8,-4,8]},"faces":{"north":{"uv":[0,0,1,0],"texture":"#0"},"east":{"uv":[0,0,2.25,0],"texture":"#0"},"south":{"uv":[0,0,1,0],"texture":"#0"},"west":{"uv":[0,0,2.25,0],"texture":"#0"},"up":{"uv":[12.5,4.5,13.5,6.75],"texture":"#0"},"down":{"uv":[12.5,6.75,13.5,4.5],"texture":"#0"}}},{"from":[4,-4,8],"to":[12,-4,26],"rotation":{"angle":-22.5,"axis":"x","origin":[8,-4,8]},"faces":{"north":{"uv":[0,0,1,0],"texture":"#0"},"east":{"uv":[0,0,2.25,0],"texture":"#0"},"south":{"uv":[0,0,1,0],"texture":"#0"},"west":{"uv":[0,0,2.25,0],"texture":"#0"},"up":{"uv":[13.5,6.75,12.5,4.5],"texture":"#0"},"down":{"uv":[13.5,4.5,12.5,6.75],"texture":"#0"}}},{"from":[-10,-4,4],"to":[8,-4,12],"rotation":{"angle":-22.5,"axis":"z","origin":[8,-4,8]},"faces":{"north":{"uv":[0,0,2.25,0],"texture":"#0"},"east":{"uv":[0,0,1,0],"texture":"#0"},"south":{"uv":[0,0,2.25,0],"texture":"#0"},"west":{"uv":[0,0,1,0],"texture":"#0"},"up":{"uv":[13.5,6.75,12.5,4.5],"rotation":90,"texture":"#0"},"down":{"uv":[13.5,4.5,12.5,6.75],"rotation":270,"texture":"#0"}}},{"from":[8,-4,4],"to":[26,-4,12],"rotation":{"angle":22.5,"axis":"z","origin":[8,-4,8]},"faces":{"north":{"uv":[0,0,2.25,0],"texture":"#0"},"east":{"uv":[0,0,1,0],"texture":"#0"},"south":{"uv":[0,0,2.25,0],"texture":"#0"},"west":{"uv":[0,0,1,0],"texture":"#0"},"up":{"uv":[12.5,4.5,13.5,6.75],"rotation":90,"texture":"#0"},"down":{"uv":[12.5,6.75,13.5,4.5],"rotation":270,"texture":"#0"}}},{"from":[4,-3.75,-10],"to":[12,-3.75,8],"rotation":{"angle":-22.5,"axis":"y","origin":[8,-3.75,8]},"faces":{"north":{"uv":[0,0,1,0],"texture":"#0"},"east":{"uv":[0,0,2.25,0],"texture":"#0"},"south":{"uv":[0,0,1,0],"texture":"#0"},"west":{"uv":[0,0,2.25,0],"texture":"#0"},"up":{"uv":[12.5,4.5,13.5,6.75],"texture":"#0"},"down":{"uv":[12.5,6.75,13.5,4.5],"texture":"#0"}}},{"from":[-10,-3.75,4],"to":[8,-3.75,12],"rotation":{"angle":-22.5,"axis":"y","origin":[8,-3.75,8]},"faces":{"north":{"uv":[0,0,2.25,0],"texture":"#0"},"east":{"uv":[0,0,1,0],"texture":"#0"},"south":{"uv":[0,0,2.25,0],"texture":"#0"},"west":{"uv":[0,0,1,0],"texture":"#0"},"up":{"uv":[12.5,4.5,13.5,6.75],"rotation":270,"texture":"#0"},"down":{"uv":[12.5,6.75,13.5,4.5],"rotation":90,"texture":"#0"}}},{"from":[4,-3.75,8],"to":[12,-3.75,26],"rotation":{"angle":45,"axis":"y","origin":[8,-3.75,8]},"faces":{"north":{"uv":[0,0,1,0],"texture":"#0"},"east":{"uv":[0,0,2.25,0],"texture":"#0"},"south":{"uv":[0,0,1,0],"texture":"#0"},"west":{"uv":[0,0,2.25,0],"texture":"#0"},"up":{"uv":[12.5,6.75,13.5,4.5],"texture":"#0"},"down":{"uv":[12.5,4.5,13.5,6.75],"texture":"#0"}}},{"from":[8.75,22.75,2],"to":[11.75,27.75,2],"rotation":{"angle":22.5,"axis":"x","origin":[8,23,2]},"faces":{"north":{"uv":[8.875,6.875,9.25,6.25],"rotation":180,"texture":"#0"},"east":{"uv":[0,0,0.625,0],"rotation":90,"texture":"#0"},"south":{"uv":[8.875,6.25,9.25,6.875],"texture":"#0"},"west":{"uv":[0,0,0.625,0],"rotation":270,"texture":"#0"},"up":{"uv":[0,0,0.375,0],"texture":"#0"},"down":{"uv":[0,0,0.375,0],"rotation":180,"texture":"#0"}}},{"from":[4.75,22.75,2],"to":[7.75,27.75,2],"rotation":{"angle":22.5,"axis":"x","origin":[8,23,2]},"faces":{"north":{"uv":[9.25,6.875,8.875,6.25],"rotation":180,"texture":"#0"},"east":{"uv":[0,0,0.625,0],"rotation":90,"texture":"#0"},"south":{"uv":[9.25,6.25,8.875,6.875],"texture":"#0"},"west":{"uv":[0,0,0.625,0],"rotation":270,"texture":"#0"},"up":{"uv":[0,0,0.375,0],"texture":"#0"},"down":{"uv":[0,0,0.375,0],"rotation":180,"texture":"#0"}}},{"from":[4.75,22,3],"to":[7.75,22,8],"rotation":{"angle":22.5,"axis":"x","origin":[8,23,2]},"faces":{"north":{"uv":[0,0,0.375,0],"texture":"#0"},"east":{"uv":[0,0,0.625,0],"texture":"#0"},"south":{"uv":[0,0,0.375,0],"texture":"#0"},"west":{"uv":[0,0,0.625,0],"texture":"#0"},"up":{"uv":[9.25,6.875,8.875,6.25],"texture":"#0"},"down":{"uv":[9.25,6.25,8.875,6.875],"texture":"#0"}}},{"from":[8.75,22,3],"to":[11.75,22,8],"rotation":{"angle":22.5,"axis":"x","origin":[8,23,2]},"faces":{"north":{"uv":[0,0,0.375,0],"texture":"#0"},"east":{"uv":[0,0,0.625,0],"texture":"#0"},"south":{"uv":[0,0,0.375,0],"texture":"#0"},"west":{"uv":[0,0,0.625,0],"texture":"#0"},"up":{"uv":[8.875,6.875,9.25,6.25],"texture":"#0"},"down":{"uv":[8.875,6.25,9.25,6.875],"texture":"#0"}}}]}