{"display":{"thirdperson_righthand":{"rotation":[75,45,0],"translation":[0,2.5,0],"scale":[0.25,0.25,0.25]},"thirdperson_lefthand":{"rotation":[75,45,0],"translation":[0,2.5,0],"scale":[0.25,0.25,0.25]},"firstperson_righthand":{"rotation":[0,45,0],"scale":[0.2,0.2,0.2]},"firstperson_lefthand":{"rotation":[0,45,0],"scale":[0.2,0.2,0.2]},"ground":{"translation":[0,3,0],"scale":[0.2,0.2,0.2]},"gui":{"rotation":[30,45,0],"translation":[0,-1.5,0],"scale":[0.4,0.4,0.4]},"fixed":{"rotation":[-90,45,0],"translation":[0,0,-14],"scale":[2,2,2]}},"texture_size":[32,32],"textures":{"0":"block/plants/fern"},"elements":[{"from":[-12,0,3],"to":[8,0,13],"rotation":{"angle":-22.5,"axis":"z","origin":[8,0,8]},"faces":{"north":{"uv":[0,0,8,0],"texture":"#0"},"east":{"uv":[0,0,5,0],"texture":"#0"},"south":{"uv":[0,0,8,0],"texture":"#0"},"west":{"uv":[0,0,5,0],"texture":"#0"},"up":{"uv":[9,10,14,0],"rotation":90,"texture":"#0"},"down":{"uv":[14,10,9,0],"rotation":90,"texture":"#0"}}},{"from":[-12,1,3],"to":[8,1,13],"rotation":{"angle":45,"axis":"y","origin":[8,0,8]},"faces":{"north":{"uv":[0,0,8,0],"texture":"#0"},"east":{"uv":[0,0,5,0],"texture":"#0"},"south":{"uv":[0,0,8,0],"texture":"#0"},"west":{"uv":[0,0,5,0],"texture":"#0"},"up":{"uv":[9,10,14,0],"rotation":90,"texture":"#0"},"down":{"uv":[14,10,9,0],"rotation":90,"texture":"#0"}}},{"from":[8,0,3],"to":[28,0,13],"rotation":{"angle":22.5,"axis":"z","origin":[8,0,8]},"faces":{"north":{"uv":[0,0,8,0],"rotation":180,"texture":"#0"},"east":{"uv":[0,0,5,0],"rotation":180,"texture":"#0"},"south":{"uv":[0,0,8,0],"rotation":180,"texture":"#0"},"west":{"uv":[0,0,5,0],"rotation":180,"texture":"#0"},"up":{"uv":[14,0,9,10],"rotation":90,"texture":"#0"},"down":{"uv":[9,0,14,10],"rotation":90,"texture":"#0"}}},{"from":[8,1,3],"to":[28,1,13],"rotation":{"angle":45,"axis":"y","origin":[8,0,8]},"faces":{"north":{"uv":[0,0,8,0],"rotation":180,"texture":"#0"},"east":{"uv":[0,0,5,0],"rotation":180,"texture":"#0"},"south":{"uv":[0,0,8,0],"rotation":180,"texture":"#0"},"west":{"uv":[0,0,5,0],"rotation":180,"texture":"#0"},"up":{"uv":[14,0,9,10],"rotation":90,"texture":"#0"},"down":{"uv":[9,0,14,10],"rotation":90,"texture":"#0"}}},{"from":[8,0,4],"to":[32,0,12],"rotation":{"angle":45,"axis":"z","origin":[8,0,8]},"faces":{"north":{"uv":[0,0,8,0],"rotation":180,"texture":"#0"},"east":{"uv":[0,0,0,8],"rotation":180,"texture":"#0"},"south":{"uv":[0,0,8,0],"rotation":180,"texture":"#0"},"west":{"uv":[0,0,4,0],"rotation":180,"texture":"#0"},"up":{"uv":[5,0,9,12],"rotation":90,"texture":"#0"},"down":{"uv":[9,0,5,12],"rotation":90,"texture":"#0"}}},{"from":[3,0,-12],"to":[13,0,8],"rotation":{"angle":22.5,"axis":"x","origin":[8,0,8]},"faces":{"north":{"uv":[0,0,5,0],"rotation":180,"texture":"#0"},"east":{"uv":[0,0,8,0],"rotation":180,"texture":"#0"},"south":{"uv":[0,0,5,0],"rotation":180,"texture":"#0"},"west":{"uv":[0,0,8,0],"rotation":180,"texture":"#0"},"up":{"uv":[14,0,9,10],"texture":"#0"},"down":{"uv":[14,10,9,0],"texture":"#0"}}},{"from":[3,1,-12],"to":[13,1,8],"rotation":{"angle":45,"axis":"y","origin":[8,0,8]},"faces":{"north":{"uv":[0,0,5,0],"rotation":180,"texture":"#0"},"east":{"uv":[0,0,8,0],"rotation":180,"texture":"#0"},"south":{"uv":[0,0,5,0],"rotation":180,"texture":"#0"},"west":{"uv":[0,0,8,0],"rotation":180,"texture":"#0"},"up":{"uv":[14,0,9,10],"texture":"#0"},"down":{"uv":[14,10,9,0],"texture":"#0"}}},{"from":[8,0,4],"to":[8,24,12],"rotation":{"angle":45,"axis":"z","origin":[8,0,8]},"faces":{"north":{"uv":[0,0,8,0],"rotation":270,"texture":"#0"},"east":{"uv":[5,0,9,12],"texture":"#0"},"south":{"uv":[0,0,8,0],"rotation":90,"texture":"#0"},"west":{"uv":[9,0,5,12],"texture":"#0"},"up":{"uv":[0,0,4,0],"rotation":90,"texture":"#0"},"down":{"uv":[0,0,4,0],"rotation":90,"texture":"#0"}}},{"from":[4,0,8],"to":[12,24,8],"rotation":{"angle":45,"axis":"x","origin":[8,0,8]},"faces":{"north":{"uv":[9,12,5,0],"rotation":180,"texture":"#0"},"east":{"uv":[0,0,0,8],"rotation":270,"texture":"#0"},"south":{"uv":[9,0,5,12],"texture":"#0"},"west":{"uv":[0,0,8,0],"rotation":90,"texture":"#0"},"up":{"uv":[0,0,4,0],"rotation":180,"texture":"#0"},"down":{"uv":[0,0,4,0],"texture":"#0"}}},{"from":[4,0,-16],"to":[12,0,8],"rotation":{"angle":45,"axis":"x","origin":[8,0,8]},"faces":{"north":{"uv":[0,0,4,0],"rotation":180,"texture":"#0"},"east":{"uv":[0,0,0,8],"rotation":180,"texture":"#0"},"south":{"uv":[0,0,4,0],"rotation":180,"texture":"#0"},"west":{"uv":[0,0,12,0],"rotation":180,"texture":"#0"},"up":{"uv":[5,0,9,12],"texture":"#0"},"down":{"uv":[5,12,9,0],"texture":"#0"}}},{"from":[3,0,8],"to":[13,30,8],"rotation":{"angle":-45,"axis":"y","origin":[8,0,8]},"faces":{"north":{"uv":[0,0,5,15],"texture":"#0"},"east":{"uv":[0,0,0,15],"texture":"#0"},"south":{"uv":[0,0,5,15],"texture":"#0"},"west":{"uv":[0,0,0,15],"texture":"#0"},"up":{"uv":[5,0,0,0],"texture":"#0"},"down":{"uv":[5,0,0,0],"texture":"#0"}}},{"from":[3,0,8],"to":[13,0,28],"rotation":{"angle":-22.5,"axis":"x","origin":[8,0,8]},"faces":{"north":{"uv":[0,0,5,0],"texture":"#0"},"east":{"uv":[0,0,8,0],"texture":"#0"},"south":{"uv":[0,0,5,0],"texture":"#0"},"west":{"uv":[0,0,8,0],"texture":"#0"},"up":{"uv":[9,10,14,0],"texture":"#0"},"down":{"uv":[9,0,14,10],"texture":"#0"}}},{"from":[3,1,8],"to":[13,1,28],"rotation":{"angle":45,"axis":"y","origin":[8,0,8]},"faces":{"north":{"uv":[0,0,5,0],"texture":"#0"},"east":{"uv":[0,0,8,0],"texture":"#0"},"south":{"uv":[0,0,5,0],"texture":"#0"},"west":{"uv":[0,0,8,0],"texture":"#0"},"up":{"uv":[9,10,14,0],"texture":"#0"},"down":{"uv":[9,0,14,10],"texture":"#0"}}}]}