{"display":{"thirdperson_righthand":{"rotation":[75,45,0],"translation":[0,2.5,0],"scale":[0.2,0.2,0.2]},"thirdperson_lefthand":{"rotation":[75,45,0],"translation":[0,2.5,0],"scale":[0.2,0.2,0.2]},"firstperson_righthand":{"rotation":[0,45,0],"scale":[0.2,0.2,0.2]},"firstperson_lefthand":{"rotation":[0,45,0],"scale":[0.2,0.2,0.2]},"ground":{"translation":[0,3,0],"scale":[0.15,0.15,0.15]},"gui":{"rotation":[30,225,0],"scale":[0.3,0.3,0.3]},"fixed":{"rotation":[-90,0,0],"translation":[0,0,-14],"scale":[2,2,2]}},"texture_size":[128,128],"textures":{"0":"block/plants/various"},"elements":[{"from":[2.5,0,-16],"to":[13.5,0,8],"rotation":{"angle":45,"axis":"x","origin":[8,0,8]},"faces":{"north":{"uv":[0,0,1.25,0],"texture":"#0"},"east":{"uv":[0,0,3,0],"texture":"#0"},"south":{"uv":[0,0,1.25,0],"texture":"#0"},"west":{"uv":[0,0,3,0],"texture":"#0"},"up":{"uv":[10.625,0,12,3],"texture":"#0"},"down":{"uv":[10.625,3,12,0],"texture":"#0"}}},{"from":[8,0,2.5],"to":[32,0,13.5],"rotation":{"angle":45,"axis":"z","origin":[8,0,8]},"faces":{"north":{"uv":[0,0,3,0],"texture":"#0"},"east":{"uv":[0,0,1.25,0],"texture":"#0"},"south":{"uv":[0,0,3,0],"texture":"#0"},"west":{"uv":[0,0,1.25,0],"texture":"#0"},"up":{"uv":[10.625,0,12,3],"rotation":90,"texture":"#0"},"down":{"uv":[10.625,3,12,0],"rotation":270,"texture":"#0"}}},{"from":[8.5,2,2.5],"to":[8.5,26,13.5],"rotation":{"angle":-22.5,"axis":"x","origin":[8,0,8]},"faces":{"north":{"uv":[0,0,3,0],"rotation":90,"texture":"#0"},"east":{"uv":[10.625,3,12,0],"rotation":180,"texture":"#0"},"south":{"uv":[0,0,3,0],"rotation":270,"texture":"#0"},"west":{"uv":[10.625,0,12,3],"texture":"#0"},"up":{"uv":[0,0,1.25,0],"rotation":270,"texture":"#0"},"down":{"uv":[0,0,1.25,0],"rotation":270,"texture":"#0"}}},{"from":[7.5,0,2.5],"to":[7.5,24,13.5],"rotation":{"angle":22.5,"axis":"x","origin":[8,0,8]},"faces":{"north":{"uv":[0,0,3,0],"rotation":90,"texture":"#0"},"east":{"uv":[10.625,3,12,0],"rotation":180,"texture":"#0"},"south":{"uv":[0,0,3,0],"rotation":270,"texture":"#0"},"west":{"uv":[10.625,0,12,3],"texture":"#0"},"up":{"uv":[0,0,1.25,0],"rotation":270,"texture":"#0"},"down":{"uv":[0,0,1.25,0],"rotation":270,"texture":"#0"}}},{"from":[-16,0,2.5],"to":[8,0,13.5],"rotation":{"angle":-45,"axis":"z","origin":[8,0,8]},"faces":{"north":{"uv":[0,0,3,0],"texture":"#0"},"east":{"uv":[0,0,1.25,0],"texture":"#0"},"south":{"uv":[0,0,3,0],"texture":"#0"},"west":{"uv":[0,0,1.25,0],"texture":"#0"},"up":{"uv":[10.625,0,12,3],"rotation":270,"texture":"#0"},"down":{"uv":[10.625,3,12,0],"rotation":90,"texture":"#0"}}},{"from":[2.5,0,8],"to":[13.5,0,32],"rotation":{"angle":-45,"axis":"x","origin":[8,0,8]},"faces":{"north":{"uv":[0,0,1.25,0],"texture":"#0"},"east":{"uv":[0,0,3,0],"texture":"#0"},"south":{"uv":[0,0,1.25,0],"texture":"#0"},"west":{"uv":[0,0,3,0],"texture":"#0"},"up":{"uv":[10.625,0,12,3],"rotation":180,"texture":"#0"},"down":{"uv":[10.625,3,12,0],"rotation":180,"texture":"#0"}}},{"from":[2.5,0,8],"to":[13.5,0,32],"rotation":{"angle":-22.5,"axis":"x","origin":[8,0,8]},"faces":{"north":{"uv":[0,0,1.25,0],"texture":"#0"},"east":{"uv":[0,0,3,0],"texture":"#0"},"south":{"uv":[0,0,1.25,0],"texture":"#0"},"west":{"uv":[0,0,3,0],"texture":"#0"},"up":{"uv":[12,0,10.625,3],"rotation":180,"texture":"#0"},"down":{"uv":[12,3,10.625,0],"rotation":180,"texture":"#0"}}},{"from":[-16,0,2.5],"to":[8,0,13.5],"rotation":{"angle":-22.5,"axis":"z","origin":[8,0,8]},"faces":{"north":{"uv":[0,0,3,0],"texture":"#0"},"east":{"uv":[0,0,1.25,0],"texture":"#0"},"south":{"uv":[0,0,3,0],"texture":"#0"},"west":{"uv":[0,0,1.25,0],"texture":"#0"},"up":{"uv":[12,0,10.625,3],"rotation":270,"texture":"#0"},"down":{"uv":[12,3,10.625,0],"rotation":90,"texture":"#0"}}},{"from":[2.5,0,-16],"to":[13.5,0,8],"rotation":{"angle":22.5,"axis":"x","origin":[8,0,8]},"faces":{"north":{"uv":[0,0,1.25,0],"texture":"#0"},"east":{"uv":[0,0,3,0],"texture":"#0"},"south":{"uv":[0,0,1.25,0],"texture":"#0"},"west":{"uv":[0,0,3,0],"texture":"#0"},"up":{"uv":[12,0,10.625,3],"texture":"#0"},"down":{"uv":[12,3,10.625,0],"texture":"#0"}}},{"from":[8,0,2.5],"to":[32,0,13.5],"rotation":{"angle":22.5,"axis":"z","origin":[8,0,8]},"faces":{"north":{"uv":[0,0,3,0],"texture":"#0"},"east":{"uv":[0,0,1.25,0],"texture":"#0"},"south":{"uv":[0,0,3,0],"texture":"#0"},"west":{"uv":[0,0,1.25,0],"texture":"#0"},"up":{"uv":[12,0,10.625,3],"rotation":90,"texture":"#0"},"down":{"uv":[12,3,10.625,0],"rotation":270,"texture":"#0"}}},{"from":[-16,0.26,2.5],"to":[8,0.26,13.5],"rotation":{"angle":-45,"axis":"y","origin":[8,0,8]},"faces":{"north":{"uv":[0,0,3,0],"texture":"#0"},"east":{"uv":[0,0,1.25,0],"texture":"#0"},"south":{"uv":[0,0,3,0],"texture":"#0"},"west":{"uv":[0,0,1.25,0],"texture":"#0"},"up":{"uv":[12,0,10.625,3],"rotation":270,"texture":"#0"},"down":{"uv":[12,3,10.625,0],"rotation":90,"texture":"#0"}}},{"from":[2.5,0.25,8],"to":[13.5,0.25,32],"rotation":{"angle":-45,"axis":"y","origin":[8,0,8]},"faces":{"north":{"uv":[0,0,1.25,0],"texture":"#0"},"east":{"uv":[0,0,3,0],"texture":"#0"},"south":{"uv":[0,0,1.25,0],"texture":"#0"},"west":{"uv":[0,0,3,0],"texture":"#0"},"up":{"uv":[12,0,10.625,3],"rotation":180,"texture":"#0"},"down":{"uv":[12,3,10.625,0],"rotation":180,"texture":"#0"}}},{"from":[8,0.26,2.5],"to":[32,0.26,13.5],"rotation":{"angle":-45,"axis":"y","origin":[8,0,8]},"faces":{"north":{"uv":[0,0,3,0],"texture":"#0"},"east":{"uv":[0,0,1.25,0],"texture":"#0"},"south":{"uv":[0,0,3,0],"texture":"#0"},"west":{"uv":[0,0,1.25,0],"texture":"#0"},"up":{"uv":[12,0,10.625,3],"rotation":90,"texture":"#0"},"down":{"uv":[12,3,10.625,0],"rotation":270,"texture":"#0"}}},{"from":[2.5,0.25,-16],"to":[13.5,0.25,8],"rotation":{"angle":-45,"axis":"y","origin":[8,0,8]},"faces":{"north":{"uv":[0,0,1.25,0],"texture":"#0"},"east":{"uv":[0,0,3,0],"texture":"#0"},"south":{"uv":[0,0,1.25,0],"texture":"#0"},"west":{"uv":[0,0,3,0],"texture":"#0"},"up":{"uv":[12,0,10.625,3],"texture":"#0"},"down":{"uv":[12,3,10.625,0],"texture":"#0"}}}]}