{"display":{"thirdperson_righthand":{"rotation":[75,45,0],"translation":[0,2.5,0],"scale":[0.25,0.25,0.25]},"thirdperson_lefthand":{"rotation":[75,45,0],"translation":[0,2.5,0],"scale":[0.25,0.25,0.25]},"firstperson_righthand":{"rotation":[0,45,0],"translation":[0,1,0],"scale":[0.4,0.4,0.4]},"firstperson_lefthand":{"rotation":[0,45,0],"translation":[0,1,0],"scale":[0.4,0.4,0.4]},"ground":{"translation":[0,3,0],"scale":[0.25,0.25,0.25]},"gui":{"rotation":[30,225,0],"scale":[0.625,0.625,0.625]},"fixed":{"rotation":[-90,0,0],"translation":[0,0,-14],"scale":[2,2,2]}},"texture_size":[128,128],"textures":{"0":"block/plants/various"},"elements":[{"from":[3,0,1],"to":[5,5,3],"faces":{"north":{"uv":[16,5.5,15.75,6.125],"texture":"#0"},"east":{"uv":[15.75,5.5,16,6.125],"texture":"#0"},"south":{"uv":[16,5.5,15.75,6.125],"texture":"#0"},"west":{"uv":[15.75,5.5,16,6.125],"texture":"#0"},"up":{"uv":[15.5,5.375,15.75,5.625],"texture":"#0"},"down":{"uv":[15.5,5.375,15.75,5.625],"texture":"#0"}}},{"from":[2,5,0],"to":[6,8,4],"faces":{"north":{"uv":[15.5,5.875,15,6.25],"texture":"#0"},"east":{"uv":[15,5.875,15.5,6.25],"texture":"#0"},"south":{"uv":[15.5,5.875,15,6.25],"texture":"#0"},"west":{"uv":[15.5,5.875,15,6.25],"texture":"#0"},"up":{"uv":[15.5,6.75,15,6.25],"texture":"#0"},"down":{"uv":[14.5,5.875,15,6.375],"texture":"#0"}}},{"from":[5,6,6],"to":[9,13,10],"faces":{"north":{"uv":[15.5,5.375,15,6.25],"texture":"#0"},"east":{"uv":[15,5.375,15.5,6.25],"texture":"#0"},"south":{"uv":[15,5.375,15.5,6.25],"texture":"#0"},"west":{"uv":[15,5.375,15.5,6.25],"texture":"#0"},"up":{"uv":[15,5.875,14.5,5.375],"texture":"#0"},"down":{"uv":[14.5,5.875,15,6.375],"texture":"#0"}}},{"from":[13,4,2],"to":[17,7,6],"faces":{"north":{"uv":[15,5.875,15.5,6.25],"texture":"#0"},"east":{"uv":[15.5,5.875,15,6.25],"texture":"#0"},"south":{"uv":[15.5,5.875,15,6.25],"texture":"#0"},"west":{"uv":[15.5,5.875,15,6.25],"texture":"#0"},"up":{"uv":[15,6.25,15.5,6.75],"texture":"#0"},"down":{"uv":[14.5,5.875,15,6.375],"texture":"#0"}}},{"from":[11,5,9],"to":[15,8,13],"faces":{"north":{"uv":[15.5,5.875,15,6.25],"texture":"#0"},"east":{"uv":[15.5,5.875,15,6.25],"texture":"#0"},"south":{"uv":[15,5.875,15.5,6.25],"texture":"#0"},"west":{"uv":[15,5.875,15.5,6.25],"texture":"#0"},"up":{"uv":[15.5,6.25,15,6.75],"texture":"#0"},"down":{"uv":[14.5,5.875,15,6.375],"texture":"#0"}}},{"from":[-1,5,12],"to":[3,8,16],"faces":{"north":{"uv":[15,5.875,15.5,6.25],"texture":"#0"},"east":{"uv":[15,5.875,15.5,6.25],"texture":"#0"},"south":{"uv":[15.5,5.875,15,6.25],"texture":"#0"},"west":{"uv":[15,5.875,15.5,6.25],"texture":"#0"},"up":{"uv":[15,6.75,15.5,6.25],"texture":"#0"},"down":{"uv":[14.5,5.875,15,6.375],"texture":"#0"}}},{"from":[12,0,10],"to":[14,5,12],"faces":{"north":{"uv":[16,5.5,15.75,6.125],"texture":"#0"},"east":{"uv":[15.75,5.5,16,6.125],"texture":"#0"},"south":{"uv":[15.75,5.5,16,6.125],"texture":"#0"},"west":{"uv":[16,5.5,15.75,6.125],"texture":"#0"},"up":{"uv":[15.5,5.375,15.75,5.625],"texture":"#0"},"down":{"uv":[15.5,5.375,15.75,5.625],"texture":"#0"}}},{"from":[14,0,3],"to":[16,4,5],"faces":{"north":{"uv":[16,5.625,15.75,6.125],"texture":"#0"},"east":{"uv":[15.75,5.625,16,6.125],"texture":"#0"},"south":{"uv":[15.75,5.625,16,6.125],"texture":"#0"},"west":{"uv":[16,5.625,15.75,6.125],"texture":"#0"},"up":{"uv":[15.5,5.375,15.75,5.625],"texture":"#0"},"down":{"uv":[15.5,5.375,15.75,5.625],"texture":"#0"}}},{"from":[6,0,7],"to":[8,6,9],"faces":{"north":{"uv":[16,5.375,15.75,6.125],"texture":"#0"},"east":{"uv":[15.75,5.375,16,6.125],"texture":"#0"},"south":{"uv":[15.75,5.375,16,6.125],"texture":"#0"},"west":{"uv":[16,5.375,15.75,6.125],"texture":"#0"},"up":{"uv":[15.5,5.375,15.75,5.625],"texture":"#0"},"down":{"uv":[15.5,5.375,15.75,5.625],"texture":"#0"}}},{"from":[0,0,13],"to":[2,5,15],"faces":{"north":{"uv":[16,5.5,15.75,6.125],"texture":"#0"},"east":{"uv":[15.75,5.5,16,6.125],"texture":"#0"},"south":{"uv":[15.75,5.5,16,6.125],"texture":"#0"},"west":{"uv":[16,5.5,15.75,6.125],"texture":"#0"},"up":{"uv":[15.5,5.375,15.75,5.625],"texture":"#0"},"down":{"uv":[15.5,5.375,15.75,5.625],"texture":"#0"}}}]}