{"display":{"thirdperson_righthand":{"rotation":[75,45,0],"translation":[0,2.5,0],"scale":[0.2,0.2,0.2]},"thirdperson_lefthand":{"rotation":[75,45,0],"translation":[0,2.5,0],"scale":[0.2,0.2,0.2]},"firstperson_righthand":{"rotation":[0,45,0],"scale":[0.15,0.15,0.15]},"firstperson_lefthand":{"rotation":[0,225,0],"scale":[0.15,0.15,0.15]},"ground":{"translation":[0,3.1,0],"scale":[0.2,0.2,0.2]},"gui":{"rotation":[30,225,0],"translation":[0.5,-2.5,0],"scale":[0.35,0.35,0.35]},"fixed":{"rotation":[-90,45,0],"translation":[0,0,-14],"scale":[2,2,2]}},"texture_size":[32,32],"textures":{"0":"block/plants/lush_palm"},"elements":[{"from":[7.5,0,8],"to":[8.5,24,8],"rotation":{"angle":-22.5,"axis":"x","origin":[8,0,8]},"faces":{"north":{"uv":[0,0,0.5,8],"rotation":180,"texture":"#0"},"east":{"uv":[0,0,8,0],"rotation":270,"texture":"#0"},"south":{"uv":[0,0,0.5,8],"texture":"#0"},"west":{"uv":[0,0,8,0],"rotation":90,"texture":"#0"},"up":{"uv":[0,0,0.5,0],"rotation":180,"texture":"#0"},"down":{"uv":[0,0,0.5,0],"texture":"#0"}}},{"from":[7.5,0,8],"to":[8.5,24,8],"rotation":{"angle":45,"axis":"x","origin":[8,0,8]},"faces":{"north":{"uv":[0,0,0.5,8],"rotation":180,"texture":"#0"},"east":{"uv":[0,0,8,0],"rotation":270,"texture":"#0"},"south":{"uv":[0,0,0.5,8],"texture":"#0"},"west":{"uv":[0,0,8,0],"rotation":90,"texture":"#0"},"up":{"uv":[0,0,0.5,0],"rotation":180,"texture":"#0"},"down":{"uv":[0,0,0.5,0],"texture":"#0"}}},{"from":[7.5,0,8],"to":[8.5,30,8],"rotation":{"angle":-45,"axis":"y","origin":[8,0,8]},"faces":{"north":{"uv":[0,0,0.5,15],"texture":"#0"},"east":{"uv":[0,0,0,15],"texture":"#0"},"south":{"uv":[0,0,0.5,15],"texture":"#0"},"west":{"uv":[0,0,0,15],"texture":"#0"},"up":{"uv":[0.5,0,0,0],"texture":"#0"},"down":{"uv":[0.5,0,0,0],"texture":"#0"}}},{"from":[-11,0,7.5],"to":[8,0,8.5],"rotation":{"angle":-45,"axis":"z","origin":[8,0,8]},"faces":{"north":{"uv":[0,0,8,0],"texture":"#0"},"east":{"uv":[0,0,0.5,0],"texture":"#0"},"south":{"uv":[0,0,8,0],"texture":"#0"},"west":{"uv":[0,0,0.5,0],"texture":"#0"},"up":{"uv":[0,0,0.5,8],"rotation":90,"texture":"#0"},"down":{"uv":[0,0,0.5,8],"rotation":270,"texture":"#0"}}},{"from":[8,0,7.5],"to":[8,25,8.5],"rotation":{"angle":22.5,"axis":"z","origin":[8,0,8]},"faces":{"north":{"uv":[0,0,8,0],"rotation":270,"texture":"#0"},"east":{"uv":[0,0,0.5,8],"rotation":180,"texture":"#0"},"south":{"uv":[0,0,8,0],"rotation":90,"texture":"#0"},"west":{"uv":[0,0,0.5,8],"texture":"#0"},"up":{"uv":[0,0,0.5,0],"rotation":90,"texture":"#0"},"down":{"uv":[0,0,0.5,0],"rotation":90,"texture":"#0"}}},{"from":[8,0,7.5],"to":[8,19,8.5],"rotation":{"angle":-45,"axis":"z","origin":[8,0,8]},"faces":{"north":{"uv":[0,0,8,0],"rotation":90,"texture":"#0"},"east":{"uv":[0,0,0.5,8],"rotation":180,"texture":"#0"},"south":{"uv":[0,0,8,0],"rotation":270,"texture":"#0"},"west":{"uv":[0,0,0.5,8],"texture":"#0"},"up":{"uv":[0,0,0.5,0],"rotation":270,"texture":"#0"},"down":{"uv":[0,0,0.5,0],"rotation":270,"texture":"#0"}}},{"from":[4.25,11,4.5],"to":[4.25,15,10.5],"rotation":{"angle":22.5,"axis":"y","origin":[0,0,0]},"faces":{"north":{"uv":[0,0,0,2],"texture":"#0"},"east":{"uv":[3.5,0,0.5,2],"texture":"#0"},"south":{"uv":[0,0,0,2],"texture":"#0"},"west":{"uv":[0.5,0,3.5,2],"texture":"#0"},"up":{"uv":[0,0,3,0],"rotation":90,"texture":"#0"},"down":{"uv":[0,0,3,0],"rotation":270,"texture":"#0"}}},{"from":[8,20,8],"to":[8,24,14],"faces":{"north":{"uv":[0,0,0,2],"texture":"#0"},"east":{"uv":[0.5,0,3.5,2],"texture":"#0"},"south":{"uv":[0,0,0,2],"texture":"#0"},"west":{"uv":[3.5,0,0.5,2],"texture":"#0"},"up":{"uv":[0,0,3,0],"rotation":270,"texture":"#0"},"down":{"uv":[0,0,3,0],"rotation":90,"texture":"#0"}}},{"from":[11.25,1,0],"to":[11.25,5,6],"rotation":{"angle":-45,"axis":"y","origin":[0,0,0]},"faces":{"north":{"uv":[0,0,0,2],"texture":"#0"},"east":{"uv":[0.5,0,3.5,2],"texture":"#0"},"south":{"uv":[0,0,0,2],"texture":"#0"},"west":{"uv":[3.5,0,0.5,2],"texture":"#0"},"up":{"uv":[0,0,3,0],"rotation":270,"texture":"#0"},"down":{"uv":[0,0,3,0],"rotation":90,"texture":"#0"}}},{"from":[-4,14,8.25],"to":[2,18,8.25],"faces":{"north":{"uv":[3.5,0,0.5,2],"texture":"#0"},"east":{"uv":[0,0,0,2],"texture":"#0"},"south":{"uv":[0.5,0,3.5,2],"texture":"#0"},"west":{"uv":[0,0,0,2],"texture":"#0"},"up":{"uv":[0,0,3,0],"texture":"#0"},"down":{"uv":[0,0,3,0],"texture":"#0"}}},{"from":[10,9,8.25],"to":[16,13,8.25],"rotation":{"angle":-22.5,"axis":"z","origin":[0,0,0]},"faces":{"north":{"uv":[0.5,0,3.5,2],"texture":"#0"},"east":{"uv":[0,0,0,2],"texture":"#0"},"south":{"uv":[3.5,0,0.5,2],"texture":"#0"},"west":{"uv":[0,0,0,2],"texture":"#0"},"up":{"uv":[0,0,3,0],"texture":"#0"},"down":{"uv":[0,0,3,0],"texture":"#0"}}},{"from":[1.25,13,2.5],"to":[6.25,13,7.5],"rotation":{"angle":45,"axis":"y","origin":[0,0,0]},"faces":{"north":{"uv":[0,0,2.5,0],"texture":"#0"},"east":{"uv":[0,0,2.5,0],"texture":"#0"},"south":{"uv":[0,0,2.5,0],"texture":"#0"},"west":{"uv":[0,0,2.5,0],"texture":"#0"},"up":{"uv":[0.5,4.5,3,2],"texture":"#0"},"down":{"uv":[0.5,2,3,4.5],"texture":"#0"}}},{"from":[5.5,9,17],"to":[10.5,9,22],"faces":{"north":{"uv":[0,0,2.5,0],"texture":"#0"},"east":{"uv":[0,0,2.5,0],"texture":"#0"},"south":{"uv":[0,0,2.5,0],"texture":"#0"},"west":{"uv":[0,0,2.5,0],"texture":"#0"},"up":{"uv":[0.5,2,3,4.5],"texture":"#0"},"down":{"uv":[0.5,4.5,3,2],"texture":"#0"}}},{"from":[-9,9,4.75],"to":[-4,9,9.75],"rotation":{"angle":22.5,"axis":"y","origin":[0,0,0]},"faces":{"north":{"uv":[0,0,2.5,0],"texture":"#0"},"east":{"uv":[0,0,2.5,0],"texture":"#0"},"south":{"uv":[0,0,2.5,0],"texture":"#0"},"west":{"uv":[0,0,2.5,0],"texture":"#0"},"up":{"uv":[0.5,2,3,4.5],"rotation":90,"texture":"#0"},"down":{"uv":[0.5,4.5,3,2],"rotation":270,"texture":"#0"}}},{"from":[16.5,8,-8.5],"to":[21.5,8,-3.5],"rotation":{"angle":-45,"axis":"y","origin":[0,0,0]},"faces":{"north":{"uv":[0,0,2.5,0],"texture":"#0"},"east":{"uv":[0,0,2.5,0],"texture":"#0"},"south":{"uv":[0,0,2.5,0],"texture":"#0"},"west":{"uv":[0,0,2.5,0],"texture":"#0"},"up":{"uv":[0.5,4.5,3,2],"rotation":90,"texture":"#0"},"down":{"uv":[0.5,2,3,4.5],"rotation":270,"texture":"#0"}}},{"from":[19,13.5,1.5],"to":[32,13.5,14.5],"rotation":{"angle":0,"axis":"z","origin":[8,0,8]},"faces":{"north":{"uv":[0,0,6.5,0],"texture":"#0"},"east":{"uv":[0,0,6.5,0],"texture":"#0"},"south":{"uv":[0,0,6.5,0],"texture":"#0"},"west":{"uv":[0,0,6.5,0],"texture":"#0"},"up":{"uv":[3.5,6.5,10,0],"rotation":90,"texture":"#0"},"down":{"uv":[3.5,0,10,6.5],"rotation":270,"texture":"#0"}}},{"from":[8,17.5,1.5],"to":[21,17.5,14.5],"rotation":{"angle":-45,"axis":"y","origin":[8,0,8]},"faces":{"north":{"uv":[0,0,6.5,0],"texture":"#0"},"east":{"uv":[0,0,6.5,0],"texture":"#0"},"south":{"uv":[0,0,6.5,0],"texture":"#0"},"west":{"uv":[0,0,6.5,0],"texture":"#0"},"up":{"uv":[3.5,6.5,10,0],"rotation":90,"texture":"#0"},"down":{"uv":[3.5,0,10,6.5],"rotation":270,"texture":"#0"}}},{"from":[-5,5.5,1.5],"to":[8,5.5,14.5],"rotation":{"angle":45,"axis":"y","origin":[8,0,8]},"faces":{"north":{"uv":[0,0,6.5,0],"texture":"#0"},"east":{"uv":[0,0,6.5,0],"texture":"#0"},"south":{"uv":[0,0,6.5,0],"texture":"#0"},"west":{"uv":[0,0,6.5,0],"texture":"#0"},"up":{"uv":[3.5,6.5,10,0],"rotation":270,"texture":"#0"},"down":{"uv":[3.5,0,10,6.5],"rotation":90,"texture":"#0"}}},{"from":[1.5,22.15,17],"to":[14.5,22.15,30],"rotation":{"angle":22.5,"axis":"x","origin":[8,0,8]},"faces":{"north":{"uv":[0,0,6.5,0],"texture":"#0"},"east":{"uv":[0,0,6.5,0],"texture":"#0"},"south":{"uv":[0,0,6.5,0],"texture":"#0"},"west":{"uv":[0,0,6.5,0],"texture":"#0"},"up":{"uv":[3.5,6.5,10,0],"rotation":180,"texture":"#0"},"down":{"uv":[3.5,0,10,6.5],"rotation":180,"texture":"#0"}}},{"from":[-16,13.5,-3.5],"to":[-3,13.5,9.5],"rotation":{"angle":22.5,"axis":"y","origin":[8,0,8]},"faces":{"north":{"uv":[0,0,6.5,0],"texture":"#0"},"east":{"uv":[0,0,6.5,0],"texture":"#0"},"south":{"uv":[0,0,6.5,0],"texture":"#0"},"west":{"uv":[0,0,6.5,0],"texture":"#0"},"up":{"uv":[3.5,0,10,6.5],"rotation":90,"texture":"#0"},"down":{"uv":[3.5,6.5,10,0],"rotation":270,"texture":"#0"}}},{"from":[-11,23.15,8.5],"to":[2,23.15,21.5],"rotation":{"angle":-45,"axis":"y","origin":[8,0,8]},"faces":{"north":{"uv":[0,0,6.5,0],"texture":"#0"},"east":{"uv":[0,0,6.5,0],"texture":"#0"},"south":{"uv":[0,0,6.5,0],"texture":"#0"},"west":{"uv":[0,0,6.5,0],"texture":"#0"},"up":{"uv":[3.5,0,10,6.5],"rotation":90,"texture":"#0"},"down":{"uv":[3.5,6.5,10,0],"rotation":270,"texture":"#0"}}},{"from":[1.5,27.75,-3.75],"to":[14.5,27.75,9.25],"rotation":{"angle":22.5,"axis":"x","origin":[8,0,8]},"faces":{"north":{"uv":[0,0,6.5,0],"texture":"#0"},"east":{"uv":[0,0,6.5,0],"texture":"#0"},"south":{"uv":[0,0,6.5,0],"texture":"#0"},"west":{"uv":[0,0,6.5,0],"texture":"#0"},"up":{"uv":[3.5,0,10,6.5],"texture":"#0"},"down":{"uv":[3.5,6.5,10,0],"texture":"#0"}}},{"from":[1.5,24,-5],"to":[14.5,24,8],"rotation":{"angle":-22.5,"axis":"x","origin":[8,0,8]},"faces":{"north":{"uv":[0,0,6.5,0],"texture":"#0"},"east":{"uv":[0,0,6.5,0],"texture":"#0"},"south":{"uv":[0,0,6.5,0],"texture":"#0"},"west":{"uv":[0,0,6.5,0],"texture":"#0"},"up":{"uv":[3.5,6.5,10,0],"texture":"#0"},"down":{"uv":[3.5,0,10,6.5],"texture":"#0"}}}]}