{"display":{"thirdperson_righthand":{"rotation":[75,45,0],"translation":[0,1,2],"scale":[0.2,0.2,0.2]},"thirdperson_lefthand":{"rotation":[75,45,0],"translation":[0,1,2],"scale":[0.2,0.2,0.2]},"firstperson_righthand":{"rotation":[0,45,0],"translation":[0,2,0],"scale":[0.2,0.2,0.2]},"firstperson_lefthand":{"rotation":[0,225,0],"translation":[0,2,0],"scale":[0.2,0.2,0.2]},"ground":{"translation":[0,5,0],"scale":[0.2,0.2,0.2]},"gui":{"rotation":[30,225,0],"scale":[0.3,0.3,0.3]},"fixed":{"rotation":[-90,0,0],"translation":[0,0,-80],"scale":[4,4,4]}},"texture_size":[32,32],"textures":{"0":"block/plants/palm","1":"block/composter_side"},"elements":[{"from":[5.5,17,8],"to":[10.5,32,8],"rotation":{"angle":-45,"axis":"y","origin":[8,17,8]},"faces":{"north":{"uv":[0,0,5,16],"texture":"#0"},"east":{"uv":[0,0,0,15],"texture":"#0"},"south":{"uv":[0,0,5,16],"texture":"#0"},"west":{"uv":[0,0,0,15],"texture":"#0"},"up":{"uv":[5,0,0,0],"texture":"#0"},"down":{"uv":[5,0,0,0],"texture":"#0"}}},{"from":[-7,17,5.5],"to":[8,17,10.5],"rotation":{"angle":-45,"axis":"z","origin":[8,17,8]},"faces":{"north":{"uv":[0,0,0,15],"rotation":90,"texture":"#0"},"east":{"uv":[5,0,0,0],"rotation":180,"texture":"#0"},"south":{"uv":[0,0,0,15],"rotation":270,"texture":"#0"},"west":{"uv":[5,0,0,0],"texture":"#0"},"up":{"uv":[0,0,5,16],"rotation":270,"texture":"#0"},"down":{"uv":[5,0,0,16],"rotation":270,"texture":"#0"}}},{"from":[5.5,17,-7],"to":[10.5,17,8],"rotation":{"angle":45,"axis":"x","origin":[8,17,8]},"faces":{"north":{"uv":[5,0,0,0],"texture":"#0"},"east":{"uv":[0,0,0,15],"rotation":90,"texture":"#0"},"south":{"uv":[5,0,0,0],"rotation":180,"texture":"#0"},"west":{"uv":[0,0,0,15],"rotation":270,"texture":"#0"},"up":{"uv":[0,0,5,16],"texture":"#0"},"down":{"uv":[5,0,0,16],"rotation":180,"texture":"#0"}}},{"from":[8,17,5.5],"to":[23,17,10.5],"rotation":{"angle":45,"axis":"z","origin":[8,17,8]},"faces":{"north":{"uv":[0,0,0,15],"rotation":270,"texture":"#0"},"east":{"uv":[5,0,0,0],"texture":"#0"},"south":{"uv":[0,0,0,15],"rotation":90,"texture":"#0"},"west":{"uv":[5,0,0,0],"rotation":180,"texture":"#0"},"up":{"uv":[0,0,5,16],"rotation":90,"texture":"#0"},"down":{"uv":[5,0,0,16],"rotation":90,"texture":"#0"}}},{"from":[5.5,17,8],"to":[10.5,17,23],"rotation":{"angle":-45,"axis":"x","origin":[8,17,8]},"faces":{"north":{"uv":[5,0,0,0],"rotation":180,"texture":"#0"},"east":{"uv":[0,0,0,15],"rotation":270,"texture":"#0"},"south":{"uv":[5,0,0,0],"texture":"#0"},"west":{"uv":[0,0,0,15],"rotation":90,"texture":"#0"},"up":{"uv":[0,0,5,16],"rotation":180,"texture":"#0"},"down":{"uv":[5,0,0,16],"texture":"#0"}}},{"from":[5.5,17,8],"to":[10.5,17,23],"rotation":{"angle":-22.5,"axis":"x","origin":[8,17,8]},"faces":{"north":{"uv":[5,0,0,0],"rotation":180,"texture":"#0"},"east":{"uv":[0,0,0,15],"rotation":270,"texture":"#0"},"south":{"uv":[5,0,0,0],"texture":"#0"},"west":{"uv":[0,0,0,15],"rotation":90,"texture":"#0"},"up":{"uv":[0,0,5,16],"rotation":180,"texture":"#0"},"down":{"uv":[5,0,0,16],"texture":"#0"}}},{"from":[-7,17,5.5],"to":[8,17,10.5],"rotation":{"angle":-22.5,"axis":"z","origin":[8,17,8]},"faces":{"north":{"uv":[0,0,0,15],"rotation":90,"texture":"#0"},"east":{"uv":[5,0,0,0],"rotation":180,"texture":"#0"},"south":{"uv":[0,0,0,15],"rotation":270,"texture":"#0"},"west":{"uv":[5,0,0,0],"texture":"#0"},"up":{"uv":[0,0,5,16],"rotation":270,"texture":"#0"},"down":{"uv":[5,0,0,16],"rotation":270,"texture":"#0"}}},{"from":[5.5,17,-7],"to":[10.5,17,8],"rotation":{"angle":22.5,"axis":"x","origin":[8,17,8]},"faces":{"north":{"uv":[5,0,0,0],"texture":"#0"},"east":{"uv":[0,0,0,15],"rotation":90,"texture":"#0"},"south":{"uv":[5,0,0,0],"rotation":180,"texture":"#0"},"west":{"uv":[0,0,0,15],"rotation":270,"texture":"#0"},"up":{"uv":[0,0,5,16],"texture":"#0"},"down":{"uv":[5,0,0,16],"rotation":180,"texture":"#0"}}},{"from":[8,17,5.5],"to":[23,17,10.5],"rotation":{"angle":22.5,"axis":"z","origin":[8,17,8]},"faces":{"north":{"uv":[0,0,0,15],"rotation":270,"texture":"#0"},"east":{"uv":[5,0,0,0],"texture":"#0"},"south":{"uv":[0,0,0,15],"rotation":90,"texture":"#0"},"west":{"uv":[5,0,0,0],"rotation":180,"texture":"#0"},"up":{"uv":[0,0,5,16],"rotation":90,"texture":"#0"},"down":{"uv":[5,0,0,16],"rotation":90,"texture":"#0"}}},{"from":[-7,17,5.5],"to":[8,17,10.5],"rotation":{"angle":-45,"axis":"y","origin":[8,17,8]},"faces":{"north":{"uv":[0,0,0,15],"rotation":90,"texture":"#0"},"east":{"uv":[5,0,0,0],"rotation":180,"texture":"#0"},"south":{"uv":[0,0,0,15],"rotation":270,"texture":"#0"},"west":{"uv":[5,0,0,0],"texture":"#0"},"up":{"uv":[0,0,5,16],"rotation":270,"texture":"#0"},"down":{"uv":[5,0,0,16],"rotation":270,"texture":"#0"}}},{"from":[8,17,5.5],"to":[23,17,10.5],"rotation":{"angle":-45,"axis":"y","origin":[8,17,8]},"faces":{"north":{"uv":[0,0,0,15],"rotation":270,"texture":"#0"},"east":{"uv":[5,0,0,0],"texture":"#0"},"south":{"uv":[0,0,0,15],"rotation":90,"texture":"#0"},"west":{"uv":[5,0,0,0],"rotation":180,"texture":"#0"},"up":{"uv":[0,0,5,16],"rotation":90,"texture":"#0"},"down":{"uv":[5,0,0,16],"rotation":90,"texture":"#0"}}},{"from":[5.5,17,-7],"to":[10.5,17,8],"rotation":{"angle":-45,"axis":"y","origin":[8,17,8]},"faces":{"north":{"uv":[5,0,0,0],"texture":"#0"},"east":{"uv":[0,0,0,15],"rotation":90,"texture":"#0"},"south":{"uv":[5,0,0,0],"rotation":180,"texture":"#0"},"west":{"uv":[0,0,0,15],"rotation":270,"texture":"#0"},"up":{"uv":[0,0,5,16],"texture":"#0"},"down":{"uv":[5,0,0,16],"rotation":180,"texture":"#0"}}},{"from":[5.5,17,8],"to":[10.5,17,23],"rotation":{"angle":-45,"axis":"y","origin":[8,17,8]},"faces":{"north":{"uv":[5,0,0,0],"rotation":180,"texture":"#0"},"east":{"uv":[0,0,0,15],"rotation":270,"texture":"#0"},"south":{"uv":[5,0,0,0],"texture":"#0"},"west":{"uv":[0,0,0,15],"rotation":90,"texture":"#0"},"up":{"uv":[0,0,5,16],"rotation":180,"texture":"#0"},"down":{"uv":[5,0,0,16],"texture":"#0"}}},{"from":[-7,17,5.5],"to":[8,17,10.5],"rotation":{"angle":45,"axis":"z","origin":[8,17,8]},"faces":{"north":{"uv":[0,0,0,15],"rotation":90,"texture":"#0"},"east":{"uv":[5,0,0,0],"rotation":180,"texture":"#0"},"south":{"uv":[0,0,0,15],"rotation":270,"texture":"#0"},"west":{"uv":[5,0,0,0],"texture":"#0"},"up":{"uv":[0,0,5,16],"rotation":270,"texture":"#0"},"down":{"uv":[5,0,0,16],"rotation":270,"texture":"#0"}}},{"from":[5.5,17,-7],"to":[10.5,17,8],"rotation":{"angle":-22.5,"axis":"x","origin":[8,17,8]},"faces":{"north":{"uv":[5,0,0,0],"texture":"#0"},"east":{"uv":[0,0,0,15],"rotation":90,"texture":"#0"},"south":{"uv":[5,0,0,0],"rotation":180,"texture":"#0"},"west":{"uv":[0,0,0,15],"rotation":270,"texture":"#0"},"up":{"uv":[0,0,5,16],"texture":"#0"},"down":{"uv":[5,0,0,16],"rotation":180,"texture":"#0"}}},{"from":[8,17,5.5],"to":[23,17,10.5],"rotation":{"angle":-22.5,"axis":"z","origin":[8,17,8]},"faces":{"north":{"uv":[0,0,0,15],"rotation":270,"texture":"#0"},"east":{"uv":[5,0,0,0],"texture":"#0"},"south":{"uv":[0,0,0,15],"rotation":90,"texture":"#0"},"west":{"uv":[5,0,0,0],"rotation":180,"texture":"#0"},"up":{"uv":[0,0,5,16],"rotation":90,"texture":"#0"},"down":{"uv":[5,0,0,16],"rotation":90,"texture":"#0"}}},{"from":[5.5,17,8],"to":[10.5,17,23],"rotation":{"angle":45,"axis":"x","origin":[8,17,8]},"faces":{"north":{"uv":[5,0,0,0],"rotation":180,"texture":"#0"},"east":{"uv":[0,0,0,15],"rotation":270,"texture":"#0"},"south":{"uv":[5,0,0,0],"texture":"#0"},"west":{"uv":[0,0,0,15],"rotation":90,"texture":"#0"},"up":{"uv":[0,0,5,16],"rotation":180,"texture":"#0"},"down":{"uv":[5,0,0,16],"texture":"#0"}}},{"from":[5.5,17,8],"to":[10.5,17,23],"rotation":{"angle":22.5,"axis":"x","origin":[8,17,8]},"faces":{"north":{"uv":[5,0,0,0],"rotation":180,"texture":"#0"},"east":{"uv":[0,0,0,15],"rotation":270,"texture":"#0"},"south":{"uv":[5,0,0,0],"texture":"#0"},"west":{"uv":[0,0,0,15],"rotation":90,"texture":"#0"},"up":{"uv":[0,0,5,16],"rotation":180,"texture":"#0"},"down":{"uv":[5,0,0,16],"texture":"#0"}}},{"from":[-7,17,5.5],"to":[8,17,10.5],"rotation":{"angle":22.5,"axis":"z","origin":[8,17,8]},"faces":{"north":{"uv":[0,0,0,15],"rotation":90,"texture":"#0"},"east":{"uv":[5,0,0,0],"rotation":180,"texture":"#0"},"south":{"uv":[0,0,0,15],"rotation":270,"texture":"#0"},"west":{"uv":[5,0,0,0],"texture":"#0"},"up":{"uv":[0,0,5,16],"rotation":270,"texture":"#0"},"down":{"uv":[5,0,0,16],"rotation":270,"texture":"#0"}}},{"from":[7,9,7],"to":[9,17,9],"faces":{"north":{"uv":[9,0,13,16],"texture":"#1"},"east":{"uv":[3,0,7,16],"texture":"#1"},"south":{"uv":[4,0,8,16],"texture":"#1"},"west":{"uv":[8,0,12,16],"texture":"#1"},"up":{"uv":[0,0,3,3],"texture":"#1"},"down":{"uv":[0,0,3,3],"texture":"#1"}}},{"from":[7,1,7],"to":[9,9,9],"faces":{"north":{"uv":[8,0,12,16],"texture":"#1"},"east":{"uv":[3,0,7,16],"texture":"#1"},"south":{"uv":[6,0,10,16],"texture":"#1"},"west":{"uv":[9,0,13,16],"texture":"#1"},"up":{"uv":[0,0,3,3],"texture":"#1"},"down":{"uv":[0,0,3,3],"texture":"#1"}}},{"from":[7,-7,7],"to":[9,1,9],"faces":{"north":{"uv":[8,0,12,16],"texture":"#1"},"east":{"uv":[7,0,11,16],"texture":"#1"},"south":{"uv":[6,0,10,16],"texture":"#1"},"west":{"uv":[9,0,13,16],"texture":"#1"},"up":{"uv":[0,0,3,3],"texture":"#1"},"down":{"uv":[0,0,3,3],"texture":"#1"}}},{"from":[7,-15,7],"to":[9,-7,9],"faces":{"north":{"uv":[9,0,13,16],"texture":"#1"},"east":{"uv":[5,0,9,16],"texture":"#1"},"south":{"uv":[6,0,10,16],"texture":"#1"},"west":{"uv":[4,0,8,16],"texture":"#1"},"up":{"uv":[0,0,3,3],"texture":"#1"},"down":{"uv":[0,0,3,3],"texture":"#1"}}}]}