{"display":{"thirdperson_righthand":{"rotation":[75,45,0],"translation":[0,2.5,0],"scale":[0.2,0.2,0.2]},"thirdperson_lefthand":{"rotation":[75,45,0],"translation":[0,2.5,0],"scale":[0.2,0.2,0.2]},"firstperson_righthand":{"rotation":[0,45,0],"translation":[0,1,0],"scale":[0.2,0.2,0.2]},"firstperson_lefthand":{"rotation":[0,45,0],"translation":[0,1,0],"scale":[0.2,0.2,0.2]},"ground":{"translation":[0,3,0],"scale":[0.15,0.15,0.15]},"gui":{"rotation":[30,45,0],"scale":[0.35,0.35,0.35]},"fixed":{"rotation":[-90,45,0],"translation":[0,0,-14],"scale":[2,2,2]}},"texture_size":[128,128],"textures":{"0":"block/plants/various"},"elements":[{"from":[6,4.25,7],"to":[10,12.25,11],"rotation":{"angle":-22.5,"axis":"z","origin":[0,0,0]},"faces":{"north":{"uv":[0.5,14.5,1,15.5],"texture":"#0"},"east":{"uv":[0.5,14.5,1,15.5],"texture":"#0"},"south":{"uv":[0.5,14.5,1,15.5],"texture":"#0"},"west":{"uv":[0.5,14.5,1,15.5],"texture":"#0"},"up":{"uv":[0,15.5,0.5,16],"texture":"#0"},"down":{"uv":[0.5,15.5,1,16],"texture":"#0"}}},{"from":[5,-2,6],"to":[9,3,10],"rotation":{"angle":22.5,"axis":"z","origin":[0,0,0]},"faces":{"north":{"uv":[0.5,14.5,1,15.125],"texture":"#0"},"east":{"uv":[0.5,14.5,1,15.125],"texture":"#0"},"south":{"uv":[0.5,14.5,1,15.125],"texture":"#0"},"west":{"uv":[0.5,14.5,1,15.125],"texture":"#0"},"up":{"uv":[0,16,0.5,15.5],"texture":"#0"},"down":{"uv":[0.5,15.5,1,16],"texture":"#0"}}},{"from":[6,-1,4.75],"to":[10,7,8.75],"rotation":{"angle":-22.5,"axis":"x","origin":[0,0,0]},"faces":{"north":{"uv":[0.5,14.5,1,15.5],"texture":"#0"},"east":{"uv":[0.5,14.5,1,15.5],"texture":"#0"},"south":{"uv":[0.5,14.5,1,15.5],"texture":"#0"},"west":{"uv":[0.5,14.5,1,15.5],"texture":"#0"},"up":{"uv":[0.5,15.5,0,16],"texture":"#0"},"down":{"uv":[0.5,15.5,1,16],"texture":"#0"}}},{"from":[6,7.75,6],"to":[10,15.75,10],"rotation":{"angle":22.5,"axis":"x","origin":[0,0,0]},"faces":{"north":{"uv":[0.5,14.5,1,15.5],"texture":"#0"},"east":{"uv":[0.5,14.5,1,15.5],"texture":"#0"},"south":{"uv":[0.5,14.5,1,15.5],"texture":"#0"},"west":{"uv":[0.5,14.5,1,15.5],"texture":"#0"},"up":{"uv":[0.5,16,0,15.5],"texture":"#0"},"down":{"uv":[0.5,15.5,1,16],"texture":"#0"}}},{"from":[6,4.75,6],"to":[10,7.75,10],"rotation":{"angle":22.5,"axis":"x","origin":[0,0,0]},"faces":{"north":{"uv":[0.5,15.125,1,15.5],"texture":"#0"},"east":{"uv":[0.5,15.125,1,15.5],"texture":"#0"},"south":{"uv":[0.5,15.125,1,15.5],"texture":"#0"},"west":{"uv":[0.5,15.125,1,15.5],"texture":"#0"},"up":{"uv":[0.5,15.5,1,16],"texture":"#0"},"down":{"uv":[0.5,15.5,1,16],"texture":"#0"}}},{"from":[-3,0,2],"to":[5,0,14],"rotation":{"angle":-45,"axis":"z","origin":[5,0,8]},"faces":{"north":{"uv":[0,0,0,1],"rotation":90,"texture":"#0"},"east":{"uv":[0,0,0,1.5],"rotation":270,"texture":"#0"},"south":{"uv":[0,0,0,1],"rotation":270,"texture":"#0"},"west":{"uv":[0,0,0,1.5],"rotation":270,"texture":"#0"},"up":{"uv":[2.5,15,1,16],"rotation":270,"texture":"#0"},"down":{"uv":[1,15,2.5,16],"rotation":270,"texture":"#0"}}},{"from":[11,0,2],"to":[19,0,14],"rotation":{"angle":45,"axis":"z","origin":[11,0,8]},"faces":{"north":{"uv":[0,0,0,1],"rotation":90,"texture":"#0"},"east":{"uv":[0,0,0,1.5],"rotation":270,"texture":"#0"},"south":{"uv":[0,0,0,1],"rotation":270,"texture":"#0"},"west":{"uv":[0,0,0,1.5],"rotation":270,"texture":"#0"},"up":{"uv":[1,16,2.5,15],"rotation":270,"texture":"#0"},"down":{"uv":[2.5,16,1,15],"rotation":270,"texture":"#0"}}},{"from":[2,0,11],"to":[14,0,19],"rotation":{"angle":-45,"axis":"x","origin":[8,0,11]},"faces":{"north":{"uv":[0,0,0,1.5],"rotation":270,"texture":"#0"},"east":{"uv":[0,0,0,1],"rotation":90,"texture":"#0"},"south":{"uv":[0,0,0,1.5],"rotation":270,"texture":"#0"},"west":{"uv":[0,0,0,1],"rotation":270,"texture":"#0"},"up":{"uv":[1,16,2.5,15],"texture":"#0"},"down":{"uv":[2.5,16,1,15],"rotation":180,"texture":"#0"}}},{"from":[-8.65,5.65,2],"to":[-0.65,5.65,14],"rotation":{"angle":0,"axis":"z","origin":[10,0,8]},"faces":{"north":{"uv":[0,0,0,1],"rotation":270,"texture":"#0"},"east":{"uv":[0,0,0,1.5],"rotation":270,"texture":"#0"},"south":{"uv":[0,0,0,1],"rotation":90,"texture":"#0"},"west":{"uv":[0,0,0,1.5],"rotation":270,"texture":"#0"},"up":{"uv":[2.5,15,1,14],"rotation":90,"texture":"#0"},"down":{"uv":[1,15,2.5,14],"rotation":90,"texture":"#0"}}},{"from":[2,5.65,-8.65],"to":[14,5.65,-0.65],"rotation":{"angle":0,"axis":"y","origin":[8,0,10]},"faces":{"north":{"uv":[0,0,0,1.5],"rotation":270,"texture":"#0"},"east":{"uv":[0,0,0,1],"rotation":270,"texture":"#0"},"south":{"uv":[0,0,0,1.5],"rotation":270,"texture":"#0"},"west":{"uv":[0,0,0,1],"rotation":90,"texture":"#0"},"up":{"uv":[2.5,15,1,14],"rotation":180,"texture":"#0"},"down":{"uv":[1,15,2.5,14],"texture":"#0"}}},{"from":[2,5.65,16.65],"to":[14,5.65,24.65],"rotation":{"angle":0,"axis":"y","origin":[8,0,6]},"faces":{"north":{"uv":[0,0,0,1.5],"rotation":270,"texture":"#0"},"east":{"uv":[0,0,0,1],"rotation":90,"texture":"#0"},"south":{"uv":[0,0,0,1.5],"rotation":270,"texture":"#0"},"west":{"uv":[0,0,0,1],"rotation":270,"texture":"#0"},"up":{"uv":[2.5,15,1,14],"texture":"#0"},"down":{"uv":[1,15,2.5,14],"rotation":180,"texture":"#0"}}},{"from":[16.65,5.65,2],"to":[24.65,5.65,14],"rotation":{"angle":0,"axis":"y","origin":[6,0,8]},"faces":{"north":{"uv":[0,0,0,1],"rotation":90,"texture":"#0"},"east":{"uv":[0,0,0,1.5],"rotation":270,"texture":"#0"},"south":{"uv":[0,0,0,1],"rotation":270,"texture":"#0"},"west":{"uv":[0,0,0,1.5],"rotation":270,"texture":"#0"},"up":{"uv":[2.5,15,1,14],"rotation":270,"texture":"#0"},"down":{"uv":[1,15,2.5,14],"rotation":270,"texture":"#0"}}},{"from":[2,0,-3],"to":[14,0,5],"rotation":{"angle":45,"axis":"x","origin":[8,0,5]},"faces":{"north":{"uv":[0,0,0,1.5],"rotation":270,"texture":"#0"},"east":{"uv":[0,0,0,1],"rotation":90,"texture":"#0"},"south":{"uv":[0,0,0,1.5],"rotation":270,"texture":"#0"},"west":{"uv":[0,0,0,1],"rotation":270,"texture":"#0"},"up":{"uv":[2.5,15,1,16],"texture":"#0"},"down":{"uv":[1,15,2.5,16],"rotation":180,"texture":"#0"}}},{"from":[-12,0.26,2.5],"to":[8,0.26,13.5],"rotation":{"angle":22.5,"axis":"y","origin":[8,0,8]},"faces":{"north":{"uv":[0,0,2.5,0],"texture":"#0"},"east":{"uv":[0,0,1.375,0],"texture":"#0"},"south":{"uv":[0,0,2.5,0],"texture":"#0"},"west":{"uv":[0,0,1.375,0],"texture":"#0"},"up":{"uv":[3,13.25,1.625,10.75],"rotation":90,"texture":"#0"},"down":{"uv":[1.625,13.25,3,10.75],"rotation":90,"texture":"#0"}}},{"from":[2.5,0.25,-12],"to":[13.5,0.25,8],"rotation":{"angle":45,"axis":"y","origin":[8,0,8]},"faces":{"north":{"uv":[0,0,1.375,0],"texture":"#0"},"east":{"uv":[0,0,2.5,0],"texture":"#0"},"south":{"uv":[0,0,1.375,0],"texture":"#0"},"west":{"uv":[0,0,2.5,0],"texture":"#0"},"up":{"uv":[3,13.25,1.625,10.75],"rotation":180,"texture":"#0"},"down":{"uv":[1.625,13.25,3,10.75],"texture":"#0"}}},{"from":[8,0.26,2.5],"to":[28,0.26,13.5],"rotation":{"angle":0,"axis":"y","origin":[8,0,8]},"faces":{"north":{"uv":[0,0,2.5,0],"texture":"#0"},"east":{"uv":[0,0,1.375,0],"texture":"#0"},"south":{"uv":[0,0,2.5,0],"texture":"#0"},"west":{"uv":[0,0,1.375,0],"texture":"#0"},"up":{"uv":[3,13.25,1.625,10.75],"rotation":270,"texture":"#0"},"down":{"uv":[1.625,13.25,3,10.75],"rotation":270,"texture":"#0"}}},{"from":[2.5,0.25,8],"to":[13.5,0.25,28],"rotation":{"angle":45,"axis":"y","origin":[8,0,8]},"faces":{"north":{"uv":[0,0,1.375,0],"texture":"#0"},"east":{"uv":[0,0,2.5,0],"texture":"#0"},"south":{"uv":[0,0,1.375,0],"texture":"#0"},"west":{"uv":[0,0,2.5,0],"texture":"#0"},"up":{"uv":[3,13.25,1.625,10.75],"texture":"#0"},"down":{"uv":[1.625,13.25,3,10.75],"rotation":180,"texture":"#0"}}},{"from":[4.75,0,4.75],"to":[11.25,2,11.25],"faces":{"north":{"uv":[3.625,15.375,4.5,15.625],"texture":"#0"},"east":{"uv":[3.625,15.375,4.5,15.625],"texture":"#0"},"south":{"uv":[3.625,15.375,4.5,15.625],"texture":"#0"},"west":{"uv":[3.625,15.375,4.5,15.625],"texture":"#0"},"up":{"uv":[3.625,14.5,4.5,15.375],"texture":"#0"},"down":{"uv":[3.625,14.5,4.5,15.375],"texture":"#0"}}}]}