{"display":{"thirdperson_righthand":{"rotation":[75,45,0],"translation":[0,1.5,0],"scale":[0.15,0.15,0.15]},"thirdperson_lefthand":{"rotation":[75,45,0],"translation":[0,1.5,0],"scale":[0.15,0.15,0.15]},"firstperson_righthand":{"rotation":[0,45,0],"scale":[0.15,0.15,0.15]},"firstperson_lefthand":{"rotation":[0,45,0],"scale":[0.15,0.15,0.15]},"ground":{"translation":[0,3.3,0],"scale":[0.15,0.15,0.15]},"gui":{"rotation":[30,0,0],"translation":[0,-1.75,0],"scale":[0.4,0.4,0.4]},"fixed":{"rotation":[-90,0,0],"translation":[0,0,-30],"scale":[2,2,2]}},"texture_size":[128,128],"textures":{"0":"block/plants/various"},"elements":[{"from":[-3,-8,8],"to":[19,24,8],"rotation":{"angle":45,"axis":"y","origin":[8,-8,8]},"faces":{"north":{"uv":[6.5,12,8.5,16],"texture":"#0"},"east":{"uv":[0,0,0,7.875],"texture":"#0"},"south":{"uv":[6.5,12,8.5,16],"texture":"#0"},"west":{"uv":[0,0,0,7.875],"texture":"#0"},"up":{"uv":[0,0,0,7.33333],"rotation":90,"texture":"#0"},"down":{"uv":[0,0,0,7.33333],"rotation":270,"texture":"#0"}}},{"from":[8,-8,-3],"to":[8,24,19],"rotation":{"angle":45,"axis":"y","origin":[8,-8,8]},"faces":{"north":{"uv":[0,0,0,7.875],"texture":"#0"},"east":{"uv":[6.5,12,8.5,16],"texture":"#0"},"south":{"uv":[0,0,0,7.875],"texture":"#0"},"west":{"uv":[6.5,12,8.5,16],"texture":"#0"},"up":{"uv":[0,0,0,7.33333],"texture":"#0"},"down":{"uv":[0,0,0,7.33333],"texture":"#0"}}},{"from":[0,23.95,0],"to":[16,23.95,16],"rotation":{"angle":0,"axis":"y","origin":[0,-8,0]},"faces":{"north":{"uv":[0,0,2,0],"texture":"#0"},"east":{"uv":[0,0,2,0],"texture":"#0"},"south":{"uv":[0,0,2,0],"texture":"#0"},"west":{"uv":[0,0,2,0],"texture":"#0"},"up":{"uv":[4.5,14,6.5,16],"texture":"#0"},"down":{"uv":[4.5,16,6.5,14],"texture":"#0"}}},{"from":[4,24,4],"to":[12,32,12],"rotation":{"angle":0,"axis":"y","origin":[0,-8,0]},"faces":{"north":{"uv":[3.5,15,4.5,16],"texture":"#0"},"east":{"uv":[3.5,15,4.5,16],"texture":"#0"},"south":{"uv":[3.5,15,4.5,16],"texture":"#0"},"west":{"uv":[3.5,15,4.5,16],"texture":"#0"},"up":{"uv":[3.5,14,4.5,15],"texture":"#0"},"down":{"uv":[3.5,15,4.5,16],"texture":"#0"}}}]}