{"display":{"thirdperson_righthand":{"rotation":[75,45,0],"translation":[0,2.5,0],"scale":[0.2,0.2,0.2]},"thirdperson_lefthand":{"rotation":[75,45,0],"translation":[0,2.5,0],"scale":[0.2,0.2,0.2]},"firstperson_righthand":{"rotation":[0,45,0],"translation":[0,1,0],"scale":[0.2,0.2,0.2]},"firstperson_lefthand":{"rotation":[0,45,0],"translation":[0,1,0],"scale":[0.2,0.2,0.2]},"ground":{"translation":[0,3,0],"scale":[0.15,0.15,0.15]},"gui":{"rotation":[30,225,0],"translation":[0,1,0],"scale":[0.4,0.4,0.4]},"fixed":{"rotation":[-90,0,0],"translation":[0,0,-14],"scale":[2,2,2]}},"texture_size":[128,128],"textures":{"0":"block/plants/various"},"elements":[{"from":[0,8,-11],"to":[16,8,7],"rotation":{"angle":-22.5,"axis":"x","origin":[8,5,8]},"faces":{"north":{"uv":[0,0,2,0],"texture":"#0"},"east":{"uv":[0,0,2.25,0],"texture":"#0"},"south":{"uv":[0,0,2,0],"texture":"#0"},"west":{"uv":[0,0,2.25,0],"texture":"#0"},"up":{"uv":[1,3.75,3,6],"texture":"#0"},"down":{"uv":[1,6,3,3.75],"texture":"#0"}}},{"from":[-11,7,0],"to":[7,7,16],"rotation":{"angle":22.5,"axis":"z","origin":[8,5,8]},"faces":{"north":{"uv":[0,0,2.25,0],"texture":"#0"},"east":{"uv":[0,0,2,0],"texture":"#0"},"south":{"uv":[0,0,2.25,0],"texture":"#0"},"west":{"uv":[0,0,2,0],"texture":"#0"},"up":{"uv":[1,3.75,3,6],"rotation":270,"texture":"#0"},"down":{"uv":[1,6,3,3.75],"rotation":90,"texture":"#0"}}},{"from":[-12,1,0],"to":[6,1,16],"rotation":{"angle":45,"axis":"y","origin":[8,5,8]},"faces":{"north":{"uv":[0,0,2.25,0],"texture":"#0"},"east":{"uv":[0,0,2,0],"texture":"#0"},"south":{"uv":[0,0,2.25,0],"texture":"#0"},"west":{"uv":[0,0,2,0],"texture":"#0"},"up":{"uv":[1,3.75,3,6],"rotation":270,"texture":"#0"},"down":{"uv":[1,6,3,3.75],"rotation":90,"texture":"#0"}}},{"from":[0,1,10],"to":[16,1,28],"rotation":{"angle":45,"axis":"y","origin":[8,5,8]},"faces":{"north":{"uv":[0,0,2,0],"texture":"#0"},"east":{"uv":[0,0,2.25,0],"texture":"#0"},"south":{"uv":[0,0,2,0],"texture":"#0"},"west":{"uv":[0,0,2.25,0],"texture":"#0"},"up":{"uv":[1,3.75,3,6],"rotation":180,"texture":"#0"},"down":{"uv":[1,6,3,3.75],"rotation":180,"texture":"#0"}}},{"from":[-1,0,9],"to":[17,16,9],"rotation":{"angle":-45,"axis":"z","origin":[8,5,8]},"faces":{"north":{"uv":[1,3.75,3,6],"rotation":90,"texture":"#0"},"east":{"uv":[0,0,2,0],"rotation":90,"texture":"#0"},"south":{"uv":[1,6,3,3.75],"rotation":90,"texture":"#0"},"west":{"uv":[0,0,2,0],"rotation":270,"texture":"#0"},"up":{"uv":[0,0,2.25,0],"texture":"#0"},"down":{"uv":[0,0,2.25,0],"rotation":180,"texture":"#0"}}},{"from":[9,0,-1],"to":[9,16,17],"rotation":{"angle":-45,"axis":"x","origin":[8,5,8]},"faces":{"north":{"uv":[0,0,2,0],"rotation":90,"texture":"#0"},"east":{"uv":[1,6,3,3.75],"rotation":90,"texture":"#0"},"south":{"uv":[0,0,2,0],"rotation":270,"texture":"#0"},"west":{"uv":[1,3.75,3,6],"rotation":90,"texture":"#0"},"up":{"uv":[0,0,2.25,0],"rotation":270,"texture":"#0"},"down":{"uv":[0,0,2.25,0],"rotation":270,"texture":"#0"}}},{"from":[7,0,-1],"to":[7,16,17],"rotation":{"angle":45,"axis":"x","origin":[8,5,8]},"faces":{"north":{"uv":[0,0,2,0],"rotation":270,"texture":"#0"},"east":{"uv":[1,3.75,3,6],"rotation":90,"texture":"#0"},"south":{"uv":[0,0,2,0],"rotation":90,"texture":"#0"},"west":{"uv":[1,6,3,3.75],"rotation":90,"texture":"#0"},"up":{"uv":[0,0,2.25,0],"rotation":90,"texture":"#0"},"down":{"uv":[0,0,2.25,0],"rotation":90,"texture":"#0"}}},{"from":[-1,0,7],"to":[17,16,7],"rotation":{"angle":45,"axis":"z","origin":[8,5,8]},"faces":{"north":{"uv":[1,6,3,3.75],"rotation":90,"texture":"#0"},"east":{"uv":[0,0,2,0],"rotation":270,"texture":"#0"},"south":{"uv":[1,3.75,3,6],"rotation":90,"texture":"#0"},"west":{"uv":[0,0,2,0],"rotation":90,"texture":"#0"},"up":{"uv":[0,0,2.25,0],"rotation":180,"texture":"#0"},"down":{"uv":[0,0,2.25,0],"texture":"#0"}}},{"from":[-1,0,8],"to":[17,16,8],"rotation":{"angle":45,"axis":"y","origin":[8,5,8]},"faces":{"north":{"uv":[1,6,3,3.75],"rotation":90,"texture":"#0"},"east":{"uv":[0,0,2,0],"rotation":270,"texture":"#0"},"south":{"uv":[1,3.75,3,6],"rotation":90,"texture":"#0"},"west":{"uv":[0,0,2,0],"rotation":90,"texture":"#0"},"up":{"uv":[0,0,2.25,0],"rotation":180,"texture":"#0"},"down":{"uv":[0,0,2.25,0],"texture":"#0"}}},{"from":[8,0,-1],"to":[8,16,17],"rotation":{"angle":45,"axis":"y","origin":[8,5,8]},"faces":{"north":{"uv":[0,0,2,0],"rotation":90,"texture":"#0"},"east":{"uv":[1,6,3,3.75],"rotation":90,"texture":"#0"},"south":{"uv":[0,0,2,0],"rotation":270,"texture":"#0"},"west":{"uv":[1,3.75,3,6],"rotation":90,"texture":"#0"},"up":{"uv":[0,0,2.25,0],"rotation":270,"texture":"#0"},"down":{"uv":[0,0,2.25,0],"rotation":270,"texture":"#0"}}},{"from":[10,1,0],"to":[28,1,16],"rotation":{"angle":45,"axis":"y","origin":[8,5,8]},"faces":{"north":{"uv":[0,0,2.25,0],"texture":"#0"},"east":{"uv":[0,0,2,0],"texture":"#0"},"south":{"uv":[0,0,2.25,0],"texture":"#0"},"west":{"uv":[0,0,2,0],"texture":"#0"},"up":{"uv":[1,3.75,3,6],"rotation":90,"texture":"#0"},"down":{"uv":[1,6,3,3.75],"rotation":270,"texture":"#0"}}},{"from":[0,1,-12],"to":[16,1,6],"rotation":{"angle":45,"axis":"y","origin":[8,5,8]},"faces":{"north":{"uv":[0,0,2,0],"texture":"#0"},"east":{"uv":[0,0,2.25,0],"texture":"#0"},"south":{"uv":[0,0,2,0],"texture":"#0"},"west":{"uv":[0,0,2.25,0],"texture":"#0"},"up":{"uv":[1,3.75,3,6],"texture":"#0"},"down":{"uv":[1,6,3,3.75],"texture":"#0"}}},{"from":[9,7,0],"to":[27,7,16],"rotation":{"angle":-22.5,"axis":"z","origin":[8,5,8]},"faces":{"north":{"uv":[0,0,2.25,0],"texture":"#0"},"east":{"uv":[0,0,2,0],"texture":"#0"},"south":{"uv":[0,0,2.25,0],"texture":"#0"},"west":{"uv":[0,0,2,0],"texture":"#0"},"up":{"uv":[1,3.75,3,6],"rotation":90,"texture":"#0"},"down":{"uv":[1,6,3,3.75],"rotation":270,"texture":"#0"}}},{"from":[0,8,9],"to":[16,8,27],"rotation":{"angle":22.5,"axis":"x","origin":[8,5,8]},"faces":{"north":{"uv":[0,0,2,0],"texture":"#0"},"east":{"uv":[0,0,2.25,0],"texture":"#0"},"south":{"uv":[0,0,2,0],"texture":"#0"},"west":{"uv":[0,0,2.25,0],"texture":"#0"},"up":{"uv":[1,3.75,3,6],"rotation":180,"texture":"#0"},"down":{"uv":[1,6,3,3.75],"rotation":180,"texture":"#0"}}},{"from":[0,3,-1],"to":[16,3,17],"rotation":{"angle":0,"axis":"x","origin":[8,5,8]},"faces":{"north":{"uv":[0,0,2,0],"texture":"#0"},"east":{"uv":[0,0,2.25,0],"texture":"#0"},"south":{"uv":[0,0,2,0],"texture":"#0"},"west":{"uv":[0,0,2.25,0],"texture":"#0"},"up":{"uv":[1,3.75,3,6],"rotation":180,"texture":"#0"},"down":{"uv":[1,6,3,3.75],"rotation":180,"texture":"#0"}}},{"from":[1,7,1],"to":[5,11,5],"faces":{"north":{"uv":[3,3.75,3.5,4.25],"texture":"#0"},"east":{"uv":[3,3.75,3.5,4.25],"texture":"#0"},"south":{"uv":[3,3.75,3.5,4.25],"texture":"#0"},"west":{"uv":[3,3.75,3.5,4.25],"texture":"#0"},"up":{"uv":[3,3.75,3.5,4.25],"texture":"#0"},"down":{"uv":[3,3.75,3.5,4.25],"texture":"#0"}}},{"from":[0.75,6.75,0.75],"to":[5.25,11.25,5.25],"faces":{"north":{"uv":[3.5,3.75,4.25,4.5],"texture":"#0"},"east":{"uv":[3.5,3.75,4.25,4.5],"texture":"#0"},"south":{"uv":[3.5,3.75,4.25,4.5],"texture":"#0"},"west":{"uv":[3.5,3.75,4.25,4.5],"texture":"#0"},"up":{"uv":[3.5,3.75,4.25,4.5],"texture":"#0"},"down":{"uv":[3.5,3.75,4.25,4.5],"texture":"#0"}}},{"from":[-2.25,0.75,13.75],"to":[2.25,5.25,18.25],"faces":{"north":{"uv":[3.5,3.75,4.25,4.5],"texture":"#0"},"east":{"uv":[3.5,3.75,4.25,4.5],"texture":"#0"},"south":{"uv":[3.5,3.75,4.25,4.5],"texture":"#0"},"west":{"uv":[3.5,3.75,4.25,4.5],"texture":"#0"},"up":{"uv":[3.5,3.75,4.25,4.5],"texture":"#0"},"down":{"uv":[3.5,3.75,4.25,4.5],"texture":"#0"}}},{"from":[-2,1,14],"to":[2,5,18],"faces":{"north":{"uv":[3,3.75,3.5,4.25],"texture":"#0"},"east":{"uv":[3,3.75,3.5,4.25],"texture":"#0"},"south":{"uv":[3,3.75,3.5,4.25],"texture":"#0"},"west":{"uv":[3,3.75,3.5,4.25],"texture":"#0"},"up":{"uv":[3,3.75,3.5,4.25],"texture":"#0"},"down":{"uv":[3,3.75,3.5,4.25],"texture":"#0"}}},{"from":[12,9,9.5],"to":[16,13,13.5],"faces":{"north":{"uv":[3,3.75,3.5,4.25],"texture":"#0"},"east":{"uv":[3,3.75,3.5,4.25],"texture":"#0"},"south":{"uv":[3,3.75,3.5,4.25],"texture":"#0"},"west":{"uv":[3,3.75,3.5,4.25],"texture":"#0"},"up":{"uv":[3,3.75,3.5,4.25],"texture":"#0"},"down":{"uv":[3,3.75,3.5,4.25],"texture":"#0"}}},{"from":[11.75,8.75,9.25],"to":[16.25,13.25,13.75],"faces":{"north":{"uv":[3.5,3.75,4.25,4.5],"texture":"#0"},"east":{"uv":[3.5,3.75,4.25,4.5],"texture":"#0"},"south":{"uv":[3.5,3.75,4.25,4.5],"texture":"#0"},"west":{"uv":[3.5,3.75,4.25,4.5],"texture":"#0"},"up":{"uv":[3.5,3.75,4.25,4.5],"texture":"#0"},"down":{"uv":[3.5,3.75,4.25,4.5],"texture":"#0"}}},{"from":[15,2,-3],"to":[19,6,1],"faces":{"north":{"uv":[3,3.75,3.5,4.25],"texture":"#0"},"east":{"uv":[3,3.75,3.5,4.25],"texture":"#0"},"south":{"uv":[3,3.75,3.5,4.25],"texture":"#0"},"west":{"uv":[3,3.75,3.5,4.25],"texture":"#0"},"up":{"uv":[3,3.75,3.5,4.25],"texture":"#0"},"down":{"uv":[3,3.75,3.5,4.25],"texture":"#0"}}},{"from":[14.75,1.75,-3.25],"to":[19.25,6.25,1.25],"faces":{"north":{"uv":[3.5,3.75,4.25,4.5],"texture":"#0"},"east":{"uv":[3.5,3.75,4.25,4.5],"texture":"#0"},"south":{"uv":[3.5,3.75,4.25,4.5],"texture":"#0"},"west":{"uv":[3.5,3.75,4.25,4.5],"texture":"#0"},"up":{"uv":[3.5,3.75,4.25,4.5],"texture":"#0"},"down":{"uv":[3.5,3.75,4.25,4.5],"texture":"#0"}}}]}