{"display":{"thirdperson_righthand":{"rotation":[75,45,0],"translation":[0,2.5,0],"scale":[0.2,0.2,0.2]},"thirdperson_lefthand":{"rotation":[75,45,0],"translation":[0,2.5,0],"scale":[0.2,0.2,0.2]},"firstperson_righthand":{"rotation":[0,45,0],"translation":[0,1,0],"scale":[0.15,0.15,0.15]},"firstperson_lefthand":{"rotation":[0,45,0],"translation":[0,1,0],"scale":[0.15,0.15,0.15]},"ground":{"translation":[0,3,0],"scale":[0.15,0.15,0.15]},"gui":{"rotation":[30,0,0],"translation":[0,1.5,0],"scale":[0.3,0.3,0.3]},"fixed":{"rotation":[-90,0,0],"translation":[0,0,-14],"scale":[2,2,2]}},"texture_size":[64,64],"textures":{"0":"block/plants/swampool"},"elements":[{"from":[-16,0.25,-16],"to":[32,0.25,32],"rotation":{"angle":0,"axis":"y","origin":[0,0.25,0]},"faces":{"north":{"uv":[0,0,12,0],"texture":"#0"},"east":{"uv":[0,0,12,0],"texture":"#0"},"south":{"uv":[0,0,12,0],"texture":"#0"},"west":{"uv":[0,0,12,0],"texture":"#0"},"up":{"uv":[4,12,16,0],"texture":"#0"},"down":{"uv":[4,0,16,12],"texture":"#0"}}},{"from":[8,0.25,-9],"to":[8,16.25,25],"rotation":{"angle":45,"axis":"y","origin":[8,0.25,8]},"faces":{"north":{"uv":[0,0,0,4],"texture":"#0"},"east":{"uv":[8,12,16,16],"texture":"#0"},"south":{"uv":[0,0,0,4],"texture":"#0"},"west":{"uv":[8,12,16,16],"texture":"#0"},"up":{"uv":[0,0,0,8],"texture":"#0"},"down":{"uv":[0,0,0,8],"texture":"#0"}}},{"from":[8,0.25,-9],"to":[8,16.25,25],"rotation":{"angle":-45,"axis":"y","origin":[8,0.25,8]},"faces":{"north":{"uv":[0,0,0,4],"texture":"#0"},"east":{"uv":[8,12,16,16],"texture":"#0"},"south":{"uv":[0,0,0,4],"texture":"#0"},"west":{"uv":[8,12,16,16],"texture":"#0"},"up":{"uv":[0,0,0,8],"texture":"#0"},"down":{"uv":[0,0,0,8],"texture":"#0"}}},{"from":[0,0.25,-9],"to":[16,0.25,7],"rotation":{"angle":22.5,"axis":"x","origin":[8,0.25,8]},"faces":{"north":{"uv":[0,0,4,0],"texture":"#0"},"east":{"uv":[0,0,4,0],"texture":"#0"},"south":{"uv":[0,0,4,0],"texture":"#0"},"west":{"uv":[0,0,4,0],"texture":"#0"},"up":{"uv":[0,0,4,4],"texture":"#0"},"down":{"uv":[0,4,4,0],"texture":"#0"}}},{"from":[-9,0.25,0],"to":[7,0.25,16],"rotation":{"angle":-22.5,"axis":"z","origin":[8,0.25,8]},"faces":{"north":{"uv":[0,0,4,0],"texture":"#0"},"east":{"uv":[0,0,4,0],"texture":"#0"},"south":{"uv":[0,0,4,0],"texture":"#0"},"west":{"uv":[0,0,4,0],"texture":"#0"},"up":{"uv":[0,0,4,4],"rotation":270,"texture":"#0"},"down":{"uv":[0,4,4,0],"rotation":90,"texture":"#0"}}},{"from":[9,0.25,0],"to":[25,0.25,16],"rotation":{"angle":22.5,"axis":"z","origin":[8,0.25,8]},"faces":{"north":{"uv":[0,0,4,0],"texture":"#0"},"east":{"uv":[0,0,4,0],"texture":"#0"},"south":{"uv":[0,0,4,0],"texture":"#0"},"west":{"uv":[0,0,4,0],"texture":"#0"},"up":{"uv":[0,0,4,4],"rotation":90,"texture":"#0"},"down":{"uv":[0,4,4,0],"rotation":270,"texture":"#0"}}},{"from":[0,0.25,9],"to":[16,0.25,25],"rotation":{"angle":-22.5,"axis":"x","origin":[8,0.25,8]},"faces":{"north":{"uv":[0,0,4,0],"texture":"#0"},"east":{"uv":[0,0,4,0],"texture":"#0"},"south":{"uv":[0,0,4,0],"texture":"#0"},"west":{"uv":[0,0,4,0],"texture":"#0"},"up":{"uv":[0,0,4,4],"rotation":180,"texture":"#0"},"down":{"uv":[0,4,4,0],"rotation":180,"texture":"#0"}}},{"from":[0,0.5,14],"to":[16,0.5,30],"rotation":{"angle":-45,"axis":"y","origin":[8,0.25,8]},"faces":{"north":{"uv":[0,0,4,0],"texture":"#0"},"east":{"uv":[0,0,4,0],"texture":"#0"},"south":{"uv":[0,0,4,0],"texture":"#0"},"west":{"uv":[0,0,4,0],"texture":"#0"},"up":{"uv":[0,4,4,8],"rotation":180,"texture":"#0"},"down":{"uv":[0,8,4,4],"rotation":180,"texture":"#0"}}},{"from":[0,0.5,-14],"to":[16,0.5,2],"rotation":{"angle":-45,"axis":"y","origin":[8,0.25,8]},"faces":{"north":{"uv":[0,0,4,0],"texture":"#0"},"east":{"uv":[0,0,4,0],"texture":"#0"},"south":{"uv":[0,0,4,0],"texture":"#0"},"west":{"uv":[0,0,4,0],"texture":"#0"},"up":{"uv":[0,4,4,8],"texture":"#0"},"down":{"uv":[0,8,4,4],"texture":"#0"}}},{"from":[-14,0.5,0],"to":[2,0.5,16],"rotation":{"angle":-45,"axis":"y","origin":[8,0.25,8]},"faces":{"north":{"uv":[0,0,4,0],"texture":"#0"},"east":{"uv":[0,0,4,0],"texture":"#0"},"south":{"uv":[0,0,4,0],"texture":"#0"},"west":{"uv":[0,0,4,0],"texture":"#0"},"up":{"uv":[0,4,4,8],"rotation":270,"texture":"#0"},"down":{"uv":[0,8,4,4],"rotation":90,"texture":"#0"}}},{"from":[14,0.5,0],"to":[30,0.5,16],"rotation":{"angle":-45,"axis":"y","origin":[8,0.25,8]},"faces":{"north":{"uv":[0,0,4,0],"texture":"#0"},"east":{"uv":[0,0,4,0],"texture":"#0"},"south":{"uv":[0,0,4,0],"texture":"#0"},"west":{"uv":[0,0,4,0],"texture":"#0"},"up":{"uv":[0,4,4,8],"rotation":90,"texture":"#0"},"down":{"uv":[0,8,4,4],"rotation":270,"texture":"#0"}}}]}