{"display":{"thirdperson_righthand":{"rotation":[75,45,0],"translation":[0,2,0],"scale":[0.25,0.25,0.25]},"thirdperson_lefthand":{"rotation":[75,45,0],"translation":[0,2,0],"scale":[0.25,0.25,0.25]},"firstperson_righthand":{"rotation":[0,45,0],"translation":[0,1,0],"scale":[0.2,0.2,0.2]},"firstperson_lefthand":{"rotation":[0,45,0],"translation":[0,1,0],"scale":[0.2,0.2,0.2]},"ground":{"translation":[0,3,0],"scale":[0.2,0.2,0.2]},"gui":{"rotation":[30,120,0],"translation":[0,1,0],"scale":[0.5,0.5,0.5]},"fixed":{"rotation":[-90,45,0],"translation":[0,0,-14],"scale":[2,2,2]}},"textures":{"0":"block/plants/wild_smeller","1":"block/plants/wild_smeller_leaf"},"elements":[{"from":[7,0,8],"to":[9,10,8],"rotation":{"angle":-22.5,"axis":"x","origin":[8,0,8]},"faces":{"north":{"uv":[0,0,2,10],"rotation":180,"texture":"#0"},"east":{"uv":[0,0,10,0],"rotation":270,"texture":"#0"},"south":{"uv":[0,0,2,10],"texture":"#0"},"west":{"uv":[0,0,10,0],"rotation":90,"texture":"#0"},"up":{"uv":[0,0,2,0],"rotation":180,"texture":"#0"},"down":{"uv":[0,0,2,0],"texture":"#0"}}},{"from":[7,8.90435,4.25137],"to":[9,18.90435,4.25137],"rotation":{"angle":-45,"axis":"x","origin":[8,9,4]},"faces":{"north":{"uv":[0,6,2,16],"rotation":180,"texture":"#0"},"east":{"uv":[0,0,10,0],"rotation":270,"texture":"#0"},"south":{"uv":[0,2,2,12],"texture":"#0"},"west":{"uv":[0,0,10,0],"rotation":90,"texture":"#0"},"up":{"uv":[0,0,2,0],"rotation":180,"texture":"#0"},"down":{"uv":[0,0,2,0],"texture":"#0"}}},{"from":[7,0,8],"to":[9,16,8],"rotation":{"angle":22.5,"axis":"x","origin":[8,0,8]},"faces":{"north":{"uv":[0,0,2,16],"texture":"#0"},"east":{"uv":[0,0,0,16],"texture":"#0"},"south":{"uv":[0,0,2,16],"texture":"#0"},"west":{"uv":[0,0,0,16],"texture":"#0"},"up":{"uv":[2,0,0,0],"texture":"#0"},"down":{"uv":[2,0,0,0],"texture":"#0"}}},{"from":[7,14.75,14.15],"to":[9,14.75,22.15],"rotation":{"angle":0,"axis":"x","origin":[8,0,8]},"faces":{"north":{"uv":[0,0,2,0],"texture":"#0"},"east":{"uv":[0,0,8,0],"texture":"#0"},"south":{"uv":[0,0,2,0],"texture":"#0"},"west":{"uv":[0,0,8,0],"texture":"#0"},"up":{"uv":[0,8,2,16],"texture":"#0"},"down":{"uv":[0,0,2,8],"texture":"#0"}}},{"from":[8,0,7],"to":[8,8,9],"rotation":{"angle":45,"axis":"z","origin":[8,0,8]},"faces":{"north":{"uv":[0,0,8,0],"rotation":270,"texture":"#0"},"east":{"uv":[0,8,2,16],"rotation":180,"texture":"#0"},"south":{"uv":[0,0,8,0],"rotation":90,"texture":"#0"},"west":{"uv":[0,0,2,8],"texture":"#0"},"up":{"uv":[0,0,2,0],"rotation":90,"texture":"#0"},"down":{"uv":[0,0,2,0],"rotation":90,"texture":"#0"}}},{"from":[4,1,9],"to":[8,8,9],"rotation":{"angle":45,"axis":"z","origin":[8,0,8]},"faces":{"north":{"uv":[11,4,4,8],"rotation":270,"texture":"#0"},"east":{"uv":[2,0,6,0],"rotation":180,"texture":"#0"},"south":{"uv":[4,4,11,8],"rotation":90,"texture":"#0"},"west":{"uv":[2,0,6,0],"texture":"#0"},"up":{"uv":[0,0,2,0],"rotation":90,"texture":"#0"},"down":{"uv":[0,0,2,0],"rotation":90,"texture":"#0"}}},{"from":[4,1,7],"to":[8,8,7],"rotation":{"angle":45,"axis":"z","origin":[8,0,8]},"faces":{"north":{"uv":[11,4,4,8],"rotation":270,"texture":"#0"},"east":{"uv":[2,0,6,0],"rotation":180,"texture":"#0"},"south":{"uv":[4,4,11,8],"rotation":90,"texture":"#0"},"west":{"uv":[2,0,6,0],"texture":"#0"},"up":{"uv":[0,0,2,0],"rotation":90,"texture":"#0"},"down":{"uv":[0,0,2,0],"rotation":90,"texture":"#0"}}},{"from":[-7.25,-0.95,7],"to":[-0.25,3.05,7],"rotation":{"angle":-22.5,"axis":"z","origin":[8,0,8]},"faces":{"north":{"uv":[12,0,5,4],"texture":"#0"},"east":{"uv":[0,0,2,0],"texture":"#0"},"south":{"uv":[5,0,12,4],"texture":"#0"},"west":{"uv":[0,0,2,0],"texture":"#0"},"up":{"uv":[2,0,6,0],"rotation":90,"texture":"#0"},"down":{"uv":[2,0,6,0],"rotation":270,"texture":"#0"}}},{"from":[-7.25,-0.95,9],"to":[-0.25,3.05,9],"rotation":{"angle":-22.5,"axis":"z","origin":[8,0,8]},"faces":{"north":{"uv":[9,0,2,4],"texture":"#0"},"east":{"uv":[0,0,2,0],"texture":"#0"},"south":{"uv":[2,0,9,4],"texture":"#0"},"west":{"uv":[0,0,2,0],"texture":"#0"},"up":{"uv":[2,0,6,0],"rotation":90,"texture":"#0"},"down":{"uv":[2,0,6,0],"rotation":270,"texture":"#0"}}},{"from":[8,0,7],"to":[8,11,9],"rotation":{"angle":-45,"axis":"z","origin":[8,0,8]},"faces":{"north":{"uv":[0,0,11,0],"rotation":270,"texture":"#0"},"east":{"uv":[0,0,2,11],"rotation":180,"texture":"#0"},"south":{"uv":[0,0,11,0],"rotation":90,"texture":"#0"},"west":{"uv":[0,6,2,16],"texture":"#0"},"up":{"uv":[0,0,2,0],"rotation":90,"texture":"#0"},"down":{"uv":[0,0,2,0],"rotation":90,"texture":"#0"}}},{"from":[-5.6,5.7,7],"to":[2.4,5.7,9],"rotation":{"angle":-22.5,"axis":"z","origin":[2.25,5.75,8]},"faces":{"north":{"uv":[0,0,8,0],"texture":"#0"},"east":{"uv":[0,0,2,0],"texture":"#0"},"south":{"uv":[0,0,8,0],"texture":"#0"},"west":{"uv":[0,0,2,0],"texture":"#0"},"up":{"uv":[0,0,2,8],"rotation":90,"texture":"#0"},"down":{"uv":[0,0,2,8],"rotation":270,"texture":"#0"}}},{"from":[7,10.75,15.25],"to":[7,14.75,22.25],"faces":{"north":{"uv":[0,0,0,2],"texture":"#0"},"east":{"uv":[9,0,2,4],"texture":"#0"},"south":{"uv":[0,0,0,2],"texture":"#0"},"west":{"uv":[2,0,9,4],"texture":"#0"},"up":{"uv":[0,0,0,7],"texture":"#0"},"down":{"uv":[0,0,0,7],"texture":"#0"}}},{"from":[9,10.75,15.25],"to":[9,14.75,22.25],"faces":{"north":{"uv":[0,0,0,2],"texture":"#0"},"east":{"uv":[16,0,9,4],"texture":"#0"},"south":{"uv":[0,0,0,2],"texture":"#0"},"west":{"uv":[9,0,16,4],"texture":"#0"},"up":{"uv":[0,0,0,7],"texture":"#0"},"down":{"uv":[0,0,0,7],"texture":"#0"}}},{"from":[9,8.75,7.4],"to":[9,15.75,11.4],"rotation":{"angle":22.5,"axis":"x","origin":[0,0,0]},"faces":{"north":{"uv":[0,0,0,7],"rotation":180,"texture":"#0"},"east":{"uv":[4,4,11,8],"rotation":90,"texture":"#0"},"south":{"uv":[0,0,0,7],"texture":"#0"},"west":{"uv":[11,4,4,8],"rotation":270,"texture":"#0"},"up":{"uv":[0,0,0,2],"texture":"#0"},"down":{"uv":[0,0,0,2],"rotation":180,"texture":"#0"}}},{"from":[7,8.75,7.4],"to":[7,15.75,11.4],"rotation":{"angle":22.5,"axis":"x","origin":[0,0,0]},"faces":{"north":{"uv":[0,0,0,7],"rotation":180,"texture":"#0"},"east":{"uv":[4,4,11,8],"rotation":90,"texture":"#0"},"south":{"uv":[0,0,0,7],"texture":"#0"},"west":{"uv":[11,4,4,8],"rotation":270,"texture":"#0"},"up":{"uv":[0,0,0,2],"texture":"#0"},"down":{"uv":[0,0,0,2],"rotation":180,"texture":"#0"}}},{"from":[7,0,8],"to":[9,16,8],"rotation":{"angle":0,"axis":"x","origin":[8,0,8]},"faces":{"north":{"uv":[0,0,2,16],"texture":"#0"},"east":{"uv":[0,0,0,16],"texture":"#0"},"south":{"uv":[0,0,2,16],"texture":"#0"},"west":{"uv":[0,0,0,16],"texture":"#0"},"up":{"uv":[2,0,0,0],"texture":"#0"},"down":{"uv":[2,0,0,0],"texture":"#0"}}},{"from":[7,8.25,4],"to":[7,15.25,8],"faces":{"north":{"uv":[0,0,0,7],"rotation":180,"texture":"#0"},"east":{"uv":[3,8,10,4],"rotation":90,"texture":"#0"},"south":{"uv":[0,0,0,7],"texture":"#0"},"west":{"uv":[10,8,3,4],"rotation":270,"texture":"#0"},"up":{"uv":[0,0,0,2],"texture":"#0"},"down":{"uv":[0,0,0,2],"rotation":180,"texture":"#0"}}},{"from":[9,8.25,4],"to":[9,15.25,8],"faces":{"north":{"uv":[0,0,0,7],"rotation":180,"texture":"#0"},"east":{"uv":[3,8,10,4],"rotation":90,"texture":"#0"},"south":{"uv":[0,0,0,7],"texture":"#0"},"west":{"uv":[10,8,3,4],"rotation":270,"texture":"#0"},"up":{"uv":[0,0,0,2],"texture":"#0"},"down":{"uv":[0,0,0,2],"rotation":180,"texture":"#0"}}},{"from":[5.65,9.25,7],"to":[9.65,16.25,7],"rotation":{"angle":-45,"axis":"z","origin":[0,0,0]},"faces":{"north":{"uv":[4,4,11,8],"rotation":90,"texture":"#0"},"east":{"uv":[0,0,0,7],"texture":"#0"},"south":{"uv":[11,4,4,8],"rotation":270,"texture":"#0"},"west":{"uv":[0,0,0,7],"rotation":180,"texture":"#0"},"up":{"uv":[0,0,0,2],"rotation":270,"texture":"#0"},"down":{"uv":[0,0,0,2],"rotation":270,"texture":"#0"}}},{"from":[5.65,9.25,9],"to":[9.65,16.25,9],"rotation":{"angle":-45,"axis":"z","origin":[0,0,0]},"faces":{"north":{"uv":[4,4,11,8],"rotation":90,"texture":"#0"},"east":{"uv":[0,0,0,7],"texture":"#0"},"south":{"uv":[11,4,4,8],"rotation":270,"texture":"#0"},"west":{"uv":[0,0,0,7],"rotation":180,"texture":"#0"},"up":{"uv":[0,0,0,2],"rotation":270,"texture":"#0"},"down":{"uv":[0,0,0,2],"rotation":270,"texture":"#0"}}},{"from":[9,5.5,-13.25],"to":[9,9.5,-6.25],"rotation":{"angle":45,"axis":"x","origin":[0,0,0]},"faces":{"north":{"uv":[0,0,0,2],"texture":"#0"},"east":{"uv":[12,0,5,4],"texture":"#0"},"south":{"uv":[0,0,0,2],"texture":"#0"},"west":{"uv":[5,0,12,4],"texture":"#0"},"up":{"uv":[0,0,0,7],"texture":"#0"},"down":{"uv":[0,0,0,7],"texture":"#0"}}},{"from":[7,5.5,-13.25],"to":[7,9.5,-6.25],"rotation":{"angle":45,"axis":"x","origin":[0,0,0]},"faces":{"north":{"uv":[0,0,0,2],"texture":"#0"},"east":{"uv":[10,0,3,4],"texture":"#0"},"south":{"uv":[0,0,0,2],"texture":"#0"},"west":{"uv":[3,0,10,4],"texture":"#0"},"up":{"uv":[0,0,0,7],"texture":"#0"},"down":{"uv":[0,0,0,7],"texture":"#0"}}},{"from":[7,13,-13.25],"to":[7,17,-6.25],"rotation":{"angle":45,"axis":"x","origin":[0,0,0]},"faces":{"north":{"uv":[0,0,0,2],"texture":"#0"},"east":{"uv":[13,0,6,4],"texture":"#0"},"south":{"uv":[0,0,0,2],"texture":"#0"},"west":{"uv":[6,0,13,4],"texture":"#0"},"up":{"uv":[0,0,0,7],"texture":"#0"},"down":{"uv":[0,0,0,7],"texture":"#0"}}},{"from":[9,13,-13.25],"to":[9,17,-6.25],"rotation":{"angle":45,"axis":"x","origin":[0,0,0]},"faces":{"north":{"uv":[0,0,0,2],"texture":"#0"},"east":{"uv":[15,0,8,4],"texture":"#0"},"south":{"uv":[0,0,0,2],"texture":"#0"},"west":{"uv":[8,0,15,4],"texture":"#0"},"up":{"uv":[0,0,0,7],"texture":"#0"},"down":{"uv":[0,0,0,7],"texture":"#0"}}},{"from":[7,0.25,3.4],"to":[7,7.25,7.4],"rotation":{"angle":-22.5,"axis":"x","origin":[0,0,0]},"faces":{"north":{"uv":[0,0,0,7],"rotation":180,"texture":"#0"},"east":{"uv":[11,4,4,8],"rotation":270,"texture":"#0"},"south":{"uv":[0,0,0,7],"texture":"#0"},"west":{"uv":[4,4,11,8],"rotation":90,"texture":"#0"},"up":{"uv":[0,0,0,2],"rotation":180,"texture":"#0"},"down":{"uv":[0,0,0,2],"texture":"#0"}}},{"from":[9,0.25,3.4],"to":[9,7.25,7.4],"rotation":{"angle":-22.5,"axis":"x","origin":[0,0,0]},"faces":{"north":{"uv":[0,0,0,7],"rotation":180,"texture":"#0"},"east":{"uv":[11,4,4,8],"rotation":270,"texture":"#0"},"south":{"uv":[0,0,0,7],"texture":"#0"},"west":{"uv":[4,4,11,8],"rotation":90,"texture":"#0"},"up":{"uv":[0,0,0,2],"rotation":180,"texture":"#0"},"down":{"uv":[0,0,0,2],"texture":"#0"}}},{"from":[7,16,0],"to":[9,16,8],"rotation":{"angle":45,"axis":"x","origin":[8,16,8]},"faces":{"north":{"uv":[0,0,2,0],"texture":"#0"},"east":{"uv":[0,0,8,0],"texture":"#0"},"south":{"uv":[0,0,2,0],"texture":"#0"},"west":{"uv":[0,0,8,0],"texture":"#0"},"up":{"uv":[0,0,2,8],"texture":"#0"},"down":{"uv":[0,0,2,8],"texture":"#0"}}},{"from":[0,0,8],"to":[16,0,24],"rotation":{"angle":-22.5,"axis":"x","origin":[8,0,8]},"faces":{"north":{"uv":[0,0,16,0],"texture":"#1"},"east":{"uv":[0,0,16,0],"texture":"#1"},"south":{"uv":[0,0,16,0],"texture":"#1"},"west":{"uv":[0,0,16,0],"texture":"#1"},"up":{"uv":[0,16,16,0],"texture":"#1"},"down":{"uv":[0,0,16,16],"texture":"#1"}}},{"from":[0,0,-8],"to":[16,0,8],"rotation":{"angle":22.5,"axis":"x","origin":[8,0,8]},"faces":{"north":{"uv":[0,0,16,0],"texture":"#1"},"east":{"uv":[0,0,16,0],"texture":"#1"},"south":{"uv":[0,0,16,0],"texture":"#1"},"west":{"uv":[0,0,16,0],"texture":"#1"},"up":{"uv":[0,0,16,16],"texture":"#1"},"down":{"uv":[0,16,16,0],"texture":"#1"}}},{"from":[-8,1,0],"to":[8,1,16],"rotation":{"angle":-45,"axis":"y","origin":[8,0,8]},"faces":{"north":{"uv":[0,0,16,0],"texture":"#1"},"east":{"uv":[0,0,16,0],"texture":"#1"},"south":{"uv":[0,0,16,0],"texture":"#1"},"west":{"uv":[0,0,16,0],"texture":"#1"},"up":{"uv":[0,16,16,0],"rotation":90,"texture":"#1"},"down":{"uv":[0,0,16,16],"rotation":270,"texture":"#1"}}},{"from":[8,0,0],"to":[24,0,16],"rotation":{"angle":22.5,"axis":"z","origin":[8,0,8]},"faces":{"north":{"uv":[0,0,16,0],"texture":"#1"},"east":{"uv":[0,0,16,0],"texture":"#1"},"south":{"uv":[0,0,16,0],"texture":"#1"},"west":{"uv":[0,0,16,0],"texture":"#1"},"up":{"uv":[0,0,16,16],"rotation":90,"texture":"#1"},"down":{"uv":[0,16,16,0],"rotation":270,"texture":"#1"}}},{"from":[8,1,0],"to":[24,1,16],"rotation":{"angle":-45,"axis":"y","origin":[8,0,8]},"faces":{"north":{"uv":[0,0,16,0],"texture":"#1"},"east":{"uv":[0,0,16,0],"texture":"#1"},"south":{"uv":[0,0,16,0],"texture":"#1"},"west":{"uv":[0,0,16,0],"texture":"#1"},"up":{"uv":[0,0,16,16],"rotation":90,"texture":"#1"},"down":{"uv":[0,16,16,0],"rotation":270,"texture":"#1"}}}]}