{"display":{"thirdperson_righthand":{"rotation":[75,45,0],"translation":[0,2.5,0],"scale":[0.375,0.375,0.375]},"thirdperson_lefthand":{"rotation":[75,45,0],"translation":[0,2.5,0],"scale":[0.375,0.375,0.375]},"firstperson_righthand":{"rotation":[0,45,0],"scale":[0.2,0.2,0.2]},"firstperson_lefthand":{"rotation":[0,45,0],"scale":[0.2,0.2,0.2]},"ground":{"translation":[0,3,0],"scale":[0.2,0.2,0.2]},"gui":{"rotation":[30,225,0],"translation":[0,-0.25,0],"scale":[0.5,0.5,0.5]},"head":{"scale":[1.65,1.65,1.65]},"fixed":{"rotation":[-90,0,0],"translation":[0,0,-14],"scale":[2,2,2]}},"texture_size":[32,32],"textures":{"0":"decor/bear_plushie"},"elements":[{"from":[4,9,7],"to":[12,17,15],"rotation":{"angle":0,"axis":"y","origin":[0,0,2]},"faces":{"north":{"uv":[0,0,4,4],"texture":"#0"},"east":{"uv":[8,0,4,4],"texture":"#0"},"south":{"uv":[12,0,16,4],"texture":"#0"},"west":{"uv":[4,0,8,4],"texture":"#0"},"up":{"uv":[12,4,8,0],"texture":"#0"},"down":{"uv":[12,0,8,4],"texture":"#0"}}},{"from":[5,9,5],"to":[11,12,7],"rotation":{"angle":0,"axis":"y","origin":[0,0,2]},"faces":{"north":{"uv":[11,9,14,10.5],"texture":"#0"},"east":{"uv":[15,9,14,10.5],"texture":"#0"},"south":{"uv":[11,9,14,10.5],"texture":"#0"},"west":{"uv":[14,9,15,10.5],"texture":"#0"},"up":{"uv":[11,11.5,14,10.5],"texture":"#0"},"down":{"uv":[11,11.5,14,12.5],"texture":"#0"}}},{"from":[2,15,10],"to":[6,19,12],"rotation":{"angle":0,"axis":"y","origin":[0,0,2]},"faces":{"north":{"uv":[2,10.5,0,12.5],"texture":"#0"},"east":{"uv":[4,12.5,5,10.5],"texture":"#0"},"south":{"uv":[2,10.5,4,12.5],"texture":"#0"},"west":{"uv":[4,10.5,5,12.5],"texture":"#0"},"up":{"uv":[2,12.5,0,13.5],"texture":"#0"},"down":{"uv":[0,12.5,2,13.5],"texture":"#0"}}},{"from":[10,15,10],"to":[14,19,12],"rotation":{"angle":0,"axis":"y","origin":[0,0,2]},"faces":{"north":{"uv":[0,10.5,2,12.5],"texture":"#0"},"east":{"uv":[5,10.5,4,12.5],"texture":"#0"},"south":{"uv":[4,10.5,2,12.5],"texture":"#0"},"west":{"uv":[5,12.5,4,10.5],"texture":"#0"},"up":{"uv":[0,12.5,2,13.5],"texture":"#0"},"down":{"uv":[2,12.5,0,13.5],"texture":"#0"}}},{"from":[4,0,8],"to":[12,9,14],"rotation":{"angle":0,"axis":"y","origin":[0,0,2]},"faces":{"north":{"uv":[0,6,4,10.5],"texture":"#0"},"east":{"uv":[11,6,8,10.5],"texture":"#0"},"south":{"uv":[4,6,8,10.5],"texture":"#0"},"west":{"uv":[8,6,11,10.5],"texture":"#0"},"up":{"uv":[15,9,11,6],"texture":"#0"},"down":{"uv":[15,6,11,9],"texture":"#0"}}},{"from":[1,1,9],"to":[5,9,13],"rotation":{"angle":-22.5,"axis":"z","origin":[4,7,11]},"faces":{"north":{"uv":[0,4,4,6],"rotation":90,"texture":"#0"},"east":{"uv":[0,4,4,6],"rotation":90,"texture":"#0"},"south":{"uv":[0,4,4,6],"rotation":90,"texture":"#0"},"west":{"uv":[4,6,0,4],"rotation":270,"texture":"#0"},"up":{"uv":[6,4,8,6],"texture":"#0"},"down":{"uv":[4,4,6,6],"rotation":180,"texture":"#0"}}},{"from":[11,1,9],"to":[15,9,13],"rotation":{"angle":22.5,"axis":"z","origin":[12,7,11]},"faces":{"north":{"uv":[0,4,4,6],"rotation":90,"texture":"#0"},"east":{"uv":[0,4,4,6],"rotation":90,"texture":"#0"},"south":{"uv":[0,4,4,6],"rotation":90,"texture":"#0"},"west":{"uv":[4,6,0,4],"rotation":270,"texture":"#0"},"up":{"uv":[6,4,8,6],"texture":"#0"},"down":{"uv":[6,4,4,6],"rotation":180,"texture":"#0"}}},{"from":[2.99,-0.01,0.99],"to":[7.01,4.01,9.01],"rotation":{"angle":22.5,"axis":"y","origin":[4,2,8]},"faces":{"north":{"uv":[12,4,14,6],"texture":"#0"},"east":{"uv":[12,6,8,4],"texture":"#0"},"south":{"uv":[14,4,16,6],"texture":"#0"},"west":{"uv":[8,4,12,6],"texture":"#0"},"up":{"uv":[8,4,12,6],"rotation":90,"texture":"#0"},"down":{"uv":[12,6,8,4],"rotation":90,"texture":"#0"}}},{"from":[8.99,-0.01,0.99],"to":[13.01,4.01,9.01],"rotation":{"angle":-22.5,"axis":"y","origin":[12,2,8]},"faces":{"north":{"uv":[14,4,12,6],"texture":"#0"},"east":{"uv":[12,6,8,4],"texture":"#0"},"south":{"uv":[14,4,16,6],"texture":"#0"},"west":{"uv":[8,4,12,6],"texture":"#0"},"up":{"uv":[8,4,12,6],"rotation":90,"texture":"#0"},"down":{"uv":[12,6,8,4],"rotation":90,"texture":"#0"}}},{"from":[7,0,14],"to":[9,2,16],"rotation":{"angle":0,"axis":"y","origin":[0,0,2]},"faces":{"north":{"uv":[14.5,3,15.5,4],"texture":"#0"},"east":{"uv":[14.5,3,15.5,4],"texture":"#0"},"south":{"uv":[15.5,3,14.5,4],"texture":"#0"},"west":{"uv":[14.5,3,15.5,4],"texture":"#0"},"up":{"uv":[14.5,4,15.5,3],"texture":"#0"},"down":{"uv":[14.5,3,15.5,4],"texture":"#0"}}}]}