{"display":{"thirdperson_righthand":{"rotation":[75,45,0],"translation":[0,0.5,0],"scale":[0.25,0.25,0.25]},"thirdperson_lefthand":{"rotation":[75,45,0],"translation":[0,0.5,0],"scale":[0.25,0.25,0.25]},"firstperson_righthand":{"rotation":[0,45,0],"scale":[0.2,0.2,0.2]},"firstperson_lefthand":{"rotation":[0,45,0],"scale":[0.2,0.2,0.2]},"ground":{"translation":[0,3,0],"scale":[0.2,0.2,0.2]},"gui":{"rotation":[30,225,0],"translation":[0,-3,0],"scale":[0.45,0.45,0.45]},"head":{"rotation":[0,180,0],"scale":[1.65,1.65,1.65]},"fixed":{"rotation":[-90,0,0],"translation":[0,0,-16],"scale":[2,2,2]}},"texture_size":[32,32],"textures":{"0":"decor/candelabra_of_lovers","1":"block/white_candle_lit"},"elements":[{"from":[5,-1,5],"to":[11,0,11],"faces":{"north":{"uv":[4,9.5,7,10],"texture":"#0"},"east":{"uv":[4,9.5,7,10],"texture":"#0"},"south":{"uv":[4,9.5,7,10],"texture":"#0"},"west":{"uv":[4,9.5,7,10],"texture":"#0"},"up":{"uv":[7,9.5,4,6.5],"texture":"#0"},"down":{"uv":[7,6.5,4,9.5],"texture":"#0"}}},{"from":[6,0,6],"to":[10,2,10],"faces":{"north":{"uv":[1.5,6.5,3.5,7.5],"texture":"#0"},"east":{"uv":[1.5,6.5,3.5,7.5],"texture":"#0"},"south":{"uv":[1.5,6.5,3.5,7.5],"texture":"#0"},"west":{"uv":[1.5,6.5,3.5,7.5],"texture":"#0"},"up":{"uv":[2,9.5,0,7.5],"texture":"#0"},"down":{"uv":[2,7.5,0,9.5],"texture":"#0"}}},{"from":[7,2,7],"to":[9,28,9],"faces":{"north":{"uv":[8,0,7,13],"texture":"#0"},"east":{"uv":[8,0,7,13],"texture":"#0"},"south":{"uv":[8,0,7,13],"texture":"#0"},"west":{"uv":[8,0,7,13],"texture":"#0"},"up":{"uv":[7,1,8,0],"texture":"#0"},"down":{"uv":[7,0,8,1],"texture":"#0"}}},{"from":[-2,21,6.5],"to":[1,26,9.5],"faces":{"north":{"uv":[0,5,1.5,7.5],"texture":"#0"},"east":{"uv":[0,5,1.5,7.5],"texture":"#0"},"south":{"uv":[0,5,1.5,7.5],"texture":"#0"},"west":{"uv":[0,5,1.5,7.5],"texture":"#0"},"up":{"uv":[3,6.5,1.5,5],"texture":"#0"},"down":{"uv":[3,5,1.5,6.5],"texture":"#0"}}},{"from":[15,21,6.5],"to":[18,26,9.5],"faces":{"north":{"uv":[0,5,1.5,7.5],"texture":"#0"},"east":{"uv":[0,5,1.5,7.5],"texture":"#0"},"south":{"uv":[0,5,1.5,7.5],"texture":"#0"},"west":{"uv":[0,5,1.5,7.5],"texture":"#0"},"up":{"uv":[3,6.5,1.5,5],"texture":"#0"},"down":{"uv":[3,5,1.5,6.5],"texture":"#0"}}},{"from":[1,16,8],"to":[15,26,8],"faces":{"north":{"uv":[0,0,7,5],"texture":"#0"},"east":{"uv":[0,0,0,5],"texture":"#0"},"south":{"uv":[0,0,7,5],"texture":"#0"},"west":{"uv":[7,0,7,5],"texture":"#0"},"up":{"uv":[7,0,0,0],"texture":"#0"},"down":{"uv":[14,0,7,0],"texture":"#0"}}},{"from":[8,27,6.5],"to":[11,32,9.5],"rotation":{"angle":45,"axis":"z","origin":[8,27,8]},"faces":{"north":{"uv":[8,0,9.5,2.5],"texture":"#0"},"east":{"uv":[9.5,0,11,2.5],"texture":"#0"},"south":{"uv":[9.5,0,8,2.5],"texture":"#0"},"west":{"uv":[11,0,12.5,2.5],"texture":"#0"},"up":{"uv":[11.5,4,10,2.5],"rotation":270,"texture":"#0"},"down":{"uv":[3,6.5,4.5,5],"texture":"#0"}}},{"from":[11,27,6.5],"to":[13,30,9.5],"rotation":{"angle":45,"axis":"z","origin":[8,27,8]},"faces":{"north":{"uv":[7,6.5,6,5],"texture":"#0"},"east":{"uv":[10,2.5,11.5,4],"texture":"#0"},"south":{"uv":[6,6.5,7,5],"texture":"#0"},"west":{"uv":[3,5,4.5,6.5],"texture":"#0"},"up":{"uv":[8,2.5,9,4],"texture":"#0"},"down":{"uv":[9,4,10,2.5],"texture":"#0"}}},{"from":[-0.5,31,7.5],"to":[-0.5,32,8.5],"rotation":{"angle":-45,"axis":"y","origin":[-0.5,31,8]},"faces":{"north":{"uv":[0,5,1,6],"texture":"#1"},"east":{"uv":[0,5,1,6],"texture":"#1"},"south":{"uv":[0,5,1,6],"texture":"#1"},"west":{"uv":[0,5,1,6],"texture":"#1"},"up":{"uv":[0,6,2,8],"rotation":90,"texture":"#1"},"down":{"uv":[0,14,2,16],"rotation":270,"texture":"#1"}}},{"from":[-1.5,26,7],"to":[0.5,31,9],"rotation":{"angle":0,"axis":"y","origin":[-0.5,31,8]},"faces":{"north":{"uv":[0,8,2,13],"texture":"#1"},"east":{"uv":[0,8,2,13],"texture":"#1"},"south":{"uv":[0,8,2,13],"texture":"#1"},"west":{"uv":[0,8,2,13],"texture":"#1"},"up":{"uv":[0,6,2,8],"texture":"#1"},"down":{"uv":[0,14,2,16],"texture":"#1"}}},{"from":[-0.5,31,7.5],"to":[-0.5,32,8.5],"rotation":{"angle":45,"axis":"y","origin":[-0.5,31,8]},"faces":{"north":{"uv":[0,5,1,6],"texture":"#1"},"east":{"uv":[0,5,1,6],"texture":"#1"},"south":{"uv":[0,5,1,6],"texture":"#1"},"west":{"uv":[0,5,1,6],"texture":"#1"},"up":{"uv":[0,6,2,8],"rotation":90,"texture":"#1"},"down":{"uv":[0,14,2,16],"rotation":270,"texture":"#1"}}},{"from":[15.5,26,7],"to":[17.5,31,9],"rotation":{"angle":0,"axis":"y","origin":[16.5,31,8]},"faces":{"north":{"uv":[0,8,2,13],"texture":"#1"},"east":{"uv":[0,8,2,13],"texture":"#1"},"south":{"uv":[0,8,2,13],"texture":"#1"},"west":{"uv":[0,8,2,13],"texture":"#1"},"up":{"uv":[0,6,2,8],"texture":"#1"},"down":{"uv":[0,14,2,16],"texture":"#1"}}},{"from":[16.5,31,7.5],"to":[16.5,32,8.5],"rotation":{"angle":45,"axis":"y","origin":[16.5,31,8]},"faces":{"north":{"uv":[0,5,1,6],"texture":"#1"},"east":{"uv":[0,5,1,6],"texture":"#1"},"south":{"uv":[0,5,1,6],"texture":"#1"},"west":{"uv":[0,5,1,6],"texture":"#1"},"up":{"uv":[0,6,2,8],"rotation":90,"texture":"#1"},"down":{"uv":[0,14,2,16],"rotation":270,"texture":"#1"}}},{"from":[16.5,31,7.5],"to":[16.5,32,8.5],"rotation":{"angle":-45,"axis":"y","origin":[16.5,31,8]},"faces":{"north":{"uv":[0,5,1,6],"texture":"#1"},"east":{"uv":[0,5,1,6],"texture":"#1"},"south":{"uv":[0,5,1,6],"texture":"#1"},"west":{"uv":[0,5,1,6],"texture":"#1"},"up":{"uv":[0,6,2,8],"rotation":90,"texture":"#1"},"down":{"uv":[0,14,2,16],"rotation":270,"texture":"#1"}}}]}