{"display":{"thirdperson_righthand":{"rotation":[75,45,0],"translation":[0,1,0],"scale":[0.15,0.15,0.15]},"thirdperson_lefthand":{"rotation":[75,45,0],"translation":[0,1,0],"scale":[0.15,0.15,0.15]},"firstperson_righthand":{"rotation":[0,45,0],"scale":[0.2,0.2,0.2]},"firstperson_lefthand":{"rotation":[0,225,0],"scale":[0.2,0.2,0.2]},"ground":{"translation":[0,3,0],"scale":[0.15,0.15,0.15]},"gui":{"rotation":[30,225,0],"scale":[0.35,0.35,0.35]},"head":{"rotation":[0,180,0],"scale":[1.65,1.65,1.65]},"fixed":{"rotation":[90,0,0],"translation":[0,0,-46],"scale":[2,2,2]}},"texture_size":[64,64],"textures":{"0":"decor/chandelier_of_lovers"},"elements":[{"from":[7,24,7],"to":[10,32,7],"rotation":{"angle":-45,"axis":"y","origin":[7,24,7]},"faces":{"north":{"uv":[2,5.5,2.75,7.5],"texture":"#0"},"east":{"uv":[0,0,0,2],"texture":"#0"},"south":{"uv":[2,5.5,2.75,7.5],"texture":"#0"},"west":{"uv":[0,0,0,2],"texture":"#0"},"up":{"uv":[0.75,0,0,0],"texture":"#0"},"down":{"uv":[0.75,0,0,0],"texture":"#0"}}},{"from":[5.5,24,8.5],"to":[8.5,32,8.5],"rotation":{"angle":45,"axis":"y","origin":[7,24,7]},"faces":{"north":{"uv":[2,5.5,2.75,7.5],"texture":"#0"},"east":{"uv":[0,0,0,2],"texture":"#0"},"south":{"uv":[2,5.5,2.75,7.5],"texture":"#0"},"west":{"uv":[0,0,0,2],"texture":"#0"},"up":{"uv":[0.75,0,0,0],"texture":"#0"},"down":{"uv":[0.75,0,0,0],"texture":"#0"}}},{"from":[4,22,4],"to":[12,24,12],"faces":{"north":{"uv":[0,7.5,2,8],"texture":"#0"},"east":{"uv":[0,7.5,2,8],"texture":"#0"},"south":{"uv":[0,7.5,2,8],"texture":"#0"},"west":{"uv":[0,7.5,2,8],"texture":"#0"},"up":{"uv":[2,7.5,0,5.5],"texture":"#0"},"down":{"uv":[2,5.5,0,7.5],"texture":"#0"}}},{"from":[-2,21,-2],"to":[18,21,18],"faces":{"north":{"uv":[0,0,5,0],"texture":"#0"},"east":{"uv":[0,0,5,0],"texture":"#0"},"south":{"uv":[0,0,5,0],"texture":"#0"},"west":{"uv":[0,0,5,0],"texture":"#0"},"up":{"uv":[5,13,0,8],"texture":"#0"},"down":{"uv":[5,8,0,13],"texture":"#0"}}},{"from":[-2,23,-2],"to":[18,23,18],"faces":{"north":{"uv":[0,0,5,0],"texture":"#0"},"east":{"uv":[0,0,5,0],"texture":"#0"},"south":{"uv":[0,0,5,0],"texture":"#0"},"west":{"uv":[0,0,5,0],"texture":"#0"},"up":{"uv":[5,5,0,0],"texture":"#0"},"down":{"uv":[5,0,0,5],"texture":"#0"}}},{"from":[-2,21,-2],"to":[18,23,18],"faces":{"north":{"uv":[0,5,5,5.5],"texture":"#0"},"east":{"uv":[0,5,5,5.5],"texture":"#0"},"south":{"uv":[0,5,5,5.5],"texture":"#0"},"west":{"uv":[0,5,5,5.5],"texture":"#0"},"up":{"uv":[5,3.5,6.25,4.75],"texture":"#0"},"down":{"uv":[5,3.5,6.25,4.75],"texture":"#0"}}},{"from":[-2,23,-2],"to":[18,21,18],"faces":{"north":{"uv":[0,5.5,5,5],"texture":"#0"},"east":{"uv":[0,5.5,5,5],"texture":"#0"},"south":{"uv":[0,5.5,5,5],"texture":"#0"},"west":{"uv":[0,5.5,5,5],"texture":"#0"},"up":{"uv":[5,3.5,6.25,4.75],"texture":"#0"},"down":{"uv":[5,3.5,6.25,4.75],"texture":"#0"}}},{"from":[-1.5,8,-1.5],"to":[17.5,22,17.5],"rotation":{"angle":0,"axis":"y","origin":[8,0,8]},"faces":{"north":{"uv":[5,0,9.75,3.5],"texture":"#0"},"east":{"uv":[5,0,9.75,3.5],"texture":"#0"},"south":{"uv":[5,0,9.75,3.5],"texture":"#0"},"west":{"uv":[5,0,9.75,3.5],"texture":"#0"},"up":{"uv":[5,3.5,6.25,4.75],"rotation":90,"texture":"#0"},"down":{"uv":[5,3.5,6.25,4.75],"rotation":270,"texture":"#0"}}},{"from":[-1.5,22,-1.5],"to":[17.5,8,17.5],"rotation":{"angle":0,"axis":"y","origin":[8,0,8]},"faces":{"north":{"uv":[5,3.5,9.75,0],"texture":"#0"},"east":{"uv":[5,3.5,9.75,0],"texture":"#0"},"south":{"uv":[5,3.5,9.75,0],"texture":"#0"},"west":{"uv":[5,3.5,9.75,0],"texture":"#0"},"up":{"uv":[5,3.5,6.25,4.75],"rotation":90,"texture":"#0"},"down":{"uv":[5,3.5,6.25,4.75],"rotation":270,"texture":"#0"}}},{"from":[1,-1,1],"to":[15,22,15],"rotation":{"angle":0,"axis":"y","origin":[8,0,8]},"faces":{"north":{"uv":[10,0,13.5,5.75],"texture":"#0"},"east":{"uv":[10,0,13.5,5.75],"texture":"#0"},"south":{"uv":[10,0,13.5,5.75],"texture":"#0"},"west":{"uv":[10,0,13.5,5.75],"texture":"#0"},"up":{"uv":[5,3.5,6.25,4.75],"texture":"#0"},"down":{"uv":[5,3.5,6.25,4.75],"texture":"#0"}}},{"from":[1,22,1],"to":[15,-1,15],"rotation":{"angle":0,"axis":"y","origin":[8,0,8]},"faces":{"north":{"uv":[10,5.75,13.5,0],"texture":"#0"},"east":{"uv":[10,5.75,13.5,0],"texture":"#0"},"south":{"uv":[10,5.75,13.5,0],"texture":"#0"},"west":{"uv":[10,5.75,13.5,0],"texture":"#0"},"up":{"uv":[5,3.5,6.25,4.75],"texture":"#0"},"down":{"uv":[5,3.5,6.25,4.75],"texture":"#0"}}},{"from":[4,22,4],"to":[12,-10,12],"rotation":{"angle":0,"axis":"y","origin":[8,0,8]},"faces":{"north":{"uv":[13.75,8,15.75,0],"texture":"#0"},"east":{"uv":[13.75,8,15.75,0],"texture":"#0"},"south":{"uv":[13.75,8,15.75,0],"texture":"#0"},"west":{"uv":[13.75,8,15.75,0],"texture":"#0"},"up":{"uv":[5,3.5,6.25,4.75],"rotation":180,"texture":"#0"},"down":{"uv":[5,3.5,6.25,4.75],"rotation":180,"texture":"#0"}}},{"from":[4,-10,4],"to":[12,22,12],"rotation":{"angle":0,"axis":"y","origin":[8,0,8]},"faces":{"north":{"uv":[13.75,0,15.75,8],"texture":"#0"},"east":{"uv":[13.75,0,15.75,8],"texture":"#0"},"south":{"uv":[13.75,0,15.75,8],"texture":"#0"},"west":{"uv":[13.75,0,15.75,8],"texture":"#0"},"up":{"uv":[5,3.5,6.25,4.75],"rotation":180,"texture":"#0"},"down":{"uv":[5,3.5,6.25,4.75],"rotation":180,"texture":"#0"}}}]}