{"display":{"thirdperson_righthand":{"rotation":[75,45,0],"translation":[0,2.5,0],"scale":[0.15,0.15,0.15]},"thirdperson_lefthand":{"rotation":[75,45,0],"translation":[0,2.5,0],"scale":[0.15,0.15,0.15]},"firstperson_righthand":{"rotation":[0,45,0],"scale":[0.15,0.15,0.15]},"firstperson_lefthand":{"rotation":[0,45,0],"scale":[0.15,0.15,0.15]},"ground":{"translation":[0,3,0],"scale":[0.15,0.15,0.15]},"gui":{"rotation":[30,225,0],"translation":[1,-3,0],"scale":[0.35,0.35,0.35]},"head":{"translation":[0,9.25,6.75],"scale":[1.65,1.65,1.65]},"fixed":{"translation":[0,-5.5,-6.5],"scale":[0.5,0.5,0.5]}},"texture_size":[48,48],"textures":{"0":"decor/cupid_hat"},"elements":[{"from":[9,13,21.25],"to":[25,23,21.25],"rotation":{"angle":22.5,"axis":"z","origin":[9,20,21]},"faces":{"north":{"uv":[2.66667,5.66667,8,9],"texture":"#0"},"east":{"uv":[0,0,0,3.33333],"texture":"#0"},"south":{"uv":[8,5.66667,2.66667,9],"texture":"#0"},"west":{"uv":[0,0,0,3.33333],"texture":"#0"},"up":{"uv":[0,0,5.33333,0],"texture":"#0"},"down":{"uv":[0,0,5.33333,0],"texture":"#0"}}},{"from":[4,22,14],"to":[12,30,22],"rotation":{"angle":0,"axis":"y","origin":[0,13,7]},"faces":{"north":{"uv":[0,0,2.66667,2.66667],"texture":"#0"},"east":{"uv":[5.33333,0,2.66667,2.66667],"texture":"#0"},"south":{"uv":[5.33333,0,8,2.66667],"texture":"#0"},"west":{"uv":[2.66667,0,5.33333,2.66667],"texture":"#0"},"up":{"uv":[10.66667,2.66667,8,0],"texture":"#0"},"down":{"uv":[13.33333,0,10.66667,2.66667],"texture":"#0"}}},{"from":[5,28,13],"to":[11,31,16],"rotation":{"angle":0,"axis":"y","origin":[0,13,7]},"faces":{"north":{"uv":[13.33333,0,14.33333,2],"rotation":90,"texture":"#0"},"east":{"uv":[15.33333,0,14.33333,1],"texture":"#0"},"south":{"uv":[14.33333,2,13.33333,0],"rotation":90,"texture":"#0"},"west":{"uv":[14.33333,0,15.33333,1],"texture":"#0"},"up":{"uv":[13.33333,2,14.33333,0],"rotation":90,"texture":"#0"},"down":{"uv":[13.33333,2,14.33333,0],"rotation":90,"texture":"#0"}}},{"from":[4,13,15],"to":[12,22,21],"rotation":{"angle":0,"axis":"y","origin":[0,13,9]},"faces":{"north":{"uv":[0,2.66667,2.66667,5.66667],"texture":"#0"},"east":{"uv":[4.66667,2.66667,2.66667,5.66667],"texture":"#0"},"south":{"uv":[4.66667,2.66667,7.33333,5.66667],"texture":"#0"},"west":{"uv":[2.66667,2.66667,4.66667,5.66667],"texture":"#0"},"up":{"uv":[10,4.66667,7.33333,2.66667],"texture":"#0"},"down":{"uv":[10,2.66667,7.33333,4.66667],"texture":"#0"}}},{"from":[1,14,16],"to":[5,22,20],"rotation":{"angle":-22.5,"axis":"z","origin":[4,20,18]},"faces":{"north":{"uv":[10,2.66667,11.33333,5.33333],"texture":"#0"},"east":{"uv":[10,2.66667,11.33333,5.33333],"texture":"#0"},"south":{"uv":[10,2.66667,11.33333,5.33333],"texture":"#0"},"west":{"uv":[10,2.66667,11.33333,5.33333],"texture":"#0"},"up":{"uv":[12.66667,4,11.33333,2.66667],"texture":"#0"},"down":{"uv":[14,2.66667,12.66667,4],"texture":"#0"}}},{"from":[11,14,16],"to":[15,22,20],"rotation":{"angle":22.5,"axis":"z","origin":[12,20,18]},"faces":{"north":{"uv":[10,2.66667,11.33333,5.33333],"texture":"#0"},"east":{"uv":[10,2.66667,11.33333,5.33333],"texture":"#0"},"south":{"uv":[10,2.66667,11.33333,5.33333],"texture":"#0"},"west":{"uv":[10,2.66667,11.33333,5.33333],"texture":"#0"},"up":{"uv":[12.66667,4,11.33333,2.66667],"texture":"#0"},"down":{"uv":[14,2.66667,12.66667,4],"texture":"#0"}}},{"from":[7.99,5.99,13.99],"to":[12.01,14.01,18.01],"rotation":{"angle":0,"axis":"x","origin":[12,15,15]},"faces":{"north":{"uv":[12.66667,6.66667,11.33333,4],"rotation":180,"texture":"#0"},"east":{"uv":[12.66667,6.66667,11.33333,4],"rotation":180,"texture":"#0"},"south":{"uv":[11.33333,4,12.66667,6.66667],"texture":"#0"},"west":{"uv":[11.33333,4,12.66667,6.66667],"texture":"#0"},"up":{"uv":[14,4,15.33333,5.33333],"texture":"#0"},"down":{"uv":[12.66667,4,14,5.33333],"rotation":180,"texture":"#0"}}},{"from":[3.99,4.99,15.99],"to":[8.01,13.01,20.01],"rotation":{"angle":-22.5,"axis":"x","origin":[6,13,18]},"faces":{"north":{"uv":[12.66667,6.66667,11.33333,4],"rotation":180,"texture":"#0"},"east":{"uv":[12.66667,6.66667,11.33333,4],"rotation":180,"texture":"#0"},"south":{"uv":[11.33333,4,12.66667,6.66667],"texture":"#0"},"west":{"uv":[11.33333,4,12.66667,6.66667],"texture":"#0"},"up":{"uv":[14,4,15.33333,5.33333],"texture":"#0"},"down":{"uv":[12.66667,4,14,5.33333],"rotation":180,"texture":"#0"}}},{"from":[4,32,14],"to":[12,32,22],"rotation":{"angle":22.5,"axis":"x","origin":[8,32,22]},"faces":{"north":{"uv":[0,0,2.66667,0],"texture":"#0"},"east":{"uv":[0,0,2.66667,0],"texture":"#0"},"south":{"uv":[0,0,2.66667,0],"texture":"#0"},"west":{"uv":[0,0,2.66667,0],"texture":"#0"},"up":{"uv":[0,5.66667,2.66667,8.33333],"texture":"#0"},"down":{"uv":[0,8.33333,2.66667,5.66667],"texture":"#0"}}},{"from":[-9,13,21.25],"to":[7,23,21.25],"rotation":{"angle":-22.5,"axis":"z","origin":[7,20,21]},"faces":{"north":{"uv":[8,5.66667,2.66667,9],"texture":"#0"},"east":{"uv":[0,0,0,3.33333],"texture":"#0"},"south":{"uv":[2.66667,5.66667,8,9],"texture":"#0"},"west":{"uv":[0,0,0,3.33333],"texture":"#0"},"up":{"uv":[0,0,5.33333,0],"texture":"#0"},"down":{"uv":[0,0,5.33333,0],"texture":"#0"}}},{"from":[3.75,-0.25,0],"to":[5.75,1.75,0],"rotation":{"angle":-45,"axis":"z","origin":[6,0,0]},"faces":{"north":{"uv":[15.33333,0,16,0.66667],"texture":"#0"},"east":{"uv":[0,0,0,0.66667],"texture":"#0"},"south":{"uv":[16,0,15.33333,0.66667],"texture":"#0"},"west":{"uv":[0,0,0,0.66667],"texture":"#0"},"up":{"uv":[0,0,0.66667,0],"texture":"#0"},"down":{"uv":[0,0,0.66667,0],"texture":"#0"}}},{"from":[8.25,0.25,0],"to":[10.25,2.25,0],"rotation":{"angle":-45,"axis":"z","origin":[10,0,0]},"faces":{"north":{"uv":[15.33333,0,16,0.66667],"texture":"#0"},"east":{"uv":[0,0,0,0.66667],"texture":"#0"},"south":{"uv":[16,0,15.33333,0.66667],"texture":"#0"},"west":{"uv":[0,0,0,0.66667],"texture":"#0"},"up":{"uv":[0,0,0.66667,0],"texture":"#0"},"down":{"uv":[0,0,0.66667,0],"texture":"#0"}}}]}