{"display":{"thirdperson_righthand":{"rotation":[75,45,0],"translation":[0,2.5,0],"scale":[0.2,0.2,0.2]},"thirdperson_lefthand":{"rotation":[75,45,0],"translation":[0,2.5,0],"scale":[0.2,0.2,0.2]},"firstperson_righthand":{"rotation":[0,45,0],"scale":[0.2,0.2,0.2]},"firstperson_lefthand":{"rotation":[0,45,0],"scale":[0.2,0.2,0.2]},"ground":{"translation":[0,3,0],"scale":[0.2,0.2,0.2]},"gui":{"rotation":[30,225,0],"translation":[0,-2,0],"scale":[0.6,0.6,0.6]},"head":{"scale":[3.3,3.3,3.3]},"fixed":{"translation":[0,-32,1.5],"scale":[4,4,4]}},"texture_size":[64,64],"textures":{"0":"decor/i_love_u","1":"font/ascii"},"elements":[{"from":[-8,0,8],"to":[24,16,8],"rotation":{"angle":0,"axis":"y","origin":[0,0,-0.25]},"faces":{"north":{"uv":[0,8,16,16],"texture":"#0"},"east":{"uv":[0,0,0,4],"texture":"#0"},"south":{"uv":[0,8,16,16],"texture":"#0"},"west":{"uv":[0,0,0,4],"texture":"#0"},"up":{"uv":[0,0,8,0],"texture":"#0"},"down":{"uv":[0,0,8,0],"texture":"#0"}}},{"from":[-8,0.25,7.95],"to":[24,16.25,7.95],"rotation":{"angle":0,"axis":"y","origin":[0,0,-0.25]},"faces":{"north":{"uv":[0,0,16,8],"texture":"#0"},"east":{"uv":[0,0,0,4],"texture":"#0"},"south":{"uv":[0,0,16,8],"texture":"#0"},"west":{"uv":[0,0,0,4],"texture":"#0"},"up":{"uv":[0,0,8,0],"texture":"#0"},"down":{"uv":[0,0,8,0],"texture":"#0"}}},{"from":[20,9.75,7.9],"to":[21.5,11.75,7.9],"rotation":{"angle":22.5,"axis":"z","origin":[20.5,10,7.5]},"faces":{"north":{"uv":[8.875,4,9.5,4.875],"texture":"#1"},"east":{"uv":[0,0,0,1.75],"texture":"#1"},"south":{"uv":[9.5,4,8.875,4.875],"texture":"#1"},"west":{"uv":[0,0,0,1.75],"texture":"#1"},"up":{"uv":[0,0,1.25,0],"texture":"#1"},"down":{"uv":[0,0,1.25,0],"texture":"#1"}}},{"from":[14.25,8.25,7.9],"to":[15.75,10.25,7.9],"rotation":{"angle":0,"axis":"y","origin":[0,0,-0.5]},"faces":{"north":{"uv":[12,4,12.625,4.875],"texture":"#1"},"east":{"uv":[0,0,0,1.75],"texture":"#1"},"south":{"uv":[12.625,4,12,4.875],"texture":"#1"},"west":{"uv":[0,0,0,1.75],"texture":"#1"},"up":{"uv":[0,0,1.25,0],"texture":"#1"},"down":{"uv":[0,0,1.25,0],"texture":"#1"}}},{"from":[9.75,7.5,7.9],"to":[11.25,9.5,7.9],"rotation":{"angle":0,"axis":"y","origin":[0,0,-0.5]},"faces":{"north":{"uv":[15,4,15.625,4.875],"texture":"#1"},"east":{"uv":[0,0,0,1.75],"texture":"#1"},"south":{"uv":[15.625,4,15,4.875],"texture":"#1"},"west":{"uv":[0,0,0,1.75],"texture":"#1"},"up":{"uv":[0,0,1.25,0],"texture":"#1"},"down":{"uv":[0,0,1.25,0],"texture":"#1"}}},{"from":[4.75,7.5,7.9],"to":[6.25,9.5,7.9],"rotation":{"angle":0,"axis":"y","origin":[0,0,-0.5]},"faces":{"north":{"uv":[6,5,6.625,5.875],"texture":"#1"},"east":{"uv":[0,0,0,1.75],"texture":"#1"},"south":{"uv":[6.625,5,6,5.875],"texture":"#1"},"west":{"uv":[0,0,0,1.75],"texture":"#1"},"up":{"uv":[0,0,1.25,0],"texture":"#1"},"down":{"uv":[0,0,1.25,0],"texture":"#1"}}},{"from":[0.25,8.25,7.9],"to":[1.75,10.25,7.9],"rotation":{"angle":0,"axis":"y","origin":[0,0,-0.5]},"faces":{"north":{"uv":[5,4,5.625,4.875],"texture":"#1"},"east":{"uv":[0,0,0,1.75],"texture":"#1"},"south":{"uv":[5.625,4,5,4.875],"texture":"#1"},"west":{"uv":[0,0,0,1.75],"texture":"#1"},"up":{"uv":[0,0,1.25,0],"texture":"#1"},"down":{"uv":[0,0,1.25,0],"texture":"#1"}}},{"from":[-5.5,9.75,7.9],"to":[-4,11.75,7.9],"rotation":{"angle":-22.5,"axis":"z","origin":[-4.5,10,7.5]},"faces":{"north":{"uv":[5,5,5.625,5.875],"texture":"#1"},"east":{"uv":[0,0,0,1.75],"texture":"#1"},"south":{"uv":[5.625,5,5,5.875],"texture":"#1"},"west":{"uv":[0,0,0,1.75],"texture":"#1"},"up":{"uv":[0,0,1.25,0],"texture":"#1"},"down":{"uv":[0,0,1.25,0],"texture":"#1"}}}]}