{"display":{"thirdperson_righthand":{"rotation":[75,0,0],"translation":[0,3,1],"scale":[0.375,0.375,0.375]},"thirdperson_lefthand":{"rotation":[75,0,0],"translation":[0,3,1],"scale":[0.375,0.375,0.375]},"firstperson_righthand":{"scale":[0.4,0.4,0.4]},"firstperson_lefthand":{"scale":[0.4,0.4,0.4]},"ground":{"translation":[0,3,0],"scale":[0.25,0.25,0.25]},"gui":{"rotation":[30,-180,0],"translation":[0,1.5,0],"scale":[0.55,0.55,0.55]},"head":{"scale":[1.65,1.65,1.65]},"fixed":{"rotation":[-90,0,0],"translation":[0,0,-14],"scale":[2,2,2]}},"texture_size":[32,32],"textures":{"0":"decor/present"},"elements":[{"from":[8,0,0],"to":[24,3,8],"rotation":{"angle":-45,"axis":"y","origin":[8,0,0]},"faces":{"north":{"uv":[0,4,8,5.5],"texture":"#0"},"east":{"uv":[8,1.5,12,3],"texture":"#0"},"south":{"uv":[8,0,16,1.5],"texture":"#0"},"west":{"uv":[0,4,4,5.5],"texture":"#0"},"up":{"uv":[8,4,0,0],"texture":"#0"},"down":{"uv":[8,0,0,4],"texture":"#0"}}},{"from":[7,3,-1],"to":[25,5,9],"rotation":{"angle":-45,"axis":"y","origin":[8,0,0]},"faces":{"north":{"uv":[9,10.5,0,11.5],"texture":"#0"},"east":{"uv":[9,5.5,14,6.5],"texture":"#0"},"south":{"uv":[0,11.5,9,12.5],"texture":"#0"},"west":{"uv":[0,10.5,5,11.5],"texture":"#0"},"up":{"uv":[0,5.5,9,10.5],"texture":"#0"},"down":{"uv":[0,0,8,4],"texture":"#0"}}},{"from":[8,0,8],"to":[16,3,16],"rotation":{"angle":-45,"axis":"y","origin":[8,0,0]},"faces":{"north":{"uv":[12,0,16,1.5],"texture":"#0"},"east":{"uv":[8,1.5,12,3],"texture":"#0"},"south":{"uv":[8,1.5,12,3],"texture":"#0"},"west":{"uv":[4,4,8,5.5],"texture":"#0"},"up":{"uv":[16,5.5,12,1.5],"texture":"#0"},"down":{"uv":[16,1.5,12,5.5],"texture":"#0"}}},{"from":[7,3,9],"to":[17,5,17],"rotation":{"angle":-45,"axis":"y","origin":[8,0,0]},"faces":{"north":{"uv":[9,10.5,14,11.5],"texture":"#0"},"east":{"uv":[8,3,12,4],"texture":"#0"},"south":{"uv":[9,10.5,14,11.5],"texture":"#0"},"west":{"uv":[5,10.5,9,11.5],"texture":"#0"},"up":{"uv":[9,6.5,14,10.5],"texture":"#0"},"down":{"uv":[12,1.5,16,5.5],"texture":"#0"}}},{"from":[8.5,6.25,6.5],"to":[11.5,6.25,9.5],"rotation":{"angle":-22.5,"axis":"z","origin":[9.5,6.25,7.75]},"faces":{"north":{"uv":[0,0,1.5,0],"texture":"#0"},"east":{"uv":[0,0,1.5,0],"texture":"#0"},"south":{"uv":[0,0,1.5,0],"texture":"#0"},"west":{"uv":[0,0,1.5,0],"texture":"#0"},"up":{"uv":[0,14,1.5,15.5],"rotation":270,"texture":"#0"},"down":{"uv":[0,14,1.5,15.5],"rotation":90,"texture":"#0"}}},{"from":[8.5,9.25,6.5],"to":[11.5,9.25,9.5],"rotation":{"angle":-22.5,"axis":"z","origin":[9.5,6.25,7.75]},"faces":{"north":{"uv":[0,0,1.5,0],"texture":"#0"},"east":{"uv":[0,0,1.5,0],"texture":"#0"},"south":{"uv":[0,0,1.5,0],"texture":"#0"},"west":{"uv":[0,0,1.5,0],"texture":"#0"},"up":{"uv":[0,14,1.5,15.5],"rotation":270,"texture":"#0"},"down":{"uv":[0,14,1.5,15.5],"rotation":90,"texture":"#0"}}},{"from":[8.5,6.25,6.5],"to":[8.5,9.25,9.5],"rotation":{"angle":-22.5,"axis":"z","origin":[9.5,6.25,7.75]},"faces":{"north":{"uv":[0,14,1.5,15.5],"texture":"#0"},"east":{"uv":[0,14,1.5,15.5],"texture":"#0"},"south":{"uv":[0,14,1.5,15.5],"texture":"#0"},"west":{"uv":[0,14,1.5,15.5],"texture":"#0"},"up":{"uv":[0,0,1.5,0],"rotation":270,"texture":"#0"},"down":{"uv":[0,0,1.5,0],"rotation":90,"texture":"#0"}}},{"from":[11.5,6.25,6.5],"to":[11.5,9.25,9.5],"rotation":{"angle":-22.5,"axis":"z","origin":[9.5,6.25,7.75]},"faces":{"north":{"uv":[0,14,1.5,15.5],"texture":"#0"},"east":{"uv":[0,14,1.5,15.5],"texture":"#0"},"south":{"uv":[0,14,1.5,15.5],"texture":"#0"},"west":{"uv":[0,14,1.5,15.5],"texture":"#0"},"up":{"uv":[0,0,1.5,0],"rotation":270,"texture":"#0"},"down":{"uv":[0,0,1.5,0],"rotation":90,"texture":"#0"}}},{"from":[4.5,6.25,6.5],"to":[7.5,6.25,9.5],"rotation":{"angle":22.5,"axis":"z","origin":[6.5,6.25,7.75]},"faces":{"north":{"uv":[0,0,1.5,0],"texture":"#0"},"east":{"uv":[0,0,1.5,0],"texture":"#0"},"south":{"uv":[0,0,1.5,0],"texture":"#0"},"west":{"uv":[0,0,1.5,0],"texture":"#0"},"up":{"uv":[0,14,1.5,15.5],"rotation":90,"texture":"#0"},"down":{"uv":[0,14,1.5,15.5],"rotation":270,"texture":"#0"}}},{"from":[7.5,6.25,6.5],"to":[7.5,9.25,9.5],"rotation":{"angle":22.5,"axis":"z","origin":[6.5,6.25,7.75]},"faces":{"north":{"uv":[0,14,1.5,15.5],"texture":"#0"},"east":{"uv":[0,14,1.5,15.5],"texture":"#0"},"south":{"uv":[0,14,1.5,15.5],"texture":"#0"},"west":{"uv":[0,14,1.5,15.5],"texture":"#0"},"up":{"uv":[0,0,1.5,0],"rotation":90,"texture":"#0"},"down":{"uv":[0,0,1.5,0],"rotation":270,"texture":"#0"}}},{"from":[4.5,9.25,6.5],"to":[7.5,9.25,9.5],"rotation":{"angle":22.5,"axis":"z","origin":[6.5,6.25,7.75]},"faces":{"north":{"uv":[0,0,1.5,0],"texture":"#0"},"east":{"uv":[0,0,1.5,0],"texture":"#0"},"south":{"uv":[0,0,1.5,0],"texture":"#0"},"west":{"uv":[0,0,1.5,0],"texture":"#0"},"up":{"uv":[0,14,1.5,15.5],"rotation":90,"texture":"#0"},"down":{"uv":[0,14,1.5,15.5],"rotation":270,"texture":"#0"}}},{"from":[4.5,6.25,6.5],"to":[4.5,9.25,9.5],"rotation":{"angle":22.5,"axis":"z","origin":[6.5,6.25,7.75]},"faces":{"north":{"uv":[0,14,1.5,15.5],"texture":"#0"},"east":{"uv":[0,14,1.5,15.5],"texture":"#0"},"south":{"uv":[0,14,1.5,15.5],"texture":"#0"},"west":{"uv":[0,14,1.5,15.5],"texture":"#0"},"up":{"uv":[0,0,1.5,0],"rotation":90,"texture":"#0"},"down":{"uv":[0,0,1.5,0],"rotation":270,"texture":"#0"}}},{"from":[4,5.5,-1],"to":[12,5.5,7],"rotation":{"angle":22.5,"axis":"x","origin":[8,5.5,8]},"faces":{"north":{"uv":[0,0,4,0],"texture":"#0"},"east":{"uv":[0,0,4,0],"texture":"#0"},"south":{"uv":[0,0,4,0],"texture":"#0"},"west":{"uv":[0,0,4,0],"texture":"#0"},"up":{"uv":[9,11.5,13,15.5],"texture":"#0"},"down":{"uv":[9,15.5,13,11.5],"texture":"#0"}}},{"from":[12,5,4],"to":[15,6,7],"rotation":{"angle":-45,"axis":"y","origin":[8,0,0]},"faces":{"north":{"uv":[1.5,12.5,3,13],"texture":"#0"},"east":{"uv":[1.5,12.5,3,13],"texture":"#0"},"south":{"uv":[1.5,12.5,3,13],"texture":"#0"},"west":{"uv":[1.5,12.5,3,13],"texture":"#0"},"up":{"uv":[0,12.5,1.5,14],"texture":"#0"},"down":{"uv":[0,12.5,1.5,14],"texture":"#0"}}}]}