{"display":{"thirdperson_righthand":{"rotation":[60,-180,0],"translation":[2.5,12,21]},"thirdperson_lefthand":{"rotation":[60,0,0],"translation":[2.5,10,21.5]},"firstperson_righthand":{"rotation":[0,45,0],"translation":[4.5,20,0]},"firstperson_lefthand":{"rotation":[0,45,0],"translation":[4.5,20,0]},"ground":{"translation":[0,3,0],"scale":[0.15,0.15,0.15]},"gui":{"rotation":[30,225,0],"scale":[0.3,0.3,0.3]},"head":{"scale":[1.65,1.65,1.65]},"fixed":{"rotation":[-90,0,-10],"translation":[4,0,-46],"scale":[2,2,2]}},"texture_size":[32,32],"textures":{"0":"decor/red_balloons"},"elements":[{"from":[10.5,23.5,4],"to":[18.5,31.5,12],"rotation":{"angle":45,"axis":"z","origin":[11,16,8]},"faces":{"north":{"uv":[8,4,12,8],"texture":"#0"},"east":{"uv":[4,8,8,12],"rotation":270,"texture":"#0"},"south":{"uv":[12,4,8,8],"texture":"#0"},"west":{"uv":[0,4,4,8],"texture":"#0"},"up":{"uv":[12,4,8,0],"texture":"#0"},"down":{"uv":[16,0,12,4],"texture":"#0"}}},{"from":[10.5,15.5,4],"to":[26.5,23.5,12],"rotation":{"angle":45,"axis":"z","origin":[11,16,8]},"faces":{"north":{"uv":[8,0,0,4],"texture":"#0"},"east":{"uv":[8,4,12,0],"rotation":90,"texture":"#0"},"south":{"uv":[0,0,8,4],"texture":"#0"},"west":{"uv":[4,4,8,8],"texture":"#0"},"up":{"uv":[0,8,8,12],"texture":"#0"},"down":{"uv":[16,8,8,12],"texture":"#0"}}},{"from":[7,9.75,7.75],"to":[15,17.75,7.75],"rotation":{"angle":0,"axis":"y","origin":[11,16,8]},"faces":{"north":{"uv":[12,8,16,4],"texture":"#0"},"east":{"uv":[0,0,0,4],"texture":"#0"},"south":{"uv":[16,8,12,4],"texture":"#0"},"west":{"uv":[0,0,0,4],"texture":"#0"},"up":{"uv":[0,0,4,0],"texture":"#0"},"down":{"uv":[0,0,4,0],"texture":"#0"}}},{"from":[7,9.75,8.25],"to":[15,17.75,8.25],"rotation":{"angle":0,"axis":"y","origin":[11,16,8]},"faces":{"north":{"uv":[12,8,16,4],"texture":"#0"},"east":{"uv":[0,0,0,4],"texture":"#0"},"south":{"uv":[16,8,12,4],"texture":"#0"},"west":{"uv":[0,0,0,4],"texture":"#0"},"up":{"uv":[0,0,4,0],"texture":"#0"},"down":{"uv":[0,0,4,0],"texture":"#0"}}},{"from":[10.5,-16,8],"to":[11.5,16,8],"rotation":{"angle":0,"axis":"y","origin":[3,0,0]},"faces":{"north":{"uv":[0,15.5,16,16],"rotation":90,"texture":"#0"},"east":{"uv":[0,0,0,12],"texture":"#0"},"south":{"uv":[0,15.5,16,16],"rotation":90,"texture":"#0"},"west":{"uv":[0,0,0,12],"texture":"#0"},"up":{"uv":[0,0,0.5,0],"texture":"#0"},"down":{"uv":[0,0,0.5,0],"texture":"#0"}}},{"from":[-16,4.75,2],"to":[-8,12.75,10],"rotation":{"angle":-22.5,"axis":"z","origin":[3,0,-2]},"faces":{"north":{"uv":[8,4,12,8],"rotation":90,"texture":"#0"},"east":{"uv":[16,0,12,4],"rotation":270,"texture":"#0"},"south":{"uv":[12,4,8,8],"rotation":270,"texture":"#0"},"west":{"uv":[12,4,8,0],"rotation":270,"texture":"#0"},"up":{"uv":[4,8,8,12],"rotation":180,"texture":"#0"},"down":{"uv":[0,4,4,8],"rotation":270,"texture":"#0"}}},{"from":[-8,4.75,2],"to":[0,20.75,10],"rotation":{"angle":-22.5,"axis":"z","origin":[3,0,-2]},"faces":{"north":{"uv":[8,0,0,4],"rotation":90,"texture":"#0"},"east":{"uv":[16,8,8,12],"rotation":270,"texture":"#0"},"south":{"uv":[0,0,8,4],"rotation":270,"texture":"#0"},"west":{"uv":[0,8,8,12],"rotation":270,"texture":"#0"},"up":{"uv":[8,4,12,0],"texture":"#0"},"down":{"uv":[4,4,8,8],"rotation":270,"texture":"#0"}}},{"from":[10.5,-16,6],"to":[11.5,8,6],"rotation":{"angle":22.5,"axis":"z","origin":[11,-16,6]},"faces":{"north":{"uv":[0,15.5,12,16],"rotation":90,"texture":"#0"},"east":{"uv":[0,0,0,12],"texture":"#0"},"south":{"uv":[0,15.5,12,16],"rotation":90,"texture":"#0"},"west":{"uv":[0,0,0,12],"texture":"#0"},"up":{"uv":[0,0,0.5,0],"texture":"#0"},"down":{"uv":[0,0,0.5,0],"texture":"#0"}}},{"from":[7,1,5.75],"to":[15,9,5.75],"rotation":{"angle":22.5,"axis":"z","origin":[11,-16,6]},"faces":{"north":{"uv":[12,8,16,4],"texture":"#0"},"east":{"uv":[0,0,0,4],"texture":"#0"},"south":{"uv":[16,8,12,4],"texture":"#0"},"west":{"uv":[0,0,0,4],"texture":"#0"},"up":{"uv":[0,0,4,0],"texture":"#0"},"down":{"uv":[0,0,4,0],"texture":"#0"}}},{"from":[7,1,6.25],"to":[15,9,6.25],"rotation":{"angle":22.5,"axis":"z","origin":[11,-16,6]},"faces":{"north":{"uv":[12,8,16,4],"texture":"#0"},"east":{"uv":[0,0,0,4],"texture":"#0"},"south":{"uv":[16,8,12,4],"texture":"#0"},"west":{"uv":[0,0,0,4],"texture":"#0"},"up":{"uv":[0,0,4,0],"texture":"#0"},"down":{"uv":[0,0,4,0],"texture":"#0"}}}]}