{
    "providers": [
        {
            "file": "icons/ranks/owner.png",
            "chars": [
                "𮯡"
            ],
            "height": 9,
            "ascent": 8,
            "type": "bitmap"
        },
        {
            "file": "icons/ranks/admin.png",
            "chars": [
                "𮯢"
            ],
            "height": 9,
            "ascent": 8,
            "type": "bitmap"
        },
        {
            "file": "icons/ranks/youtuber.png",
            "chars": [
                "𮯣"
            ],
            "height": 9,
            "ascent": 8,
            "type": "bitmap"
        },
        {
            "file": "icons/ranks/helper.png",
            "chars": [
                "𮯤"
            ],
            "height": 9,
            "ascent": 8,
            "type": "bitmap"
        },
        {
            "file": "icons/ranks/builder.png",
            "chars": [
                "𮯥"
            ],
            "height": 9,
            "ascent": 8,
            "type": "bitmap"
        },
        {
            "file": "icons/ranks/rvipplus.png",
            "chars": [
                "𮯦"
            ],
            "height": 9,
            "ascent": 8,
            "type": "bitmap"
        },
        {
            "file": "icons/ranks/rvip.png",
            "chars": [
                "𮯧"
            ],
            "height": 9,
            "ascent": 8,
            "type": "bitmap"
        },
        {
            "file": "icons/ranks/mvipplus.png",
            "chars": [
                "𮯨"
            ],
            "height": 9,
            "ascent": 8,
            "type": "bitmap"
        },
        {
            "file": "icons/ranks/mvip.png",
            "chars": [
                "𮯩"
            ],
            "height": 9,
            "ascent": 8,
            "type": "bitmap"
        },
        {
            "file": "icons/ranks/vipplus.png",
            "chars": [
                "𮯪"
            ],
            "height": 9,
            "ascent": 8,
            "type": "bitmap"
        },
        {
            "file": "icons/ranks/vip.png",
            "chars": [
                "𮯫"
            ],
            "height": 9,
            "ascent": 8,
            "type": "bitmap"
        },
        {
            "file": "icons/ranks/rskyplus.png",
            "chars": [
                "󟧔"
            ],
            "height": 9,
            "ascent": 8,
            "type": "bitmap"
        },
        {
            "file": "icons/ranks/rsky.png",
            "chars": [
                "󟧓"
            ],
            "height": 9,
            "ascent": 8,
            "type": "bitmap"
        },
        {
            "file": "icons/ranks/mskyplus.png",
            "chars": [
                "󟧒"
            ],
            "height": 9,
            "ascent": 8,
            "type": "bitmap"
        },
        {
            "file": "icons/ranks/msky.png",
            "chars": [
                "󟧑"
            ],
            "height": 9,
            "ascent": 8,
            "type": "bitmap"
        },
        {
            "file": "icons/ranks/skyplus.png",
            "chars": [
                "󟧐"
            ],
            "height": 9,
            "ascent": 8,
            "type": "bitmap"
        },
        {
            "file": "icons/ranks/sky.png",
            "chars": [
                "󟧏"
            ],
            "height": 9,
            "ascent": 8,
            "type": "bitmap"
        },
        {
            "file": "icons/ranks/player.png",
            "chars": [
                "𮯱"
            ],
            "height": 9,
            "ascent": 8,
            "type": "bitmap"
        },
        {
            "file": "icons/ranks/ownericon.png",
            "chars": [
                "𮯲"
            ],
            "height": 9,
            "ascent": 8,
            "type": "bitmap"
        },
        {
            "file": "icons/ranks/adminicon.png",
            "chars": [
                "𮯳"
            ],
            "height": 9,
            "ascent": 8,
            "type": "bitmap"
        },
        {
            "file": "icons/ranks/youtubericon.png",
            "chars": [
                "𮯴"
            ],
            "height": 9,
            "ascent": 8,
            "type": "bitmap"
        },
        {
            "file": "icons/ranks/helpericon.png",
            "chars": [
                "𮯵"
            ],
            "height": 9,
            "ascent": 8,
            "type": "bitmap"
        },
        {
            "file": "icons/ranks/buildericon.png",
            "chars": [
                "𮯶"
            ],
            "height": 9,
            "ascent": 8,
            "type": "bitmap"
        },
        {
            "file": "icons/ranks/rvipplusicon.png",
            "chars": [
                "𮯷"
            ],
            "height": 9,
            "ascent": 8,
            "type": "bitmap"
        },
        {
            "file": "icons/ranks/rvipicon.png",
            "chars": [
                "𮯸"
            ],
            "height": 9,
            "ascent": 8,
            "type": "bitmap"
        },
        {
            "file": "icons/ranks/mvipplusicon.png",
            "chars": [
                "𮯹"
            ],
            "height": 9,
            "ascent": 8,
            "type": "bitmap"
        },
        {
            "file": "icons/ranks/mvipicon.png",
            "chars": [
                "𮯺"
            ],
            "height": 9,
            "ascent": 8,
            "type": "bitmap"
        },
        {
            "file": "icons/ranks/vipplusicon.png",
            "chars": [
                "𮯻"
            ],
            "height": 9,
            "ascent": 8,
            "type": "bitmap"
        },
        {
            "file": "icons/ranks/vipicon.png",
            "chars": [
                "󟧻"
            ],
            "height": 9,
            "ascent": 8,
            "type": "bitmap"
        },
        {
            "file": "icons/ranks/rskyplusicon.png",
            "chars": [
                "󟧛"
            ],
            "height": 9,
            "ascent": 8,
            "type": "bitmap"
        },
        {
            "file": "icons/ranks/rskyicon.png",
            "chars": [
                "󟧚"
            ],
            "height": 9,
            "ascent": 8,
            "type": "bitmap"
        },
        {
            "file": "icons/ranks/mskyplusicon.png",
            "chars": [
                "󟧙"
            ],
            "height": 9,
            "ascent": 8,
            "type": "bitmap"
        },
        {
            "file": "icons/ranks/mskyicon.png",
            "chars": [
                "󟧘"
            ],
            "height": 9,
            "ascent": 8,
            "type": "bitmap"
        },
        {
            "file": "icons/ranks/skyplusicon.png",
            "chars": [
                "󟧗"
            ],
            "height": 9,
            "ascent": 8,
            "type": "bitmap"
        },
        {
            "file": "icons/ranks/skyicon.png",
            "chars": [
                "󟧖"
            ],
            "height": 9,
            "ascent": 8,
            "type": "bitmap"
        },
        {
            "file": "icons/ranks/playericon.png",
            "chars": [
                "𮰂"
            ],
            "height": 9,
            "ascent": 8,
            "type": "bitmap"
        },
        {
            "file": "icons/scoreboard/region.png",
            "chars": [
                "𮰈"
            ],
            "height": 9,
            "ascent": 9,
            "type": "bitmap"
        },
        {
            "file": "icons/scoreboard/money.png",
            "chars": [
                "𮰋"
            ],
            "height": 9,
            "ascent": 9,
            "type": "bitmap"
        },
        {
            "file": "icons/scoreboard/fly.png",
            "chars": [
                "𮰊"
            ],
            "height": 9,
            "ascent": 9,
            "type": "bitmap"
        },
        {
            "file": "icons/scoreboard/islandlevel.png",
            "chars": [
                "𮰃"
            ],
            "height": 9,
            "ascent": 9,
            "type": "bitmap"
        },
        {
            "file": "icons/scoreboard/islandphase.png",
            "chars": [
                "𮰄"
            ],
            "height": 9,
            "ascent": 9,
            "type": "bitmap"
        },
        {
            "file": "icons/scoreboard/phasecount.png",
            "chars": [
                "𮰇"
            ],
            "height": 9,
            "ascent": 9,
            "type": "bitmap"
        },
        {
            "file": "icons/scoreboard/event.png",
            "chars": [
                "𮰅"
            ],
            "height": 9,
            "ascent": 9,
            "type": "bitmap"
        },
        {
            "file": "icons/scoreboard/eventtime.png",
            "chars": [
                "𮰆"
            ],
            "height": 9,
            "ascent": 9,
            "type": "bitmap"
        },
        {
            "file": "icons/scoreboard/nextphase.png",
            "chars": [
                "𮰉"
            ],
            "height": 9,
            "ascent": 9,
            "type": "bitmap"
        },
        {
            "file": "icons/esc_main.png",
            "chars": [
                "򫥥"
            ],
            "height": 256,
            "ascent": -10,
            "type": "bitmap"
        },
        {
            "file": "icons/esc_footer.png",
            "chars": [
                "𮰍"
            ],
            "height": 108,
            "ascent": 7,
            "type": "bitmap"
        },
        {
            "file": "icons/esc_header.png",
            "chars": [
                ""
            ],
            "height": 90,
            "ascent": 89,
            "type": "bitmap"
        },
        {
            "file": "icons/badges/iron1.png",
            "chars": [
                "𮰎"
            ],
            "height": 9,
            "ascent": 7,
            "type": "bitmap"
        },
        {
            "file": "icons/badges/iron2.png",
            "chars": [
                "𮰏"
            ],
            "height": 9,
            "ascent": 7,
            "type": "bitmap"
        },
        {
            "file": "icons/badges/iron3.png",
            "chars": [
                "𮰐"
            ],
            "height": 9,
            "ascent": 7,
            "type": "bitmap"
        },
        {
            "file": "icons/badges/gold1.png",
            "chars": [
                "𮰑"
            ],
            "height": 9,
            "ascent": 7,
            "type": "bitmap"
        },
        {
            "file": "icons/badges/gold2.png",
            "chars": [
                "𮰒"
            ],
            "height": 9,
            "ascent": 7,
            "type": "bitmap"
        },
        {
            "file": "icons/badges/gold3.png",
            "chars": [
                "𮰓"
            ],
            "height": 9,
            "ascent": 7,
            "type": "bitmap"
        },
        {
            "file": "icons/badges/diamond1.png",
            "chars": [
                "𮰔"
            ],
            "height": 9,
            "ascent": 7,
            "type": "bitmap"
        },
        {
            "file": "icons/badges/diamond2.png",
            "chars": [
                "𮰕"
            ],
            "height": 9,
            "ascent": 7,
            "type": "bitmap"
        },
        {
            "file": "icons/badges/diamond3.png",
            "chars": [
                "𮰖"
            ],
            "height": 9,
            "ascent": 7,
            "type": "bitmap"
        },
        {
            "file": "icons/badges/emerald1.png",
            "chars": [
                "𮰗"
            ],
            "height": 9,
            "ascent": 7,
            "type": "bitmap"
        },
        {
            "file": "icons/badges/emerald2.png",
            "chars": [
                "𮰘"
            ],
            "height": 9,
            "ascent": 7,
            "type": "bitmap"
        },
        {
            "file": "icons/badges/emerald3.png",
            "chars": [
                "𮰙"
            ],
            "height": 9,
            "ascent": 7,
            "type": "bitmap"
        },
        {
            "file": "icons/badges/netherite1.png",
            "chars": [
                "𮰚"
            ],
            "height": 9,
            "ascent": 7,
            "type": "bitmap"
        },
        {
            "file": "icons/badges/netherite2.png",
            "chars": [
                "𮰛"
            ],
            "height": 9,
            "ascent": 7,
            "type": "bitmap"
        },
        {
            "file": "icons/badges/netherite3.png",
            "chars": [
                "𮰜"
            ],
            "height": 9,
            "ascent": 7,
            "type": "bitmap"
        },
        {
            "file": "icons/badges/vip1.png",
            "chars": [
                "𮰝"
            ],
            "height": 9,
            "ascent": 7,
            "type": "bitmap"
        },
        {
            "file": "icons/badges/vip2.png",
            "chars": [
                "𮰞"
            ],
            "height": 9,
            "ascent": 7,
            "type": "bitmap"
        },
        {
            "file": "icons/badges/vip3.png",
            "chars": [
                "𮰟"
            ],
            "height": 9,
            "ascent": 7,
            "type": "bitmap"
        },
        {
            "file": "icons/badges/vipplus1.png",
            "chars": [
                "𮰠"
            ],
            "height": 9,
            "ascent": 7,
            "type": "bitmap"
        },
        {
            "file": "icons/badges/vipplus2.png",
            "chars": [
                "𮰡"
            ],
            "height": 9,
            "ascent": 7,
            "type": "bitmap"
        },
        {
            "file": "icons/badges/vipplus3.png",
            "chars": [
                "𮰢"
            ],
            "height": 9,
            "ascent": 7,
            "type": "bitmap"
        },
        {
            "file": "icons/badges/mvip1.png",
            "chars": [
                "𮰣"
            ],
            "height": 9,
            "ascent": 7,
            "type": "bitmap"
        },
        {
            "file": "icons/badges/mvip2.png",
            "chars": [
                "𮰤"
            ],
            "height": 9,
            "ascent": 7,
            "type": "bitmap"
        },
        {
            "file": "icons/badges/mvip3.png",
            "chars": [
                "𮰥"
            ],
            "height": 9,
            "ascent": 7,
            "type": "bitmap"
        },
        {
            "file": "icons/badges/mvipplus1.png",
            "chars": [
                "𮰦"
            ],
            "height": 9,
            "ascent": 7,
            "type": "bitmap"
        },
        {
            "file": "icons/badges/mvipplus2.png",
            "chars": [
                "𮰧"
            ],
            "height": 9,
            "ascent": 7,
            "type": "bitmap"
        },
        {
            "file": "icons/badges/mvipplus3.png",
            "chars": [
                "𮰨"
            ],
            "height": 9,
            "ascent": 7,
            "type": "bitmap"
        },
        {
            "file": "icons/badges/rvip1.png",
            "chars": [
                "𮰩"
            ],
            "height": 9,
            "ascent": 7,
            "type": "bitmap"
        },
        {
            "file": "icons/badges/rvip2.png",
            "chars": [
                "𮰪"
            ],
            "height": 9,
            "ascent": 7,
            "type": "bitmap"
        },
        {
            "file": "icons/badges/rvip3.png",
            "chars": [
                "𮰫"
            ],
            "height": 9,
            "ascent": 7,
            "type": "bitmap"
        },
        {
            "file": "icons/badges/rvipplus1.png",
            "chars": [
                "𮰬"
            ],
            "height": 9,
            "ascent": 7,
            "type": "bitmap"
        },
        {
            "file": "icons/badges/rvipplus2.png",
            "chars": [
                "𮰭"
            ],
            "height": 9,
            "ascent": 7,
            "type": "bitmap"
        },
        {
            "file": "icons/badges/rvipplus3.png",
            "chars": [
                "𮰮"
            ],
            "height": 9,
            "ascent": 7,
            "type": "bitmap"
        },
        {
            "file": "icons/badges/rvipplus4.png",
            "chars": [
                "𮰯"
            ],
            "height": 9,
            "ascent": 7,
            "type": "bitmap"
        },
        {
            "file": "icons/badges/rvipplus5.png",
            "chars": [
                "𮰰"
            ],
            "height": 9,
            "ascent": 7,
            "type": "bitmap"
        },
        {
            "file": "icons/badges/rvipplus6.png",
            "chars": [
                "𮰱"
            ],
            "height": 9,
            "ascent": 9,
            "type": "bitmap"
        },
        {
            "file": "icons/envoy/rarebox.png",
            "chars": [
                "𮰲"
            ],
            "height": 9,
            "ascent": 8,
            "type": "bitmap"
        },
        {
            "file": "icons/envoy/epicbox.png",
            "chars": [
                "𮰳"
            ],
            "height": 9,
            "ascent": 8,
            "type": "bitmap"
        },
        {
            "file": "icons/envoy/legendarybox.png",
            "chars": [
                "𮰴"
            ],
            "height": 9,
            "ascent": 8,
            "type": "bitmap"
        },
        {
            "file": "icons/crate/commonitem.png",
            "chars": [
                "𮰵"
            ],
            "height": 9,
            "ascent": 6,
            "type": "bitmap"
        },
        {
            "file": "icons/crate/rareitem.png",
            "chars": [
                "𮰶"
            ],
            "height": 9,
            "ascent": 6,
            "type": "bitmap"
        },
        {
            "file": "icons/crate/epicitem.png",
            "chars": [
                "𮰷"
            ],
            "height": 9,
            "ascent": 6,
            "type": "bitmap"
        },
        {
            "file": "icons/crate/legendaryitem.png",
            "chars": [
                "𮰸"
            ],
            "height": 9,
            "ascent": 6,
            "type": "bitmap"
        },
        {
            "file": "icons/other/title.png",
            "chars": [
                "𮰹"
            ],
            "height": 45,
            "ascent": 38,
            "type": "bitmap"
        },
        {
            "file": "icons/other/title.png",
            "chars": [
                "𮰺"
            ],
            "height": 100,
            "ascent": 30,
            "type": "bitmap"
        },
        {
            "file": "icons/other/title.png",
            "chars": [
                "𮰻"
            ],
            "height": 80,
            "ascent": 25,
            "type": "bitmap"
        },
        {
            "type": "bitmap",
            "file": "minecraft:font/nan2uu.png",
            "height": 8,
            "ascent": 8,
            "chars": [
                "\uD83C\uDFA9\uD83D\uDC5E\uD83D\uDC56\uD83D\uDC80\uD83C\uDF1F\uD83D\uDD1D\uD83D\uDC62\uD83D\uDD17\uD83D\uDCA7\uD83D\uDC95\uD83D\uDCAA\uD83D\uDD0B\u2764\ud83d\udd25"
            ]
        },
        {
            "type": "bitmap",
            "file": "minecraft:font/nan2uu_x.png",
            "ascent": 7,
            "chars": [
                "\uD83D\uDEE1\uD83D\uDC89\uD83D\uDD31\ud83d\udde1\ud83c\udff9\ud83c\udfa3\u26cf\u23f3\u263d\u26e8\u2620\u2602\uD83D\uDCAD"
            ]
        },
        {
            "type": "bitmap",
            "file": "minecraft:font/nan2uu_d.png",
            "height": 7,
            "ascent": 7,
            "chars": [
                "\ud83c\udf40"
            ]
        },
        {
            "type": "bitmap",
            "file": "minecraft:font/nan2uu_sw.png",
            "height": 9,
            "ascent": 7.5,
            "chars": [
                "\ud83e\udd69\ud83e\udd53\ud83e\udd6b\ud83c\udf62\ud83c\udf61"
            ]
        },
        {
            "type": "bitmap",
            "file": "minecraft:font/end_chest_gui.png",
            "height": 71,
            "ascent": 13,
            "chars": [
                "\ud83d\udcd8"
            ]
        },
        {
            "type": "bitmap",
            "file": "minecraft:font/chest_gui.png",
            "height": 71,
            "ascent": 13,
            "chars": [
                "\ud83d\udcd9"
            ]
        },
        {
            "type": "bitmap",
            "file": "minecraft:font/large_chest_gui.png",
            "height": 125,
            "ascent": 13,
            "chars": [
                "\ud83d\udcd6"
            ]
        },
        {
            "type": "bitmap",
            "file": "minecraft:font/barrel_gui.png",
            "height": 71,
            "ascent": 13,
            "chars": [
                "\ud83d\udcd7"
            ]
        },
        {   
            "type":"bitmap",
            "file":"font/suojin.png",
            "height":-10,
            "ascent":-77777,
            "chars":[
                "\uf808"
            ]
        }
    ]    
}