{
    "sources": [
        {
            "type": "directory",
            "source": "items",
            "prefix": "items/"
        },
        {
            "type": "directory",
            "source": "christmas",
            "prefix": "christmas/"
        },
        {
            "type": "directory",
            "source": "pets",
            "prefix": "pets/"
        },
        {
            "type": "directory",
            "source": "wing",
            "prefix": "wing/"
        },
        {
            "type": "directory",
            "source": "decor",
            "prefix": "decor/"
        },
        {
            "type": "directory",
            "source": "entity",
            "prefix": "entity/"
        },
        {
            "type": "directory",
            "source": "font",
            "prefix": "font/"
        },
        {
            "type": "directory",
            "source": "statue",
            "prefix": "statue/"
        }
    ]
}